participant_id,session_id,name,value
1,1,Sex_0,0
1,1,age,20
1,1,edu,16
1,1,income_0,1
1,1,motivation_1,100
1,1,diagnosis_2,1
1,1,meds_3,1
1,1,BIG5_SF_0,4
1,1,BIG5_SF_1,4
1,1,BIG5_SF_2,0
1,1,BIG5_SF_3,4
1,1,BIG5_SF_4,4
1,1,BIG5_SF_5,1
1,1,BIG5_SF_6,0
1,1,BIG5_SF_7,1
1,1,BIG5_SF_8,0
1,1,BIG5_SF_9,3
1,1,BIG5_SF_10,3
1,1,BIG5_SF_11,3
1,1,BIG5_SF_12,4
1,1,BIG5_SF_13,1
1,1,BIG5_SF_14,3
1,1,BIG5_SF_15,2
1,1,BIG5_SF_16,0
1,1,BIG5_SF_17,4
1,1,BIG5_SF_18,3
1,1,BIG5_SF_19,1
1,1,BIG5_SF_20,2
1,1,BIG5_SF_21,4
1,1,BIG5_SF_22,3
1,1,BIG5_SF_23,4
1,1,BIG5_SF_24,3
1,1,BIG5_SF_25,1
1,1,BIG5_SF_26,0
1,1,BIG5_SF_27,0
1,1,BIG5_SF_28,0
1,1,BIG5_SF_29,1
1,1,I_8_0,1
1,1,I_8_1,3
1,1,I_8_2,3
1,1,I_8_3,4
1,1,I_8_4,1
1,1,I_8_5,3
1,1,I_8_6,3
1,1,I_8_7,3
1,1,PID5_BF_0,0
1,1,PID5_BF_1,0
1,1,PID5_BF_2,0
1,1,PID5_BF_3,1
1,1,PID5_BF_4,0
1,1,PID5_BF_5,1
1,1,PID5_BF_6,0
1,1,PID5_BF_7,2
1,1,PID5_BF_8,2
1,1,PID5_BF_9,1
1,1,PID5_BF_10,2
1,1,PID5_BF_11,0
1,1,PID5_BF_12,0
1,1,PID5_BF_13,0
1,1,PID5_BF_14,2
1,1,PID5_BF_15,0
1,1,PID5_BF_16,0
1,1,PID5_BF_17,0
1,1,PID5_BF_18,0
1,1,PID5_BF_19,0
1,1,PID5_BF_20,0
1,1,PID5_BF_21,0
1,1,PID5_BF_22,0
1,1,PID5_BF_23,0
1,1,PID5_BF_24,0
1,1,rt,6.751016666666667
1,1,attention_2,0
1,1,idx,1
1,1,rwn,1
2,1,Sex_0,0
2,1,age,24
2,1,edu,12
2,1,income_0,6
2,1,motivation_1,71
2,1,diagnosis_2,1
2,1,meds_3,1
2,1,BIG5_SF_0,3
2,1,BIG5_SF_1,4
2,1,BIG5_SF_2,3
2,1,BIG5_SF_3,4
2,1,BIG5_SF_4,2
2,1,BIG5_SF_5,1
2,1,BIG5_SF_6,0
2,1,BIG5_SF_7,2
2,1,BIG5_SF_8,2
2,1,BIG5_SF_9,0
2,1,BIG5_SF_10,3
2,1,BIG5_SF_11,3
2,1,BIG5_SF_12,4
2,1,BIG5_SF_13,2
2,1,BIG5_SF_14,3
2,1,BIG5_SF_15,1
2,1,BIG5_SF_16,1
2,1,BIG5_SF_17,1
2,1,BIG5_SF_18,0
2,1,BIG5_SF_19,2
2,1,BIG5_SF_20,3
2,1,BIG5_SF_21,4
2,1,BIG5_SF_22,3
2,1,BIG5_SF_23,2
2,1,BIG5_SF_24,4
2,1,BIG5_SF_25,1
2,1,BIG5_SF_26,2
2,1,BIG5_SF_27,1
2,1,BIG5_SF_28,0
2,1,BIG5_SF_29,1
2,1,I_8_0,1
2,1,I_8_1,3
2,1,I_8_2,3
2,1,I_8_3,3
2,1,I_8_4,1
2,1,I_8_5,0
2,1,I_8_6,2
2,1,I_8_7,3
2,1,PID5_BF_0,0
2,1,PID5_BF_1,1
2,1,PID5_BF_2,2
2,1,PID5_BF_3,2
2,1,PID5_BF_4,0
2,1,PID5_BF_5,2
2,1,PID5_BF_6,1
2,1,PID5_BF_7,3
2,1,PID5_BF_8,3
2,1,PID5_BF_9,2
2,1,PID5_BF_10,1
2,1,PID5_BF_11,0
2,1,PID5_BF_12,1
2,1,PID5_BF_13,0
2,1,PID5_BF_14,0
2,1,PID5_BF_15,2
2,1,PID5_BF_16,0
2,1,PID5_BF_17,0
2,1,PID5_BF_18,2
2,1,PID5_BF_19,0
2,1,PID5_BF_20,3
2,1,PID5_BF_21,0
2,1,PID5_BF_22,2
2,1,PID5_BF_23,3
2,1,PID5_BF_24,0
2,1,rt,17.358133333333335
2,1,attention_2,0
2,1,idx,2
2,1,rwn,1
3,1,Sex_0,0
3,1,age,60
3,1,edu,14
3,1,income_0,6
3,1,motivation_1,100
3,1,diagnosis_2,1
3,1,meds_3,1
3,1,BIG5_SF_0,3
3,1,BIG5_SF_1,2
3,1,BIG5_SF_2,0
3,1,BIG5_SF_3,0
3,1,BIG5_SF_4,1
3,1,BIG5_SF_5,3
3,1,BIG5_SF_6,0
3,1,BIG5_SF_7,3
3,1,BIG5_SF_8,0
3,1,BIG5_SF_9,1
3,1,BIG5_SF_10,2
3,1,BIG5_SF_11,3
3,1,BIG5_SF_12,4
3,1,BIG5_SF_13,4
3,1,BIG5_SF_14,2
3,1,BIG5_SF_15,1
3,1,BIG5_SF_16,3
3,1,BIG5_SF_17,3
3,1,BIG5_SF_18,4
3,1,BIG5_SF_19,4
3,1,BIG5_SF_20,1
3,1,BIG5_SF_21,4
3,1,BIG5_SF_22,3
3,1,BIG5_SF_23,4
3,1,BIG5_SF_24,3
3,1,BIG5_SF_25,3
3,1,BIG5_SF_26,2
3,1,BIG5_SF_27,1
3,1,BIG5_SF_28,1
3,1,BIG5_SF_29,3
3,1,I_8_0,1
3,1,I_8_1,1
3,1,I_8_2,3
3,1,I_8_3,3
3,1,I_8_4,3
3,1,I_8_5,3
3,1,I_8_6,1
3,1,I_8_7,1
3,1,PID5_BF_0,0
3,1,PID5_BF_1,0
3,1,PID5_BF_2,0
3,1,PID5_BF_3,1
3,1,PID5_BF_4,0
3,1,PID5_BF_5,1
3,1,PID5_BF_6,2
3,1,PID5_BF_7,0
3,1,PID5_BF_8,0
3,1,PID5_BF_9,0
3,1,PID5_BF_10,2
3,1,PID5_BF_11,0
3,1,PID5_BF_12,2
3,1,PID5_BF_13,2
3,1,PID5_BF_14,2
3,1,PID5_BF_15,3
3,1,PID5_BF_16,1
3,1,PID5_BF_17,2
3,1,PID5_BF_18,0
3,1,PID5_BF_19,0
3,1,PID5_BF_20,2
3,1,PID5_BF_21,0
3,1,PID5_BF_22,2
3,1,PID5_BF_23,1
3,1,PID5_BF_24,0
3,1,rt,9.809283333333331
3,1,attention_2,0
3,1,idx,3
3,1,rwn,1
5,1,Sex_0,1
5,1,age,32
5,1,edu,18
5,1,income_0,3
5,1,motivation_1,100
5,1,diagnosis_2,1
5,1,meds_3,1
5,1,BIG5_SF_0,4
5,1,BIG5_SF_1,4
5,1,BIG5_SF_2,0
5,1,BIG5_SF_3,0
5,1,BIG5_SF_4,4
5,1,BIG5_SF_5,2
5,1,BIG5_SF_6,0
5,1,BIG5_SF_7,1
5,1,BIG5_SF_8,0
5,1,BIG5_SF_9,1
5,1,BIG5_SF_10,3
5,1,BIG5_SF_11,3
5,1,BIG5_SF_12,4
5,1,BIG5_SF_13,4
5,1,BIG5_SF_14,3
5,1,BIG5_SF_15,3
5,1,BIG5_SF_16,0
5,1,BIG5_SF_17,4
5,1,BIG5_SF_18,4
5,1,BIG5_SF_19,1
5,1,BIG5_SF_20,2
5,1,BIG5_SF_21,4
5,1,BIG5_SF_22,4
5,1,BIG5_SF_23,4
5,1,BIG5_SF_24,2
5,1,BIG5_SF_25,0
5,1,BIG5_SF_26,0
5,1,BIG5_SF_27,0
5,1,BIG5_SF_28,3
5,1,BIG5_SF_29,0
5,1,I_8_0,1
5,1,I_8_1,0
5,1,I_8_2,4
5,1,I_8_3,4
5,1,I_8_4,3
5,1,I_8_5,3
5,1,I_8_6,2
5,1,I_8_7,2
5,1,PID5_BF_0,0
5,1,PID5_BF_1,0
5,1,PID5_BF_2,0
5,1,PID5_BF_3,0
5,1,PID5_BF_4,0
5,1,PID5_BF_5,0
5,1,PID5_BF_6,0
5,1,PID5_BF_7,0
5,1,PID5_BF_8,1
5,1,PID5_BF_9,0
5,1,PID5_BF_10,0
5,1,PID5_BF_11,0
5,1,PID5_BF_12,0
5,1,PID5_BF_13,0
5,1,PID5_BF_14,0
5,1,PID5_BF_15,0
5,1,PID5_BF_16,0
5,1,PID5_BF_17,0
5,1,PID5_BF_18,2
5,1,PID5_BF_19,0
5,1,PID5_BF_20,0
5,1,PID5_BF_21,0
5,1,PID5_BF_22,2
5,1,PID5_BF_23,0
5,1,PID5_BF_24,0
5,1,rt,8.968333333333334
5,1,attention_2,0
5,1,idx,4
5,1,rwn,1
6,1,Sex_0,1
6,1,age,35
6,1,edu,15
6,1,income_0,5
6,1,motivation_1,90
6,1,diagnosis_2,1
6,1,meds_3,1
6,1,BIG5_SF_0,1
6,1,BIG5_SF_1,2
6,1,BIG5_SF_2,3
6,1,BIG5_SF_3,3
6,1,BIG5_SF_4,4
6,1,BIG5_SF_5,3
6,1,BIG5_SF_6,3
6,1,BIG5_SF_7,2
6,1,BIG5_SF_8,2
6,1,BIG5_SF_9,1
6,1,BIG5_SF_10,2
6,1,BIG5_SF_11,1
6,1,BIG5_SF_12,3
6,1,BIG5_SF_13,2
6,1,BIG5_SF_14,2
6,1,BIG5_SF_15,3
6,1,BIG5_SF_16,3
6,1,BIG5_SF_17,1
6,1,BIG5_SF_18,1
6,1,BIG5_SF_19,1
6,1,BIG5_SF_20,2
6,1,BIG5_SF_21,2
6,1,BIG5_SF_22,3
6,1,BIG5_SF_23,2
6,1,BIG5_SF_24,2
6,1,BIG5_SF_25,1
6,1,BIG5_SF_26,3
6,1,BIG5_SF_27,2
6,1,BIG5_SF_28,3
6,1,BIG5_SF_29,1
6,1,I_8_0,3
6,1,I_8_1,2
6,1,I_8_2,2
6,1,I_8_3,2
6,1,I_8_4,2
6,1,I_8_5,2
6,1,I_8_6,3
6,1,I_8_7,3
6,1,PID5_BF_0,1
6,1,PID5_BF_1,1
6,1,PID5_BF_2,2
6,1,PID5_BF_3,1
6,1,PID5_BF_4,1
6,1,PID5_BF_5,1
6,1,PID5_BF_6,1
6,1,PID5_BF_7,2
6,1,PID5_BF_8,2
6,1,PID5_BF_9,0
6,1,PID5_BF_10,2
6,1,PID5_BF_11,0
6,1,PID5_BF_12,2
6,1,PID5_BF_13,0
6,1,PID5_BF_14,3
6,1,PID5_BF_15,1
6,1,PID5_BF_16,1
6,1,PID5_BF_17,1
6,1,PID5_BF_18,2
6,1,PID5_BF_19,1
6,1,PID5_BF_20,2
6,1,PID5_BF_21,2
6,1,PID5_BF_22,1
6,1,PID5_BF_23,1
6,1,PID5_BF_24,1
6,1,rt,8.422416666666667
6,1,attention_2,0
6,1,idx,5
6,1,rwn,1
7,1,Sex_0,0
7,1,age,52
7,1,edu,12
7,1,income_0,1
7,1,motivation_1,100
7,1,diagnosis_2,1
7,1,meds_3,1
7,1,BIG5_SF_0,3
7,1,BIG5_SF_1,3
7,1,BIG5_SF_2,2
7,1,BIG5_SF_3,3
7,1,BIG5_SF_4,3
7,1,BIG5_SF_5,1
7,1,BIG5_SF_6,1
7,1,BIG5_SF_7,3
7,1,BIG5_SF_8,2
7,1,BIG5_SF_9,3
7,1,BIG5_SF_10,2
7,1,BIG5_SF_11,3
7,1,BIG5_SF_12,4
7,1,BIG5_SF_13,3
7,1,BIG5_SF_14,4
7,1,BIG5_SF_15,3
7,1,BIG5_SF_16,1
7,1,BIG5_SF_17,3
7,1,BIG5_SF_18,3
7,1,BIG5_SF_19,3
7,1,BIG5_SF_20,2
7,1,BIG5_SF_21,3
7,1,BIG5_SF_22,3
7,1,BIG5_SF_23,3
7,1,BIG5_SF_24,3
7,1,BIG5_SF_25,1
7,1,BIG5_SF_26,1
7,1,BIG5_SF_27,1
7,1,BIG5_SF_28,1
7,1,BIG5_SF_29,1
7,1,I_8_0,1
7,1,I_8_1,3
7,1,I_8_2,4
7,1,I_8_3,3
7,1,I_8_4,3
7,1,I_8_5,2
7,1,I_8_6,3
7,1,I_8_7,3
7,1,PID5_BF_0,0
7,1,PID5_BF_1,1
7,1,PID5_BF_2,1
7,1,PID5_BF_3,2
7,1,PID5_BF_4,0
7,1,PID5_BF_5,1
7,1,PID5_BF_6,0
7,1,PID5_BF_7,1
7,1,PID5_BF_8,1
7,1,PID5_BF_9,1
7,1,PID5_BF_10,1
7,1,PID5_BF_11,0
7,1,PID5_BF_12,1
7,1,PID5_BF_13,0
7,1,PID5_BF_14,0
7,1,PID5_BF_15,2
7,1,PID5_BF_16,1
7,1,PID5_BF_17,0
7,1,PID5_BF_18,0
7,1,PID5_BF_19,0
7,1,PID5_BF_20,0
7,1,PID5_BF_21,0
7,1,PID5_BF_22,0
7,1,PID5_BF_23,0
7,1,PID5_BF_24,0
7,1,rt,12.96865
7,1,attention_2,0
7,1,idx,6
7,1,rwn,1
8,1,Sex_0,0
8,1,age,24
8,1,edu,17
8,1,income_0,3
8,1,motivation_1,86
8,1,diagnosis_2,1
8,1,meds_3,1
8,1,BIG5_SF_0,1
8,1,BIG5_SF_1,3
8,1,BIG5_SF_2,4
8,1,BIG5_SF_3,4
8,1,BIG5_SF_4,3
8,1,BIG5_SF_5,3
8,1,BIG5_SF_6,1
8,1,BIG5_SF_7,4
8,1,BIG5_SF_8,3
8,1,BIG5_SF_9,0
8,1,BIG5_SF_10,3
8,1,BIG5_SF_11,1
8,1,BIG5_SF_12,1
8,1,BIG5_SF_13,3
8,1,BIG5_SF_14,3
8,1,BIG5_SF_15,3
8,1,BIG5_SF_16,2
8,1,BIG5_SF_17,2
8,1,BIG5_SF_18,1
8,1,BIG5_SF_19,1
8,1,BIG5_SF_20,3
8,1,BIG5_SF_21,4
8,1,BIG5_SF_22,1
8,1,BIG5_SF_23,3
8,1,BIG5_SF_24,4
8,1,BIG5_SF_25,3
8,1,BIG5_SF_26,3
8,1,BIG5_SF_27,4
8,1,BIG5_SF_28,3
8,1,BIG5_SF_29,1
8,1,I_8_0,3
8,1,I_8_1,2
8,1,I_8_2,2
8,1,I_8_3,3
8,1,I_8_4,1
8,1,I_8_5,3
8,1,I_8_6,2
8,1,I_8_7,3
8,1,PID5_BF_0,1
8,1,PID5_BF_1,2
8,1,PID5_BF_2,2
8,1,PID5_BF_3,1
8,1,PID5_BF_4,2
8,1,PID5_BF_5,0
8,1,PID5_BF_6,2
8,1,PID5_BF_7,3
8,1,PID5_BF_8,2
8,1,PID5_BF_9,2
8,1,PID5_BF_10,2
8,1,PID5_BF_11,0
8,1,PID5_BF_12,2
8,1,PID5_BF_13,1
8,1,PID5_BF_14,2
8,1,PID5_BF_15,3
8,1,PID5_BF_16,0
8,1,PID5_BF_17,0
8,1,PID5_BF_18,2
8,1,PID5_BF_19,1
8,1,PID5_BF_20,1
8,1,PID5_BF_21,1
8,1,PID5_BF_22,1
8,1,PID5_BF_23,0
8,1,PID5_BF_24,0
8,1,rt,6.25045
8,1,attention_2,0
8,1,idx,7
8,1,rwn,1
9,1,Sex_0,1
9,1,age,35
9,1,edu,16
9,1,income_0,5
9,1,motivation_1,82
9,1,diagnosis_2,1
9,1,meds_3,1
9,1,BIG5_SF_0,4
9,1,BIG5_SF_1,3
9,1,BIG5_SF_2,2
9,1,BIG5_SF_3,3
9,1,BIG5_SF_4,1
9,1,BIG5_SF_5,3
9,1,BIG5_SF_6,0
9,1,BIG5_SF_7,1
9,1,BIG5_SF_8,2
9,1,BIG5_SF_9,1
9,1,BIG5_SF_10,2
9,1,BIG5_SF_11,3
9,1,BIG5_SF_12,3
9,1,BIG5_SF_13,3
9,1,BIG5_SF_14,3
9,1,BIG5_SF_15,2
9,1,BIG5_SF_16,3
9,1,BIG5_SF_17,2
9,1,BIG5_SF_18,3
9,1,BIG5_SF_19,2
9,1,BIG5_SF_20,2
9,1,BIG5_SF_21,4
9,1,BIG5_SF_22,3
9,1,BIG5_SF_23,3
9,1,BIG5_SF_24,3
9,1,BIG5_SF_25,2
9,1,BIG5_SF_26,1
9,1,BIG5_SF_27,1
9,1,BIG5_SF_28,0
9,1,BIG5_SF_29,0
9,1,I_8_0,2
9,1,I_8_1,2
9,1,I_8_2,3
9,1,I_8_3,3
9,1,I_8_4,2
9,1,I_8_5,3
9,1,I_8_6,2
9,1,I_8_7,2
9,1,PID5_BF_0,0
9,1,PID5_BF_1,0
9,1,PID5_BF_2,0
9,1,PID5_BF_3,1
9,1,PID5_BF_4,0
9,1,PID5_BF_5,1
9,1,PID5_BF_6,1
9,1,PID5_BF_7,1
9,1,PID5_BF_8,0
9,1,PID5_BF_9,0
9,1,PID5_BF_10,0
9,1,PID5_BF_11,1
9,1,PID5_BF_12,2
9,1,PID5_BF_13,1
9,1,PID5_BF_14,1
9,1,PID5_BF_15,3
9,1,PID5_BF_16,0
9,1,PID5_BF_17,1
9,1,PID5_BF_18,2
9,1,PID5_BF_19,1
9,1,PID5_BF_20,2
9,1,PID5_BF_21,0
9,1,PID5_BF_22,2
9,1,PID5_BF_23,1
9,1,PID5_BF_24,0
9,1,rt,8.8332
9,1,attention_2,0
9,1,idx,8
9,1,rwn,1
10,1,Sex_0,1
10,1,age,22
10,1,edu,16
10,1,income_0,3
10,1,motivation_1,96
10,1,diagnosis_2,1
10,1,meds_3,1
10,1,BIG5_SF_0,3
10,1,BIG5_SF_1,3
10,1,BIG5_SF_2,1
10,1,BIG5_SF_3,2
10,1,BIG5_SF_4,4
10,1,BIG5_SF_5,2
10,1,BIG5_SF_6,1
10,1,BIG5_SF_7,0
10,1,BIG5_SF_8,1
10,1,BIG5_SF_9,1
10,1,BIG5_SF_10,3
10,1,BIG5_SF_11,3
10,1,BIG5_SF_12,3
10,1,BIG5_SF_13,3
10,1,BIG5_SF_14,3
10,1,BIG5_SF_15,3
10,1,BIG5_SF_16,3
10,1,BIG5_SF_17,4
10,1,BIG5_SF_18,3
10,1,BIG5_SF_19,3
10,1,BIG5_SF_20,2
10,1,BIG5_SF_21,4
10,1,BIG5_SF_22,4
10,1,BIG5_SF_23,4
10,1,BIG5_SF_24,3
10,1,BIG5_SF_25,3
10,1,BIG5_SF_26,2
10,1,BIG5_SF_27,3
10,1,BIG5_SF_28,1
10,1,BIG5_SF_29,1
10,1,I_8_0,2
10,1,I_8_1,3
10,1,I_8_2,3
10,1,I_8_3,4
10,1,I_8_4,4
10,1,I_8_5,4
10,1,I_8_6,3
10,1,I_8_7,3
10,1,PID5_BF_0,0
10,1,PID5_BF_1,0
10,1,PID5_BF_2,1
10,1,PID5_BF_3,0
10,1,PID5_BF_4,0
10,1,PID5_BF_5,0
10,1,PID5_BF_6,0
10,1,PID5_BF_7,0
10,1,PID5_BF_8,0
10,1,PID5_BF_9,1
10,1,PID5_BF_10,0
10,1,PID5_BF_11,0
10,1,PID5_BF_12,1
10,1,PID5_BF_13,0
10,1,PID5_BF_14,0
10,1,PID5_BF_15,1
10,1,PID5_BF_16,0
10,1,PID5_BF_17,0
10,1,PID5_BF_18,1
10,1,PID5_BF_19,0
10,1,PID5_BF_20,1
10,1,PID5_BF_21,0
10,1,PID5_BF_22,0
10,1,PID5_BF_23,0
10,1,PID5_BF_24,0
10,1,rt,7.787983333333333
10,1,attention_2,0
10,1,idx,9
10,1,rwn,1
11,1,Sex_0,0
11,1,age,21
11,1,edu,15
11,1,income_0,1
11,1,motivation_1,58
11,1,diagnosis_2,1
11,1,meds_3,1
11,1,BIG5_SF_0,4
11,1,BIG5_SF_1,3
11,1,BIG5_SF_2,3
11,1,BIG5_SF_3,3
11,1,BIG5_SF_4,3
11,1,BIG5_SF_5,1
11,1,BIG5_SF_6,1
11,1,BIG5_SF_7,3
11,1,BIG5_SF_8,2
11,1,BIG5_SF_9,2
11,1,BIG5_SF_10,2
11,1,BIG5_SF_11,3
11,1,BIG5_SF_12,3
11,1,BIG5_SF_13,2
11,1,BIG5_SF_14,1
11,1,BIG5_SF_15,1
11,1,BIG5_SF_16,2
11,1,BIG5_SF_17,1
11,1,BIG5_SF_18,2
11,1,BIG5_SF_19,3
11,1,BIG5_SF_20,3
11,1,BIG5_SF_21,3
11,1,BIG5_SF_22,2
11,1,BIG5_SF_23,2
11,1,BIG5_SF_24,2
11,1,BIG5_SF_25,3
11,1,BIG5_SF_26,2
11,1,BIG5_SF_27,3
11,1,BIG5_SF_28,2
11,1,BIG5_SF_29,2
11,1,I_8_0,3
11,1,I_8_1,2
11,1,I_8_2,2
11,1,I_8_3,3
11,1,I_8_4,2
11,1,I_8_5,2
11,1,I_8_6,1
11,1,I_8_7,4
11,1,PID5_BF_0,2
11,1,PID5_BF_1,2
11,1,PID5_BF_2,2
11,1,PID5_BF_3,2
11,1,PID5_BF_4,3
11,1,PID5_BF_5,3
11,1,PID5_BF_6,2
11,1,PID5_BF_7,2
11,1,PID5_BF_8,1
11,1,PID5_BF_9,1
11,1,PID5_BF_10,0
11,1,PID5_BF_11,0
11,1,PID5_BF_12,2
11,1,PID5_BF_13,0
11,1,PID5_BF_14,1
11,1,PID5_BF_15,0
11,1,PID5_BF_16,0
11,1,PID5_BF_17,0
11,1,PID5_BF_18,0
11,1,PID5_BF_19,0
11,1,PID5_BF_20,2
11,1,PID5_BF_21,0
11,1,PID5_BF_22,1
11,1,PID5_BF_23,1
11,1,PID5_BF_24,0
11,1,rt,11.270733333333334
11,1,attention_2,0
11,1,idx,10
11,1,rwn,1
12,1,Sex_0,0
12,1,age,42
12,1,edu,18
12,1,income_0,1
12,1,motivation_1,100
12,1,diagnosis_2,1
12,1,meds_3,1
12,1,BIG5_SF_0,2
12,1,BIG5_SF_1,4
12,1,BIG5_SF_2,0
12,1,BIG5_SF_3,2
12,1,BIG5_SF_4,3
12,1,BIG5_SF_5,1
12,1,BIG5_SF_6,0
12,1,BIG5_SF_7,0
12,1,BIG5_SF_8,1
12,1,BIG5_SF_9,0
12,1,BIG5_SF_10,4
12,1,BIG5_SF_11,4
12,1,BIG5_SF_12,4
12,1,BIG5_SF_13,3
12,1,BIG5_SF_14,4
12,1,BIG5_SF_15,4
12,1,BIG5_SF_16,0
12,1,BIG5_SF_17,4
12,1,BIG5_SF_18,3
12,1,BIG5_SF_19,0
12,1,BIG5_SF_20,2
12,1,BIG5_SF_21,4
12,1,BIG5_SF_22,4
12,1,BIG5_SF_23,4
12,1,BIG5_SF_24,4
12,1,BIG5_SF_25,0
12,1,BIG5_SF_26,0
12,1,BIG5_SF_27,0
12,1,BIG5_SF_28,0
12,1,BIG5_SF_29,0
12,1,I_8_0,0
12,1,I_8_1,0
12,1,I_8_2,4
12,1,I_8_3,4
12,1,I_8_4,4
12,1,I_8_5,4
12,1,I_8_6,4
12,1,I_8_7,4
12,1,PID5_BF_0,0
12,1,PID5_BF_1,0
12,1,PID5_BF_2,0
12,1,PID5_BF_3,0
12,1,PID5_BF_4,0
12,1,PID5_BF_5,0
12,1,PID5_BF_6,0
12,1,PID5_BF_7,1
12,1,PID5_BF_8,1
12,1,PID5_BF_9,0
12,1,PID5_BF_10,0
12,1,PID5_BF_11,0
12,1,PID5_BF_12,3
12,1,PID5_BF_13,0
12,1,PID5_BF_14,0
12,1,PID5_BF_15,1
12,1,PID5_BF_16,0
12,1,PID5_BF_17,2
12,1,PID5_BF_18,1
12,1,PID5_BF_19,1
12,1,PID5_BF_20,0
12,1,PID5_BF_21,0
12,1,PID5_BF_22,0
12,1,PID5_BF_23,0
12,1,PID5_BF_24,0
12,1,rt,11.816066666666666
12,1,attention_2,0
12,1,idx,11
12,1,rwn,1
13,1,Sex_0,1
13,1,age,21
13,1,edu,16
13,1,income_0,9
13,1,motivation_1,100
13,1,diagnosis_2,1
13,1,meds_3,1
13,1,BIG5_SF_0,4
13,1,BIG5_SF_1,4
13,1,BIG5_SF_2,0
13,1,BIG5_SF_3,4
13,1,BIG5_SF_4,3
13,1,BIG5_SF_5,3
13,1,BIG5_SF_6,0
13,1,BIG5_SF_7,3
13,1,BIG5_SF_8,3
13,1,BIG5_SF_9,0
13,1,BIG5_SF_10,3
13,1,BIG5_SF_11,4
13,1,BIG5_SF_12,4
13,1,BIG5_SF_13,3
13,1,BIG5_SF_14,4
13,1,BIG5_SF_15,3
13,1,BIG5_SF_16,0
13,1,BIG5_SF_17,4
13,1,BIG5_SF_18,3
13,1,BIG5_SF_19,3
13,1,BIG5_SF_20,4
13,1,BIG5_SF_21,4
13,1,BIG5_SF_22,4
13,1,BIG5_SF_23,4
13,1,BIG5_SF_24,4
13,1,BIG5_SF_25,0
13,1,BIG5_SF_26,0
13,1,BIG5_SF_27,1
13,1,BIG5_SF_28,3
13,1,BIG5_SF_29,1
13,1,I_8_0,1
13,1,I_8_1,2
13,1,I_8_2,4
13,1,I_8_3,4
13,1,I_8_4,4
13,1,I_8_5,4
13,1,I_8_6,4
13,1,I_8_7,3
13,1,PID5_BF_0,0
13,1,PID5_BF_1,2
13,1,PID5_BF_2,0
13,1,PID5_BF_3,2
13,1,PID5_BF_4,0
13,1,PID5_BF_5,0
13,1,PID5_BF_6,1
13,1,PID5_BF_7,3
13,1,PID5_BF_8,3
13,1,PID5_BF_9,2
13,1,PID5_BF_10,1
13,1,PID5_BF_11,0
13,1,PID5_BF_12,3
13,1,PID5_BF_13,1
13,1,PID5_BF_14,2
13,1,PID5_BF_15,2
13,1,PID5_BF_16,0
13,1,PID5_BF_17,1
13,1,PID5_BF_18,0
13,1,PID5_BF_19,1
13,1,PID5_BF_20,1
13,1,PID5_BF_21,0
13,1,PID5_BF_22,0
13,1,PID5_BF_23,2
13,1,PID5_BF_24,0
13,1,rt,10.87525
13,1,attention_2,0
13,1,idx,12
13,1,rwn,1
14,1,Sex_0,1
14,1,age,21
14,1,edu,15
14,1,income_0,0
14,1,motivation_1,84
14,1,diagnosis_2,1
14,1,meds_3,1
14,1,BIG5_SF_0,1
14,1,BIG5_SF_1,4
14,1,BIG5_SF_2,0
14,1,BIG5_SF_3,3
14,1,BIG5_SF_4,3
14,1,BIG5_SF_5,2
14,1,BIG5_SF_6,0
14,1,BIG5_SF_7,0
14,1,BIG5_SF_8,3
14,1,BIG5_SF_9,1
14,1,BIG5_SF_10,4
14,1,BIG5_SF_11,4
14,1,BIG5_SF_12,4
14,1,BIG5_SF_13,3
14,1,BIG5_SF_14,4
14,1,BIG5_SF_15,2
14,1,BIG5_SF_16,0
14,1,BIG5_SF_17,4
14,1,BIG5_SF_18,3
14,1,BIG5_SF_19,3
14,1,BIG5_SF_20,3
14,1,BIG5_SF_21,4
14,1,BIG5_SF_22,4
14,1,BIG5_SF_23,4
14,1,BIG5_SF_24,3
14,1,BIG5_SF_25,0
14,1,BIG5_SF_26,2
14,1,BIG5_SF_27,1
14,1,BIG5_SF_28,1
14,1,BIG5_SF_29,0
14,1,I_8_0,1
14,1,I_8_1,1
14,1,I_8_2,4
14,1,I_8_3,4
14,1,I_8_4,3
14,1,I_8_5,4
14,1,I_8_6,2
14,1,I_8_7,3
14,1,PID5_BF_0,0
14,1,PID5_BF_1,1
14,1,PID5_BF_2,2
14,1,PID5_BF_3,0
14,1,PID5_BF_4,0
14,1,PID5_BF_5,0
14,1,PID5_BF_6,2
14,1,PID5_BF_7,2
14,1,PID5_BF_8,2
14,1,PID5_BF_9,3
14,1,PID5_BF_10,1
14,1,PID5_BF_11,0
14,1,PID5_BF_12,0
14,1,PID5_BF_13,1
14,1,PID5_BF_14,2
14,1,PID5_BF_15,2
14,1,PID5_BF_16,0
14,1,PID5_BF_17,0
14,1,PID5_BF_18,2
14,1,PID5_BF_19,2
14,1,PID5_BF_20,3
14,1,PID5_BF_21,0
14,1,PID5_BF_22,2
14,1,PID5_BF_23,3
14,1,PID5_BF_24,0
14,1,rt,11.091166666666666
14,1,attention_2,0
14,1,idx,13
14,1,rwn,1
15,1,Sex_0,0
15,1,age,30
15,1,edu,18
15,1,income_0,3
15,1,motivation_1,100
15,1,diagnosis_2,1
15,1,meds_3,1
15,1,BIG5_SF_0,3
15,1,BIG5_SF_1,4
15,1,BIG5_SF_2,0
15,1,BIG5_SF_3,3
15,1,BIG5_SF_4,3
15,1,BIG5_SF_5,4
15,1,BIG5_SF_6,0
15,1,BIG5_SF_7,1
15,1,BIG5_SF_8,1
15,1,BIG5_SF_9,0
15,1,BIG5_SF_10,4
15,1,BIG5_SF_11,2
15,1,BIG5_SF_12,4
15,1,BIG5_SF_13,2
15,1,BIG5_SF_14,4
15,1,BIG5_SF_15,1
15,1,BIG5_SF_16,0
15,1,BIG5_SF_17,3
15,1,BIG5_SF_18,1
15,1,BIG5_SF_19,3
15,1,BIG5_SF_20,0
15,1,BIG5_SF_21,4
15,1,BIG5_SF_22,4
15,1,BIG5_SF_23,3
15,1,BIG5_SF_24,4
15,1,BIG5_SF_25,0
15,1,BIG5_SF_26,0
15,1,BIG5_SF_27,0
15,1,BIG5_SF_28,2
15,1,BIG5_SF_29,0
15,1,I_8_0,0
15,1,I_8_1,0
15,1,I_8_2,4
15,1,I_8_3,4
15,1,I_8_4,3
15,1,I_8_5,3
15,1,I_8_6,1
15,1,I_8_7,1
15,1,PID5_BF_0,0
15,1,PID5_BF_1,0
15,1,PID5_BF_2,0
15,1,PID5_BF_3,1
15,1,PID5_BF_4,0
15,1,PID5_BF_5,0
15,1,PID5_BF_6,1
15,1,PID5_BF_7,2
15,1,PID5_BF_8,1
15,1,PID5_BF_9,0
15,1,PID5_BF_10,0
15,1,PID5_BF_11,0
15,1,PID5_BF_12,0
15,1,PID5_BF_13,0
15,1,PID5_BF_14,0
15,1,PID5_BF_15,1
15,1,PID5_BF_16,0
15,1,PID5_BF_17,1
15,1,PID5_BF_18,0
15,1,PID5_BF_19,0
15,1,PID5_BF_20,2
15,1,PID5_BF_21,0
15,1,PID5_BF_22,0
15,1,PID5_BF_23,0
15,1,PID5_BF_24,2
15,1,rt,8.949033333333333
15,1,attention_2,0
15,1,idx,14
15,1,rwn,1
16,1,Sex_0,0
16,1,age,70
16,1,edu,17
16,1,income_0,6
16,1,motivation_1,99
16,1,diagnosis_2,0
16,1,meds_3,0
16,1,BIG5_SF_0,4
16,1,BIG5_SF_1,4
16,1,BIG5_SF_2,0
16,1,BIG5_SF_3,0
16,1,BIG5_SF_4,3
16,1,BIG5_SF_5,1
16,1,BIG5_SF_6,3
16,1,BIG5_SF_7,1
16,1,BIG5_SF_8,2
16,1,BIG5_SF_9,0
16,1,BIG5_SF_10,0
16,1,BIG5_SF_11,4
16,1,BIG5_SF_12,3
16,1,BIG5_SF_13,1
16,1,BIG5_SF_14,3
16,1,BIG5_SF_15,2
16,1,BIG5_SF_16,2
16,1,BIG5_SF_17,2
16,1,BIG5_SF_18,3
16,1,BIG5_SF_19,3
16,1,BIG5_SF_20,2
16,1,BIG5_SF_21,3
16,1,BIG5_SF_22,3
16,1,BIG5_SF_23,3
16,1,BIG5_SF_24,3
16,1,BIG5_SF_25,4
16,1,BIG5_SF_26,3
16,1,BIG5_SF_27,2
16,1,BIG5_SF_28,1
16,1,BIG5_SF_29,2
16,1,I_8_0,4
16,1,I_8_1,4
16,1,I_8_2,2
16,1,I_8_3,1
16,1,I_8_4,3
16,1,I_8_5,4
16,1,I_8_6,3
16,1,I_8_7,4
16,1,PID5_BF_0,2
16,1,PID5_BF_1,2
16,1,PID5_BF_2,2
16,1,PID5_BF_3,2
16,1,PID5_BF_4,2
16,1,PID5_BF_5,0
16,1,PID5_BF_6,2
16,1,PID5_BF_7,1
16,1,PID5_BF_8,1
16,1,PID5_BF_9,1
16,1,PID5_BF_10,1
16,1,PID5_BF_11,0
16,1,PID5_BF_12,0
16,1,PID5_BF_13,3
16,1,PID5_BF_14,2
16,1,PID5_BF_15,1
16,1,PID5_BF_16,1
16,1,PID5_BF_17,2
16,1,PID5_BF_18,0
16,1,PID5_BF_19,0
16,1,PID5_BF_20,1
16,1,PID5_BF_21,0
16,1,PID5_BF_22,0
16,1,PID5_BF_23,0
16,1,PID5_BF_24,0
16,1,rt,15.388966666666668
16,1,attention_2,0
16,1,idx,15
16,1,rwn,1
17,1,Sex_0,0
17,1,age,61
17,1,edu,12
17,1,income_0,4
17,1,motivation_1,100
17,1,diagnosis_2,1
17,1,meds_3,1
17,1,BIG5_SF_0,1
17,1,BIG5_SF_1,3
17,1,BIG5_SF_2,3
17,1,BIG5_SF_3,0
17,1,BIG5_SF_4,0
17,1,BIG5_SF_5,1
17,1,BIG5_SF_6,0
17,1,BIG5_SF_7,4
17,1,BIG5_SF_8,1
17,1,BIG5_SF_9,4
17,1,BIG5_SF_10,0
17,1,BIG5_SF_11,3
17,1,BIG5_SF_12,4
17,1,BIG5_SF_13,3
17,1,BIG5_SF_14,1
17,1,BIG5_SF_15,4
17,1,BIG5_SF_16,0
17,1,BIG5_SF_17,1
17,1,BIG5_SF_18,1
17,1,BIG5_SF_19,4
17,1,BIG5_SF_20,3
17,1,BIG5_SF_21,4
17,1,BIG5_SF_22,1
17,1,BIG5_SF_23,3
17,1,BIG5_SF_24,0
17,1,BIG5_SF_25,4
17,1,BIG5_SF_26,1
17,1,BIG5_SF_27,3
17,1,BIG5_SF_28,0
17,1,BIG5_SF_29,4
17,1,I_8_0,0
17,1,I_8_1,1
17,1,I_8_2,3
17,1,I_8_3,4
17,1,I_8_4,2
17,1,I_8_5,0
17,1,I_8_6,0
17,1,I_8_7,0
17,1,PID5_BF_0,0
17,1,PID5_BF_1,0
17,1,PID5_BF_2,0
17,1,PID5_BF_3,1
17,1,PID5_BF_4,0
17,1,PID5_BF_5,0
17,1,PID5_BF_6,0
17,1,PID5_BF_7,0
17,1,PID5_BF_8,0
17,1,PID5_BF_9,0
17,1,PID5_BF_10,0
17,1,PID5_BF_11,0
17,1,PID5_BF_12,0
17,1,PID5_BF_13,1
17,1,PID5_BF_14,1
17,1,PID5_BF_15,0
17,1,PID5_BF_16,0
17,1,PID5_BF_17,1
17,1,PID5_BF_18,0
17,1,PID5_BF_19,0
17,1,PID5_BF_20,0
17,1,PID5_BF_21,0
17,1,PID5_BF_22,0
17,1,PID5_BF_23,0
17,1,PID5_BF_24,0
17,1,rt,15.72185
17,1,attention_2,0
17,1,idx,16
17,1,rwn,1
18,1,Sex_0,0
18,1,age,42
18,1,edu,17
18,1,income_0,4
18,1,motivation_1,100
18,1,diagnosis_2,1
18,1,meds_3,1
18,1,BIG5_SF_0,1
18,1,BIG5_SF_1,2
18,1,BIG5_SF_2,0
18,1,BIG5_SF_3,3
18,1,BIG5_SF_4,3
18,1,BIG5_SF_5,4
18,1,BIG5_SF_6,2
18,1,BIG5_SF_7,0
18,1,BIG5_SF_8,2
18,1,BIG5_SF_9,0
18,1,BIG5_SF_10,4
18,1,BIG5_SF_11,2
18,1,BIG5_SF_12,3
18,1,BIG5_SF_13,4
18,1,BIG5_SF_14,4
18,1,BIG5_SF_15,4
18,1,BIG5_SF_16,4
18,1,BIG5_SF_17,2
18,1,BIG5_SF_18,2
18,1,BIG5_SF_19,0
18,1,BIG5_SF_20,2
18,1,BIG5_SF_21,4
18,1,BIG5_SF_22,4
18,1,BIG5_SF_23,4
18,1,BIG5_SF_24,4
18,1,BIG5_SF_25,0
18,1,BIG5_SF_26,1
18,1,BIG5_SF_27,0
18,1,BIG5_SF_28,1
18,1,BIG5_SF_29,0
18,1,I_8_0,2
18,1,I_8_1,3
18,1,I_8_2,3
18,1,I_8_3,3
18,1,I_8_4,4
18,1,I_8_5,4
18,1,I_8_6,2
18,1,I_8_7,3
18,1,PID5_BF_0,1
18,1,PID5_BF_1,2
18,1,PID5_BF_2,2
18,1,PID5_BF_3,2
18,1,PID5_BF_4,0
18,1,PID5_BF_5,0
18,1,PID5_BF_6,2
18,1,PID5_BF_7,2
18,1,PID5_BF_8,2
18,1,PID5_BF_9,1
18,1,PID5_BF_10,0
18,1,PID5_BF_11,0
18,1,PID5_BF_12,1
18,1,PID5_BF_13,1
18,1,PID5_BF_14,2
18,1,PID5_BF_15,2
18,1,PID5_BF_16,0
18,1,PID5_BF_17,1
18,1,PID5_BF_18,0
18,1,PID5_BF_19,2
18,1,PID5_BF_20,0
18,1,PID5_BF_21,2
18,1,PID5_BF_22,2
18,1,PID5_BF_23,2
18,1,PID5_BF_24,2
18,1,rt,10.918033333333334
18,1,attention_2,0
18,1,idx,17
18,1,rwn,1
19,1,Sex_0,0
19,1,age,31
19,1,edu,14
19,1,income_0,1
19,1,motivation_1,79
19,1,diagnosis_2,0
19,1,meds_3,0
19,1,BIG5_SF_0,2
19,1,BIG5_SF_1,3
19,1,BIG5_SF_2,2
19,1,BIG5_SF_3,3
19,1,BIG5_SF_4,3
19,1,BIG5_SF_5,1
19,1,BIG5_SF_6,1
19,1,BIG5_SF_7,4
19,1,BIG5_SF_8,3
19,1,BIG5_SF_9,2
19,1,BIG5_SF_10,1
19,1,BIG5_SF_11,3
19,1,BIG5_SF_12,3
19,1,BIG5_SF_13,1
19,1,BIG5_SF_14,3
19,1,BIG5_SF_15,3
19,1,BIG5_SF_16,1
19,1,BIG5_SF_17,2
19,1,BIG5_SF_18,2
19,1,BIG5_SF_19,2
19,1,BIG5_SF_20,3
19,1,BIG5_SF_21,4
19,1,BIG5_SF_22,2
19,1,BIG5_SF_23,1
19,1,BIG5_SF_24,3
19,1,BIG5_SF_25,3
19,1,BIG5_SF_26,2
19,1,BIG5_SF_27,1
19,1,BIG5_SF_28,1
19,1,BIG5_SF_29,2
19,1,I_8_0,2
19,1,I_8_1,3
19,1,I_8_2,2
19,1,I_8_3,3
19,1,I_8_4,1
19,1,I_8_5,2
19,1,I_8_6,2
19,1,I_8_7,2
19,1,PID5_BF_0,0
19,1,PID5_BF_1,1
19,1,PID5_BF_2,1
19,1,PID5_BF_3,1
19,1,PID5_BF_4,1
19,1,PID5_BF_5,2
19,1,PID5_BF_6,2
19,1,PID5_BF_7,3
19,1,PID5_BF_8,2
19,1,PID5_BF_9,2
19,1,PID5_BF_10,1
19,1,PID5_BF_11,0
19,1,PID5_BF_12,1
19,1,PID5_BF_13,0
19,1,PID5_BF_14,1
19,1,PID5_BF_15,0
19,1,PID5_BF_16,0
19,1,PID5_BF_17,3
19,1,PID5_BF_18,1
19,1,PID5_BF_19,0
19,1,PID5_BF_20,0
19,1,PID5_BF_21,0
19,1,PID5_BF_22,1
19,1,PID5_BF_23,0
19,1,PID5_BF_24,0
19,1,rt,11.751483333333333
19,1,attention_2,0
19,1,idx,18
19,1,rwn,1
20,1,Sex_0,1
20,1,age,26
20,1,edu,15
20,1,income_0,1
20,1,motivation_1,93
20,1,diagnosis_2,1
20,1,meds_3,1
20,1,BIG5_SF_0,2
20,1,BIG5_SF_1,4
20,1,BIG5_SF_2,0
20,1,BIG5_SF_3,3
20,1,BIG5_SF_4,1
20,1,BIG5_SF_5,2
20,1,BIG5_SF_6,3
20,1,BIG5_SF_7,2
20,1,BIG5_SF_8,0
20,1,BIG5_SF_9,2
20,1,BIG5_SF_10,3
20,1,BIG5_SF_11,3
20,1,BIG5_SF_12,4
20,1,BIG5_SF_13,4
20,1,BIG5_SF_14,3
20,1,BIG5_SF_15,2
20,1,BIG5_SF_16,1
20,1,BIG5_SF_17,3
20,1,BIG5_SF_18,1
20,1,BIG5_SF_19,3
20,1,BIG5_SF_20,1
20,1,BIG5_SF_21,4
20,1,BIG5_SF_22,4
20,1,BIG5_SF_23,4
20,1,BIG5_SF_24,3
20,1,BIG5_SF_25,1
20,1,BIG5_SF_26,0
20,1,BIG5_SF_27,1
20,1,BIG5_SF_28,0
20,1,BIG5_SF_29,0
20,1,I_8_0,1
20,1,I_8_1,1
20,1,I_8_2,4
20,1,I_8_3,4
20,1,I_8_4,4
20,1,I_8_5,2
20,1,I_8_6,2
20,1,I_8_7,2
20,1,PID5_BF_0,0
20,1,PID5_BF_1,0
20,1,PID5_BF_2,0
20,1,PID5_BF_3,1
20,1,PID5_BF_4,0
20,1,PID5_BF_5,1
20,1,PID5_BF_6,1
20,1,PID5_BF_7,2
20,1,PID5_BF_8,1
20,1,PID5_BF_9,0
20,1,PID5_BF_10,1
20,1,PID5_BF_11,0
20,1,PID5_BF_12,0
20,1,PID5_BF_13,0
20,1,PID5_BF_14,0
20,1,PID5_BF_15,1
20,1,PID5_BF_16,0
20,1,PID5_BF_17,0
20,1,PID5_BF_18,0
20,1,PID5_BF_19,0
20,1,PID5_BF_20,2
20,1,PID5_BF_21,0
20,1,PID5_BF_22,0
20,1,PID5_BF_23,0
20,1,PID5_BF_24,0
20,1,rt,9.83715
20,1,attention_2,0
20,1,idx,19
20,1,rwn,1
21,1,Sex_0,0
21,1,age,43
21,1,edu,13
21,1,income_0,2
21,1,motivation_1,100
21,1,diagnosis_2,1
21,1,meds_3,1
21,1,BIG5_SF_0,3
21,1,BIG5_SF_1,3
21,1,BIG5_SF_2,1
21,1,BIG5_SF_3,3
21,1,BIG5_SF_4,4
21,1,BIG5_SF_5,2
21,1,BIG5_SF_6,2
21,1,BIG5_SF_7,1
21,1,BIG5_SF_8,1
21,1,BIG5_SF_9,0
21,1,BIG5_SF_10,1
21,1,BIG5_SF_11,2
21,1,BIG5_SF_12,4
21,1,BIG5_SF_13,3
21,1,BIG5_SF_14,4
21,1,BIG5_SF_15,2
21,1,BIG5_SF_16,1
21,1,BIG5_SF_17,3
21,1,BIG5_SF_18,1
21,1,BIG5_SF_19,0
21,1,BIG5_SF_20,1
21,1,BIG5_SF_21,4
21,1,BIG5_SF_22,4
21,1,BIG5_SF_23,2
21,1,BIG5_SF_24,3
21,1,BIG5_SF_25,0
21,1,BIG5_SF_26,1
21,1,BIG5_SF_27,1
21,1,BIG5_SF_28,2
21,1,BIG5_SF_29,0
21,1,I_8_0,2
21,1,I_8_1,1
21,1,I_8_2,3
21,1,I_8_3,3
21,1,I_8_4,4
21,1,I_8_5,3
21,1,I_8_6,1
21,1,I_8_7,2
21,1,PID5_BF_0,0
21,1,PID5_BF_1,1
21,1,PID5_BF_2,2
21,1,PID5_BF_3,1
21,1,PID5_BF_4,0
21,1,PID5_BF_5,2
21,1,PID5_BF_6,1
21,1,PID5_BF_7,0
21,1,PID5_BF_8,1
21,1,PID5_BF_9,1
21,1,PID5_BF_10,1
21,1,PID5_BF_11,0
21,1,PID5_BF_12,1
21,1,PID5_BF_13,0
21,1,PID5_BF_14,1
21,1,PID5_BF_15,1
21,1,PID5_BF_16,0
21,1,PID5_BF_17,0
21,1,PID5_BF_18,1
21,1,PID5_BF_19,0
21,1,PID5_BF_20,0
21,1,PID5_BF_21,0
21,1,PID5_BF_22,1
21,1,PID5_BF_23,0
21,1,PID5_BF_24,0
21,1,rt,25.9983
21,1,attention_2,0
21,1,idx,20
21,1,rwn,1
22,1,Sex_0,0
22,1,age,63
22,1,edu,16
22,1,income_0,4
22,1,motivation_1,95
22,1,diagnosis_2,1
22,1,meds_3,1
22,1,BIG5_SF_0,3
22,1,BIG5_SF_1,1
22,1,BIG5_SF_2,1
22,1,BIG5_SF_3,3
22,1,BIG5_SF_4,3
22,1,BIG5_SF_5,2
22,1,BIG5_SF_6,2
22,1,BIG5_SF_7,0
22,1,BIG5_SF_8,3
22,1,BIG5_SF_9,0
22,1,BIG5_SF_10,4
22,1,BIG5_SF_11,2
22,1,BIG5_SF_12,4
22,1,BIG5_SF_13,3
22,1,BIG5_SF_14,4
22,1,BIG5_SF_15,1
22,1,BIG5_SF_16,3
22,1,BIG5_SF_17,1
22,1,BIG5_SF_18,2
22,1,BIG5_SF_19,0
22,1,BIG5_SF_20,2
22,1,BIG5_SF_21,3
22,1,BIG5_SF_22,4
22,1,BIG5_SF_23,1
22,1,BIG5_SF_24,4
22,1,BIG5_SF_25,1
22,1,BIG5_SF_26,2
22,1,BIG5_SF_27,1
22,1,BIG5_SF_28,0
22,1,BIG5_SF_29,2
22,1,I_8_0,0
22,1,I_8_1,2
22,1,I_8_2,4
22,1,I_8_3,4
22,1,I_8_4,3
22,1,I_8_5,3
22,1,I_8_6,1
22,1,I_8_7,1
22,1,PID5_BF_0,0
22,1,PID5_BF_1,0
22,1,PID5_BF_2,0
22,1,PID5_BF_3,2
22,1,PID5_BF_4,0
22,1,PID5_BF_5,1
22,1,PID5_BF_6,2
22,1,PID5_BF_7,2
22,1,PID5_BF_8,0
22,1,PID5_BF_9,0
22,1,PID5_BF_10,1
22,1,PID5_BF_11,0
22,1,PID5_BF_12,2
22,1,PID5_BF_13,2
22,1,PID5_BF_14,2
22,1,PID5_BF_15,3
22,1,PID5_BF_16,1
22,1,PID5_BF_17,2
22,1,PID5_BF_18,0
22,1,PID5_BF_19,0
22,1,PID5_BF_20,2
22,1,PID5_BF_21,1
22,1,PID5_BF_22,2
22,1,PID5_BF_23,0
22,1,PID5_BF_24,1
22,1,rt,10.4738
22,1,attention_2,0
22,1,idx,53
22,1,rwn,1
23,1,Sex_0,1
23,1,age,21
23,1,edu,18
23,1,income_0,1
23,1,motivation_1,100
23,1,diagnosis_2,1
23,1,meds_3,1
23,1,BIG5_SF_0,2
23,1,BIG5_SF_1,4
23,1,BIG5_SF_2,0
23,1,BIG5_SF_3,3
23,1,BIG5_SF_4,4
23,1,BIG5_SF_5,4
23,1,BIG5_SF_6,0
23,1,BIG5_SF_7,0
23,1,BIG5_SF_8,1
23,1,BIG5_SF_9,0
23,1,BIG5_SF_10,4
23,1,BIG5_SF_11,4
23,1,BIG5_SF_12,4
23,1,BIG5_SF_13,4
23,1,BIG5_SF_14,4
23,1,BIG5_SF_15,4
23,1,BIG5_SF_16,0
23,1,BIG5_SF_17,4
23,1,BIG5_SF_18,3
23,1,BIG5_SF_19,3
23,1,BIG5_SF_20,1
23,1,BIG5_SF_21,4
23,1,BIG5_SF_22,4
23,1,BIG5_SF_23,4
23,1,BIG5_SF_24,4
23,1,BIG5_SF_25,0
23,1,BIG5_SF_26,0
23,1,BIG5_SF_27,0
23,1,BIG5_SF_28,3
23,1,BIG5_SF_29,1
23,1,I_8_0,0
23,1,I_8_1,0
23,1,I_8_2,4
23,1,I_8_3,4
23,1,I_8_4,4
23,1,I_8_5,4
23,1,I_8_6,4
23,1,I_8_7,4
23,1,PID5_BF_0,0
23,1,PID5_BF_1,2
23,1,PID5_BF_2,2
23,1,PID5_BF_3,0
23,1,PID5_BF_4,0
23,1,PID5_BF_5,3
23,1,PID5_BF_6,0
23,1,PID5_BF_7,2
23,1,PID5_BF_8,2
23,1,PID5_BF_9,2
23,1,PID5_BF_10,0
23,1,PID5_BF_11,0
23,1,PID5_BF_12,2
23,1,PID5_BF_13,0
23,1,PID5_BF_14,0
23,1,PID5_BF_15,2
23,1,PID5_BF_16,0
23,1,PID5_BF_17,1
23,1,PID5_BF_18,0
23,1,PID5_BF_19,1
23,1,PID5_BF_20,1
23,1,PID5_BF_21,0
23,1,PID5_BF_22,0
23,1,PID5_BF_23,0
23,1,PID5_BF_24,0
23,1,rt,11.624433333333334
23,1,attention_2,0
23,1,idx,21
23,1,rwn,1
24,1,Sex_0,1
24,1,age,20
24,1,edu,14
24,1,income_0,1
24,1,motivation_1,93
24,1,diagnosis_2,1
24,1,meds_3,1
24,1,BIG5_SF_0,3
24,1,BIG5_SF_1,3
24,1,BIG5_SF_2,1
24,1,BIG5_SF_3,3
24,1,BIG5_SF_4,3
24,1,BIG5_SF_5,3
24,1,BIG5_SF_6,0
24,1,BIG5_SF_7,0
24,1,BIG5_SF_8,0
24,1,BIG5_SF_9,3
24,1,BIG5_SF_10,3
24,1,BIG5_SF_11,3
24,1,BIG5_SF_12,4
24,1,BIG5_SF_13,3
24,1,BIG5_SF_14,3
24,1,BIG5_SF_15,1
24,1,BIG5_SF_16,3
24,1,BIG5_SF_17,3
24,1,BIG5_SF_18,3
24,1,BIG5_SF_19,1
24,1,BIG5_SF_20,1
24,1,BIG5_SF_21,4
24,1,BIG5_SF_22,4
24,1,BIG5_SF_23,3
24,1,BIG5_SF_24,3
24,1,BIG5_SF_25,0
24,1,BIG5_SF_26,0
24,1,BIG5_SF_27,0
24,1,BIG5_SF_28,0
24,1,BIG5_SF_29,0
24,1,I_8_0,0
24,1,I_8_1,0
24,1,I_8_2,3
24,1,I_8_3,3
24,1,I_8_4,3
24,1,I_8_5,2
24,1,I_8_6,3
24,1,I_8_7,3
24,1,PID5_BF_0,0
24,1,PID5_BF_1,0
24,1,PID5_BF_2,0
24,1,PID5_BF_3,0
24,1,PID5_BF_4,0
24,1,PID5_BF_5,0
24,1,PID5_BF_6,0
24,1,PID5_BF_7,2
24,1,PID5_BF_8,1
24,1,PID5_BF_9,0
24,1,PID5_BF_10,0
24,1,PID5_BF_11,0
24,1,PID5_BF_12,1
24,1,PID5_BF_13,1
24,1,PID5_BF_14,0
24,1,PID5_BF_15,0
24,1,PID5_BF_16,0
24,1,PID5_BF_17,0
24,1,PID5_BF_18,0
24,1,PID5_BF_19,0
24,1,PID5_BF_20,0
24,1,PID5_BF_21,0
24,1,PID5_BF_22,0
24,1,PID5_BF_23,0
24,1,PID5_BF_24,0
24,1,rt,19.7007
24,1,attention_2,0
24,1,idx,22
24,1,rwn,1
25,1,Sex_0,0
25,1,age,20
25,1,edu,19
25,1,income_0,0
25,1,motivation_1,100
25,1,diagnosis_2,1
25,1,meds_3,1
25,1,BIG5_SF_0,1
25,1,BIG5_SF_1,4
25,1,BIG5_SF_2,0
25,1,BIG5_SF_3,0
25,1,BIG5_SF_4,4
25,1,BIG5_SF_5,4
25,1,BIG5_SF_6,0
25,1,BIG5_SF_7,0
25,1,BIG5_SF_8,0
25,1,BIG5_SF_9,0
25,1,BIG5_SF_10,4
25,1,BIG5_SF_11,4
25,1,BIG5_SF_12,4
25,1,BIG5_SF_13,4
25,1,BIG5_SF_14,4
25,1,BIG5_SF_15,4
25,1,BIG5_SF_16,0
25,1,BIG5_SF_17,4
25,1,BIG5_SF_18,4
25,1,BIG5_SF_19,0
25,1,BIG5_SF_20,4
25,1,BIG5_SF_21,4
25,1,BIG5_SF_22,4
25,1,BIG5_SF_23,4
25,1,BIG5_SF_24,4
25,1,BIG5_SF_25,0
25,1,BIG5_SF_26,0
25,1,BIG5_SF_27,0
25,1,BIG5_SF_28,0
25,1,BIG5_SF_29,4
25,1,I_8_0,0
25,1,I_8_1,0
25,1,I_8_2,4
25,1,I_8_3,4
25,1,I_8_4,4
25,1,I_8_5,4
25,1,I_8_6,4
25,1,I_8_7,4
25,1,PID5_BF_0,0
25,1,PID5_BF_1,0
25,1,PID5_BF_2,0
25,1,PID5_BF_3,0
25,1,PID5_BF_4,0
25,1,PID5_BF_5,0
25,1,PID5_BF_6,0
25,1,PID5_BF_7,3
25,1,PID5_BF_8,0
25,1,PID5_BF_9,0
25,1,PID5_BF_10,0
25,1,PID5_BF_11,0
25,1,PID5_BF_12,0
25,1,PID5_BF_13,0
25,1,PID5_BF_14,0
25,1,PID5_BF_15,0
25,1,PID5_BF_16,0
25,1,PID5_BF_17,0
25,1,PID5_BF_18,0
25,1,PID5_BF_19,0
25,1,PID5_BF_20,0
25,1,PID5_BF_21,0
25,1,PID5_BF_22,0
25,1,PID5_BF_23,0
25,1,PID5_BF_24,0
25,1,rt,11.630016666666666
25,1,attention_2,0
25,1,idx,23
25,1,rwn,1
26,1,Sex_0,1
26,1,age,25
26,1,edu,21
26,1,income_0,8
26,1,motivation_1,100
26,1,diagnosis_2,1
26,1,meds_3,1
26,1,BIG5_SF_0,0
26,1,BIG5_SF_1,4
26,1,BIG5_SF_2,0
26,1,BIG5_SF_3,1
26,1,BIG5_SF_4,0
26,1,BIG5_SF_5,4
26,1,BIG5_SF_6,0
26,1,BIG5_SF_7,0
26,1,BIG5_SF_8,1
26,1,BIG5_SF_9,0
26,1,BIG5_SF_10,4
26,1,BIG5_SF_11,4
26,1,BIG5_SF_12,4
26,1,BIG5_SF_13,4
26,1,BIG5_SF_14,4
26,1,BIG5_SF_15,4
26,1,BIG5_SF_16,0
26,1,BIG5_SF_17,4
26,1,BIG5_SF_18,4
26,1,BIG5_SF_19,0
26,1,BIG5_SF_20,4
26,1,BIG5_SF_21,4
26,1,BIG5_SF_22,4
26,1,BIG5_SF_23,4
26,1,BIG5_SF_24,4
26,1,BIG5_SF_25,4
26,1,BIG5_SF_26,4
26,1,BIG5_SF_27,0
26,1,BIG5_SF_28,0
26,1,BIG5_SF_29,0
26,1,I_8_0,1
26,1,I_8_1,0
26,1,I_8_2,4
26,1,I_8_3,4
26,1,I_8_4,4
26,1,I_8_5,4
26,1,I_8_6,4
26,1,I_8_7,4
26,1,PID5_BF_0,0
26,1,PID5_BF_1,0
26,1,PID5_BF_2,0
26,1,PID5_BF_3,0
26,1,PID5_BF_4,0
26,1,PID5_BF_5,0
26,1,PID5_BF_6,0
26,1,PID5_BF_7,1
26,1,PID5_BF_8,1
26,1,PID5_BF_9,0
26,1,PID5_BF_10,0
26,1,PID5_BF_11,0
26,1,PID5_BF_12,0
26,1,PID5_BF_13,0
26,1,PID5_BF_14,0
26,1,PID5_BF_15,0
26,1,PID5_BF_16,0
26,1,PID5_BF_17,0
26,1,PID5_BF_18,2
26,1,PID5_BF_19,2
26,1,PID5_BF_20,1
26,1,PID5_BF_21,0
26,1,PID5_BF_22,0
26,1,PID5_BF_23,0
26,1,PID5_BF_24,0
26,1,rt,12.8006
26,1,attention_2,0
26,1,idx,24
26,1,rwn,1
27,1,Sex_0,1
27,1,age,26
27,1,edu,22
27,1,income_0,8
27,1,motivation_1,99
27,1,diagnosis_2,1
27,1,meds_3,1
27,1,BIG5_SF_0,0
27,1,BIG5_SF_1,4
27,1,BIG5_SF_2,0
27,1,BIG5_SF_3,0
27,1,BIG5_SF_4,0
27,1,BIG5_SF_5,4
27,1,BIG5_SF_6,0
27,1,BIG5_SF_7,0
27,1,BIG5_SF_8,0
27,1,BIG5_SF_9,0
27,1,BIG5_SF_10,4
27,1,BIG5_SF_11,4
27,1,BIG5_SF_12,4
27,1,BIG5_SF_13,4
27,1,BIG5_SF_14,4
27,1,BIG5_SF_15,4
27,1,BIG5_SF_16,0
27,1,BIG5_SF_17,4
27,1,BIG5_SF_18,4
27,1,BIG5_SF_19,0
27,1,BIG5_SF_20,0
27,1,BIG5_SF_21,4
27,1,BIG5_SF_22,4
27,1,BIG5_SF_23,4
27,1,BIG5_SF_24,4
27,1,BIG5_SF_25,0
27,1,BIG5_SF_26,0
27,1,BIG5_SF_27,0
27,1,BIG5_SF_28,0
27,1,BIG5_SF_29,0
27,1,I_8_0,0
27,1,I_8_1,0
27,1,I_8_2,4
27,1,I_8_3,0
27,1,I_8_4,4
27,1,I_8_5,4
27,1,I_8_6,4
27,1,I_8_7,4
27,1,PID5_BF_0,3
27,1,PID5_BF_1,0
27,1,PID5_BF_2,0
27,1,PID5_BF_3,0
27,1,PID5_BF_4,0
27,1,PID5_BF_5,0
27,1,PID5_BF_6,0
27,1,PID5_BF_7,0
27,1,PID5_BF_8,0
27,1,PID5_BF_9,0
27,1,PID5_BF_10,0
27,1,PID5_BF_11,0
27,1,PID5_BF_12,0
27,1,PID5_BF_13,0
27,1,PID5_BF_14,0
27,1,PID5_BF_15,0
27,1,PID5_BF_16,0
27,1,PID5_BF_17,0
27,1,PID5_BF_18,0
27,1,PID5_BF_19,0
27,1,PID5_BF_20,0
27,1,PID5_BF_21,0
27,1,PID5_BF_22,0
27,1,PID5_BF_23,0
27,1,PID5_BF_24,1
27,1,rt,6.369116666666667
27,1,attention_2,0
27,1,idx,25
27,1,rwn,1
28,1,Sex_0,0
28,1,age,68
28,1,edu,21
28,1,income_0,9
28,1,motivation_1,99
28,1,diagnosis_2,1
28,1,meds_3,1
28,1,BIG5_SF_0,1
28,1,BIG5_SF_1,4
28,1,BIG5_SF_2,0
28,1,BIG5_SF_3,1
28,1,BIG5_SF_4,4
28,1,BIG5_SF_5,2
28,1,BIG5_SF_6,3
28,1,BIG5_SF_7,0
28,1,BIG5_SF_8,0
28,1,BIG5_SF_9,0
28,1,BIG5_SF_10,4
28,1,BIG5_SF_11,4
28,1,BIG5_SF_12,4
28,1,BIG5_SF_13,4
28,1,BIG5_SF_14,4
28,1,BIG5_SF_15,3
28,1,BIG5_SF_16,1
28,1,BIG5_SF_17,4
28,1,BIG5_SF_18,4
28,1,BIG5_SF_19,3
28,1,BIG5_SF_20,1
28,1,BIG5_SF_21,4
28,1,BIG5_SF_22,4
28,1,BIG5_SF_23,4
28,1,BIG5_SF_24,3
28,1,BIG5_SF_25,1
28,1,BIG5_SF_26,0
28,1,BIG5_SF_27,0
28,1,BIG5_SF_28,0
28,1,BIG5_SF_29,0
28,1,I_8_0,1
28,1,I_8_1,2
28,1,I_8_2,3
28,1,I_8_3,4
28,1,I_8_4,4
28,1,I_8_5,3
28,1,I_8_6,4
28,1,I_8_7,4
28,1,PID5_BF_0,0
28,1,PID5_BF_1,0
28,1,PID5_BF_2,0
28,1,PID5_BF_3,0
28,1,PID5_BF_4,0
28,1,PID5_BF_5,0
28,1,PID5_BF_6,0
28,1,PID5_BF_7,1
28,1,PID5_BF_8,0
28,1,PID5_BF_9,2
28,1,PID5_BF_10,1
28,1,PID5_BF_11,0
28,1,PID5_BF_12,0
28,1,PID5_BF_13,0
28,1,PID5_BF_14,0
28,1,PID5_BF_15,0
28,1,PID5_BF_16,0
28,1,PID5_BF_17,0
28,1,PID5_BF_18,0
28,1,PID5_BF_19,0
28,1,PID5_BF_20,0
28,1,PID5_BF_21,0
28,1,PID5_BF_22,2
28,1,PID5_BF_23,0
28,1,PID5_BF_24,0
28,1,rt,8.215016666666667
28,1,attention_2,0
28,1,idx,26
28,1,rwn,1
29,1,Sex_0,1
29,1,age,69
29,1,edu,24
29,1,income_0,8
29,1,motivation_1,99
29,1,diagnosis_2,1
29,1,meds_3,1
29,1,BIG5_SF_0,3
29,1,BIG5_SF_1,4
29,1,BIG5_SF_2,0
29,1,BIG5_SF_3,2
29,1,BIG5_SF_4,3
29,1,BIG5_SF_5,4
29,1,BIG5_SF_6,0
29,1,BIG5_SF_7,0
29,1,BIG5_SF_8,1
29,1,BIG5_SF_9,0
29,1,BIG5_SF_10,4
29,1,BIG5_SF_11,4
29,1,BIG5_SF_12,4
29,1,BIG5_SF_13,3
29,1,BIG5_SF_14,4
29,1,BIG5_SF_15,3
29,1,BIG5_SF_16,0
29,1,BIG5_SF_17,4
29,1,BIG5_SF_18,4
29,1,BIG5_SF_19,4
29,1,BIG5_SF_20,3
29,1,BIG5_SF_21,4
29,1,BIG5_SF_22,4
29,1,BIG5_SF_23,4
29,1,BIG5_SF_24,4
29,1,BIG5_SF_25,0
29,1,BIG5_SF_26,0
29,1,BIG5_SF_27,1
29,1,BIG5_SF_28,0
29,1,BIG5_SF_29,0
29,1,I_8_0,2
29,1,I_8_1,3
29,1,I_8_2,4
29,1,I_8_3,4
29,1,I_8_4,4
29,1,I_8_5,4
29,1,I_8_6,3
29,1,I_8_7,4
29,1,PID5_BF_0,0
29,1,PID5_BF_1,2
29,1,PID5_BF_2,1
29,1,PID5_BF_3,0
29,1,PID5_BF_4,0
29,1,PID5_BF_5,0
29,1,PID5_BF_6,0
29,1,PID5_BF_7,2
29,1,PID5_BF_8,1
29,1,PID5_BF_9,3
29,1,PID5_BF_10,2
29,1,PID5_BF_11,2
29,1,PID5_BF_12,3
29,1,PID5_BF_13,0
29,1,PID5_BF_14,0
29,1,PID5_BF_15,1
29,1,PID5_BF_16,0
29,1,PID5_BF_17,0
29,1,PID5_BF_18,0
29,1,PID5_BF_19,0
29,1,PID5_BF_20,2
29,1,PID5_BF_21,0
29,1,PID5_BF_22,0
29,1,PID5_BF_23,0
29,1,PID5_BF_24,0
29,1,rt,13.15025
29,1,attention_2,0
29,1,idx,27
29,1,rwn,1
30,1,Sex_0,1
30,1,age,70
30,1,edu,16
30,1,income_0,5
30,1,motivation_1,100
30,1,diagnosis_2,1
30,1,meds_3,1
30,1,BIG5_SF_0,3
30,1,BIG5_SF_1,3
30,1,BIG5_SF_2,1
30,1,BIG5_SF_3,1
30,1,BIG5_SF_4,4
30,1,BIG5_SF_5,0
30,1,BIG5_SF_6,0
30,1,BIG5_SF_7,2
30,1,BIG5_SF_8,0
30,1,BIG5_SF_9,2
30,1,BIG5_SF_10,0
30,1,BIG5_SF_11,2
30,1,BIG5_SF_12,3
30,1,BIG5_SF_13,4
30,1,BIG5_SF_14,3
30,1,BIG5_SF_15,1
30,1,BIG5_SF_16,0
30,1,BIG5_SF_17,2
30,1,BIG5_SF_18,3
30,1,BIG5_SF_19,0
30,1,BIG5_SF_20,4
30,1,BIG5_SF_21,4
30,1,BIG5_SF_22,4
30,1,BIG5_SF_23,4
30,1,BIG5_SF_24,4
30,1,BIG5_SF_25,3
30,1,BIG5_SF_26,2
30,1,BIG5_SF_27,1
30,1,BIG5_SF_28,0
30,1,BIG5_SF_29,1
30,1,I_8_0,0
30,1,I_8_1,1
30,1,I_8_2,4
30,1,I_8_3,4
30,1,I_8_4,3
30,1,I_8_5,3
30,1,I_8_6,0
30,1,I_8_7,0
30,1,PID5_BF_0,0
30,1,PID5_BF_1,0
30,1,PID5_BF_2,0
30,1,PID5_BF_3,1
30,1,PID5_BF_4,0
30,1,PID5_BF_5,1
30,1,PID5_BF_6,2
30,1,PID5_BF_7,0
30,1,PID5_BF_8,0
30,1,PID5_BF_9,0
30,1,PID5_BF_10,0
30,1,PID5_BF_11,2
30,1,PID5_BF_12,3
30,1,PID5_BF_13,1
30,1,PID5_BF_14,0
30,1,PID5_BF_15,3
30,1,PID5_BF_16,0
30,1,PID5_BF_17,1
30,1,PID5_BF_18,0
30,1,PID5_BF_19,1
30,1,PID5_BF_20,2
30,1,PID5_BF_21,0
30,1,PID5_BF_22,0
30,1,PID5_BF_23,1
30,1,PID5_BF_24,0
30,1,rt,9.505916666666666
30,1,attention_2,0
30,1,idx,28
30,1,rwn,1
31,1,Sex_0,0
31,1,age,48
31,1,edu,16
31,1,income_0,9
31,1,motivation_1,100
31,1,diagnosis_2,0
31,1,meds_3,0
31,1,BIG5_SF_0,2
31,1,BIG5_SF_1,3
31,1,BIG5_SF_2,0
31,1,BIG5_SF_3,2
31,1,BIG5_SF_4,4
31,1,BIG5_SF_5,3
31,1,BIG5_SF_6,0
31,1,BIG5_SF_7,0
31,1,BIG5_SF_8,2
31,1,BIG5_SF_9,1
31,1,BIG5_SF_10,2
31,1,BIG5_SF_11,1
31,1,BIG5_SF_12,4
31,1,BIG5_SF_13,2
31,1,BIG5_SF_14,3
31,1,BIG5_SF_15,3
31,1,BIG5_SF_16,1
31,1,BIG5_SF_17,4
31,1,BIG5_SF_18,2
31,1,BIG5_SF_19,0
31,1,BIG5_SF_20,0
31,1,BIG5_SF_21,4
31,1,BIG5_SF_22,4
31,1,BIG5_SF_23,3
31,1,BIG5_SF_24,3
31,1,BIG5_SF_25,3
31,1,BIG5_SF_26,3
31,1,BIG5_SF_27,0
31,1,BIG5_SF_28,3
31,1,BIG5_SF_29,0
31,1,I_8_0,0
31,1,I_8_1,0
31,1,I_8_2,4
31,1,I_8_3,4
31,1,I_8_4,4
31,1,I_8_5,4
31,1,I_8_6,1
31,1,I_8_7,1
31,1,PID5_BF_0,0
31,1,PID5_BF_1,0
31,1,PID5_BF_2,0
31,1,PID5_BF_3,1
31,1,PID5_BF_4,0
31,1,PID5_BF_5,0
31,1,PID5_BF_6,1
31,1,PID5_BF_7,0
31,1,PID5_BF_8,0
31,1,PID5_BF_9,3
31,1,PID5_BF_10,0
31,1,PID5_BF_11,0
31,1,PID5_BF_12,0
31,1,PID5_BF_13,0
31,1,PID5_BF_14,1
31,1,PID5_BF_15,0
31,1,PID5_BF_16,0
31,1,PID5_BF_17,1
31,1,PID5_BF_18,0
31,1,PID5_BF_19,0
31,1,PID5_BF_20,2
31,1,PID5_BF_21,0
31,1,PID5_BF_22,1
31,1,PID5_BF_23,0
31,1,PID5_BF_24,0
31,1,rt,25.365966666666665
31,1,attention_2,0
31,1,idx,29
31,1,rwn,1
33,1,Sex_0,0
33,1,age,69
33,1,edu,16
33,1,income_0,3
33,1,motivation_1,98
33,1,diagnosis_2,1
33,1,meds_3,1
33,1,BIG5_SF_0,3
33,1,BIG5_SF_1,4
33,1,BIG5_SF_2,0
33,1,BIG5_SF_3,4
33,1,BIG5_SF_4,2
33,1,BIG5_SF_5,3
33,1,BIG5_SF_6,0
33,1,BIG5_SF_7,0
33,1,BIG5_SF_8,0
33,1,BIG5_SF_9,2
33,1,BIG5_SF_10,3
33,1,BIG5_SF_11,4
33,1,BIG5_SF_12,4
33,1,BIG5_SF_13,4
33,1,BIG5_SF_14,4
33,1,BIG5_SF_15,4
33,1,BIG5_SF_16,1
33,1,BIG5_SF_17,2
33,1,BIG5_SF_18,4
33,1,BIG5_SF_19,3
33,1,BIG5_SF_20,1
33,1,BIG5_SF_21,4
33,1,BIG5_SF_22,4
33,1,BIG5_SF_23,4
33,1,BIG5_SF_24,4
33,1,BIG5_SF_25,1
33,1,BIG5_SF_26,0
33,1,BIG5_SF_27,0
33,1,BIG5_SF_28,3
33,1,BIG5_SF_29,0
33,1,I_8_0,1
33,1,I_8_1,1
33,1,I_8_2,3
33,1,I_8_3,3
33,1,I_8_4,4
33,1,I_8_5,4
33,1,I_8_6,3
33,1,I_8_7,3
33,1,PID5_BF_0,1
33,1,PID5_BF_1,0
33,1,PID5_BF_2,2
33,1,PID5_BF_3,0
33,1,PID5_BF_4,0
33,1,PID5_BF_5,0
33,1,PID5_BF_6,0
33,1,PID5_BF_7,2
33,1,PID5_BF_8,2
33,1,PID5_BF_9,0
33,1,PID5_BF_10,2
33,1,PID5_BF_11,0
33,1,PID5_BF_12,1
33,1,PID5_BF_13,0
33,1,PID5_BF_14,2
33,1,PID5_BF_15,0
33,1,PID5_BF_16,0
33,1,PID5_BF_17,0
33,1,PID5_BF_18,1
33,1,PID5_BF_19,1
33,1,PID5_BF_20,0
33,1,PID5_BF_21,0
33,1,PID5_BF_22,0
33,1,PID5_BF_23,0
33,1,PID5_BF_24,0
33,1,rt,7.1710666666666665
33,1,attention_2,0
33,1,idx,30
33,1,rwn,1
34,1,Sex_0,0
34,1,age,20
34,1,edu,12
34,1,income_0,2
34,1,motivation_1,100
34,1,diagnosis_2,1
34,1,meds_3,1
34,1,BIG5_SF_0,3
34,1,BIG5_SF_1,4
34,1,BIG5_SF_2,3
34,1,BIG5_SF_3,3
34,1,BIG5_SF_4,4
34,1,BIG5_SF_5,1
34,1,BIG5_SF_6,0
34,1,BIG5_SF_7,3
34,1,BIG5_SF_8,2
34,1,BIG5_SF_9,0
34,1,BIG5_SF_10,3
34,1,BIG5_SF_11,4
34,1,BIG5_SF_12,4
34,1,BIG5_SF_13,3
34,1,BIG5_SF_14,3
34,1,BIG5_SF_15,4
34,1,BIG5_SF_16,0
34,1,BIG5_SF_17,1
34,1,BIG5_SF_18,3
34,1,BIG5_SF_19,3
34,1,BIG5_SF_20,3
34,1,BIG5_SF_21,4
34,1,BIG5_SF_22,4
34,1,BIG5_SF_23,4
34,1,BIG5_SF_24,3
34,1,BIG5_SF_25,1
34,1,BIG5_SF_26,0
34,1,BIG5_SF_27,0
34,1,BIG5_SF_28,0
34,1,BIG5_SF_29,0
34,1,I_8_0,4
34,1,I_8_1,3
34,1,I_8_2,1
34,1,I_8_3,2
34,1,I_8_4,4
34,1,I_8_5,3
34,1,I_8_6,4
34,1,I_8_7,4
34,1,PID5_BF_0,1
34,1,PID5_BF_1,3
34,1,PID5_BF_2,3
34,1,PID5_BF_3,0
34,1,PID5_BF_4,3
34,1,PID5_BF_5,1
34,1,PID5_BF_6,3
34,1,PID5_BF_7,2
34,1,PID5_BF_8,0
34,1,PID5_BF_9,3
34,1,PID5_BF_10,2
34,1,PID5_BF_11,1
34,1,PID5_BF_12,3
34,1,PID5_BF_13,0
34,1,PID5_BF_14,1
34,1,PID5_BF_15,0
34,1,PID5_BF_16,0
34,1,PID5_BF_17,0
34,1,PID5_BF_18,1
34,1,PID5_BF_19,1
34,1,PID5_BF_20,3
34,1,PID5_BF_21,0
34,1,PID5_BF_22,2
34,1,PID5_BF_23,2
34,1,PID5_BF_24,0
34,1,rt,12.504016666666669
34,1,attention_2,0
34,1,idx,31
34,1,rwn,1
35,1,Sex_0,1
35,1,age,27
35,1,edu,16
35,1,income_0,5
35,1,motivation_1,95
35,1,diagnosis_2,1
35,1,meds_3,1
35,1,BIG5_SF_0,3
35,1,BIG5_SF_1,4
35,1,BIG5_SF_2,1
35,1,BIG5_SF_3,3
35,1,BIG5_SF_4,4
35,1,BIG5_SF_5,2
35,1,BIG5_SF_6,0
35,1,BIG5_SF_7,0
35,1,BIG5_SF_8,2
35,1,BIG5_SF_9,1
35,1,BIG5_SF_10,3
35,1,BIG5_SF_11,3
35,1,BIG5_SF_12,3
35,1,BIG5_SF_13,4
35,1,BIG5_SF_14,3
35,1,BIG5_SF_15,2
35,1,BIG5_SF_16,3
35,1,BIG5_SF_17,4
35,1,BIG5_SF_18,3
35,1,BIG5_SF_19,2
35,1,BIG5_SF_20,0
35,1,BIG5_SF_21,3
35,1,BIG5_SF_22,4
35,1,BIG5_SF_23,3
35,1,BIG5_SF_24,3
35,1,BIG5_SF_25,0
35,1,BIG5_SF_26,1
35,1,BIG5_SF_27,2
35,1,BIG5_SF_28,3
35,1,BIG5_SF_29,3
35,1,I_8_0,4
35,1,I_8_1,3
35,1,I_8_2,3
35,1,I_8_3,3
35,1,I_8_4,2
35,1,I_8_5,4
35,1,I_8_6,3
35,1,I_8_7,4
35,1,PID5_BF_0,2
35,1,PID5_BF_1,1
35,1,PID5_BF_2,0
35,1,PID5_BF_3,2
35,1,PID5_BF_4,0
35,1,PID5_BF_5,2
35,1,PID5_BF_6,0
35,1,PID5_BF_7,2
35,1,PID5_BF_8,3
35,1,PID5_BF_9,2
35,1,PID5_BF_10,2
35,1,PID5_BF_11,3
35,1,PID5_BF_12,3
35,1,PID5_BF_13,1
35,1,PID5_BF_14,2
35,1,PID5_BF_15,2
35,1,PID5_BF_16,0
35,1,PID5_BF_17,1
35,1,PID5_BF_18,0
35,1,PID5_BF_19,1
35,1,PID5_BF_20,2
35,1,PID5_BF_21,2
35,1,PID5_BF_22,0
35,1,PID5_BF_23,2
35,1,PID5_BF_24,0
35,1,rt,13.7892
35,1,attention_2,0
35,1,idx,32
35,1,rwn,1
36,1,Sex_0,0
36,1,age,21
36,1,edu,15
36,1,income_0,2
36,1,motivation_1,73
36,1,diagnosis_2,1
36,1,meds_3,1
36,1,BIG5_SF_0,3
36,1,BIG5_SF_1,4
36,1,BIG5_SF_2,3
36,1,BIG5_SF_3,4
36,1,BIG5_SF_4,3
36,1,BIG5_SF_5,4
36,1,BIG5_SF_6,1
36,1,BIG5_SF_7,3
36,1,BIG5_SF_8,1
36,1,BIG5_SF_9,3
36,1,BIG5_SF_10,3
36,1,BIG5_SF_11,2
36,1,BIG5_SF_12,4
36,1,BIG5_SF_13,3
36,1,BIG5_SF_14,3
36,1,BIG5_SF_15,3
36,1,BIG5_SF_16,0
36,1,BIG5_SF_17,3
36,1,BIG5_SF_18,4
36,1,BIG5_SF_19,3
36,1,BIG5_SF_20,0
36,1,BIG5_SF_21,4
36,1,BIG5_SF_22,4
36,1,BIG5_SF_23,3
36,1,BIG5_SF_24,4
36,1,BIG5_SF_25,1
36,1,BIG5_SF_26,2
36,1,BIG5_SF_27,3
36,1,BIG5_SF_28,3
36,1,BIG5_SF_29,4
36,1,I_8_0,2
36,1,I_8_1,1
36,1,I_8_2,4
36,1,I_8_3,3
36,1,I_8_4,4
36,1,I_8_5,3
36,1,I_8_6,3
36,1,I_8_7,4
36,1,PID5_BF_0,1
36,1,PID5_BF_1,2
36,1,PID5_BF_2,1
36,1,PID5_BF_3,2
36,1,PID5_BF_4,0
36,1,PID5_BF_5,2
36,1,PID5_BF_6,2
36,1,PID5_BF_7,2
36,1,PID5_BF_8,2
36,1,PID5_BF_9,1
36,1,PID5_BF_10,2
36,1,PID5_BF_11,1
36,1,PID5_BF_12,2
36,1,PID5_BF_13,1
36,1,PID5_BF_14,2
36,1,PID5_BF_15,2
36,1,PID5_BF_16,1
36,1,PID5_BF_17,1
36,1,PID5_BF_18,0
36,1,PID5_BF_19,2
36,1,PID5_BF_20,1
36,1,PID5_BF_21,2
36,1,PID5_BF_22,2
36,1,PID5_BF_23,2
36,1,PID5_BF_24,1
36,1,rt,5.7687333333333335
36,1,attention_2,0
36,1,idx,33
36,1,rwn,1
37,1,Sex_0,1
37,1,age,25
37,1,edu,15
37,1,income_0,3
37,1,motivation_1,94
37,1,diagnosis_2,1
37,1,meds_3,1
37,1,BIG5_SF_0,1
37,1,BIG5_SF_1,2
37,1,BIG5_SF_2,0
37,1,BIG5_SF_3,0
37,1,BIG5_SF_4,3
37,1,BIG5_SF_5,4
37,1,BIG5_SF_6,3
37,1,BIG5_SF_7,0
37,1,BIG5_SF_8,0
37,1,BIG5_SF_9,1
37,1,BIG5_SF_10,4
37,1,BIG5_SF_11,2
37,1,BIG5_SF_12,3
37,1,BIG5_SF_13,4
37,1,BIG5_SF_14,4
37,1,BIG5_SF_15,3
37,1,BIG5_SF_16,3
37,1,BIG5_SF_17,4
37,1,BIG5_SF_18,4
37,1,BIG5_SF_19,0
37,1,BIG5_SF_20,1
37,1,BIG5_SF_21,4
37,1,BIG5_SF_22,4
37,1,BIG5_SF_23,4
37,1,BIG5_SF_24,3
37,1,BIG5_SF_25,0
37,1,BIG5_SF_26,0
37,1,BIG5_SF_27,1
37,1,BIG5_SF_28,0
37,1,BIG5_SF_29,1
37,1,I_8_0,1
37,1,I_8_1,1
37,1,I_8_2,4
37,1,I_8_3,4
37,1,I_8_4,4
37,1,I_8_5,3
37,1,I_8_6,3
37,1,I_8_7,4
37,1,PID5_BF_0,0
37,1,PID5_BF_1,0
37,1,PID5_BF_2,1
37,1,PID5_BF_3,0
37,1,PID5_BF_4,0
37,1,PID5_BF_5,0
37,1,PID5_BF_6,0
37,1,PID5_BF_7,1
37,1,PID5_BF_8,0
37,1,PID5_BF_9,2
37,1,PID5_BF_10,0
37,1,PID5_BF_11,0
37,1,PID5_BF_12,2
37,1,PID5_BF_13,0
37,1,PID5_BF_14,0
37,1,PID5_BF_15,0
37,1,PID5_BF_16,0
37,1,PID5_BF_17,0
37,1,PID5_BF_18,1
37,1,PID5_BF_19,0
37,1,PID5_BF_20,0
37,1,PID5_BF_21,0
37,1,PID5_BF_22,0
37,1,PID5_BF_23,0
37,1,PID5_BF_24,0
37,1,rt,12.6084
37,1,attention_2,0
37,1,idx,34
37,1,rwn,1
39,1,Sex_0,1
39,1,age,27
39,1,edu,25
39,1,income_0,5
39,1,motivation_1,100
39,1,diagnosis_2,1
39,1,meds_3,1
39,1,BIG5_SF_0,4
39,1,BIG5_SF_1,4
39,1,BIG5_SF_2,0
39,1,BIG5_SF_3,2
39,1,BIG5_SF_4,1
39,1,BIG5_SF_5,1
39,1,BIG5_SF_6,0
39,1,BIG5_SF_7,1
39,1,BIG5_SF_8,2
39,1,BIG5_SF_9,0
39,1,BIG5_SF_10,4
39,1,BIG5_SF_11,4
39,1,BIG5_SF_12,4
39,1,BIG5_SF_13,4
39,1,BIG5_SF_14,4
39,1,BIG5_SF_15,0
39,1,BIG5_SF_16,0
39,1,BIG5_SF_17,4
39,1,BIG5_SF_18,4
39,1,BIG5_SF_19,3
39,1,BIG5_SF_20,4
39,1,BIG5_SF_21,4
39,1,BIG5_SF_22,4
39,1,BIG5_SF_23,4
39,1,BIG5_SF_24,4
39,1,BIG5_SF_25,0
39,1,BIG5_SF_26,2
39,1,BIG5_SF_27,0
39,1,BIG5_SF_28,0
39,1,BIG5_SF_29,0
39,1,I_8_0,2
39,1,I_8_1,0
39,1,I_8_2,4
39,1,I_8_3,4
39,1,I_8_4,4
39,1,I_8_5,4
39,1,I_8_6,4
39,1,I_8_7,4
39,1,PID5_BF_0,0
39,1,PID5_BF_1,0
39,1,PID5_BF_2,0
39,1,PID5_BF_3,0
39,1,PID5_BF_4,0
39,1,PID5_BF_5,0
39,1,PID5_BF_6,0
39,1,PID5_BF_7,1
39,1,PID5_BF_8,1
39,1,PID5_BF_9,0
39,1,PID5_BF_10,0
39,1,PID5_BF_11,0
39,1,PID5_BF_12,0
39,1,PID5_BF_13,3
39,1,PID5_BF_14,1
39,1,PID5_BF_15,3
39,1,PID5_BF_16,0
39,1,PID5_BF_17,0
39,1,PID5_BF_18,0
39,1,PID5_BF_19,0
39,1,PID5_BF_20,2
39,1,PID5_BF_21,2
39,1,PID5_BF_22,0
39,1,PID5_BF_23,0
39,1,PID5_BF_24,0
39,1,rt,12.4945
39,1,attention_2,0
39,1,idx,36
39,1,rwn,1
41,1,Sex_0,1
41,1,age,21
41,1,edu,12
41,1,income_0,3
41,1,motivation_1,99
41,1,diagnosis_2,1
41,1,meds_3,1
41,1,BIG5_SF_0,0
41,1,BIG5_SF_1,3
41,1,BIG5_SF_2,0
41,1,BIG5_SF_3,0
41,1,BIG5_SF_4,4
41,1,BIG5_SF_5,3
41,1,BIG5_SF_6,1
41,1,BIG5_SF_7,0
41,1,BIG5_SF_8,0
41,1,BIG5_SF_9,0
41,1,BIG5_SF_10,3
41,1,BIG5_SF_11,2
41,1,BIG5_SF_12,3
41,1,BIG5_SF_13,4
41,1,BIG5_SF_14,4
41,1,BIG5_SF_15,3
41,1,BIG5_SF_16,3
41,1,BIG5_SF_17,4
41,1,BIG5_SF_18,4
41,1,BIG5_SF_19,3
41,1,BIG5_SF_20,2
41,1,BIG5_SF_21,4
41,1,BIG5_SF_22,4
41,1,BIG5_SF_23,4
41,1,BIG5_SF_24,2
41,1,BIG5_SF_25,1
41,1,BIG5_SF_26,0
41,1,BIG5_SF_27,0
41,1,BIG5_SF_28,0
41,1,BIG5_SF_29,1
41,1,I_8_0,2
41,1,I_8_1,1
41,1,I_8_2,3
41,1,I_8_3,4
41,1,I_8_4,4
41,1,I_8_5,3
41,1,I_8_6,3
41,1,I_8_7,3
41,1,PID5_BF_0,0
41,1,PID5_BF_1,0
41,1,PID5_BF_2,0
41,1,PID5_BF_3,1
41,1,PID5_BF_4,0
41,1,PID5_BF_5,0
41,1,PID5_BF_6,0
41,1,PID5_BF_7,2
41,1,PID5_BF_8,0
41,1,PID5_BF_9,3
41,1,PID5_BF_10,1
41,1,PID5_BF_11,0
41,1,PID5_BF_12,3
41,1,PID5_BF_13,0
41,1,PID5_BF_14,0
41,1,PID5_BF_15,1
41,1,PID5_BF_16,0
41,1,PID5_BF_17,0
41,1,PID5_BF_18,2
41,1,PID5_BF_19,0
41,1,PID5_BF_20,0
41,1,PID5_BF_21,0
41,1,PID5_BF_22,1
41,1,PID5_BF_23,0
41,1,PID5_BF_24,0
41,1,rt,11.851166666666666
41,1,attention_2,0
41,1,idx,38
41,1,rwn,1
42,1,Sex_0,0
42,1,age,29
42,1,edu,25
42,1,income_0,4
42,1,motivation_1,100
42,1,diagnosis_2,1
42,1,meds_3,1
42,1,BIG5_SF_0,4
42,1,BIG5_SF_1,4
42,1,BIG5_SF_2,0
42,1,BIG5_SF_3,0
42,1,BIG5_SF_4,3
42,1,BIG5_SF_5,0
42,1,BIG5_SF_6,0
42,1,BIG5_SF_7,0
42,1,BIG5_SF_8,0
42,1,BIG5_SF_9,0
42,1,BIG5_SF_10,4
42,1,BIG5_SF_11,4
42,1,BIG5_SF_12,3
42,1,BIG5_SF_13,4
42,1,BIG5_SF_14,4
42,1,BIG5_SF_15,0
42,1,BIG5_SF_16,0
42,1,BIG5_SF_17,4
42,1,BIG5_SF_18,4
42,1,BIG5_SF_19,1
42,1,BIG5_SF_20,4
42,1,BIG5_SF_21,4
42,1,BIG5_SF_22,4
42,1,BIG5_SF_23,4
42,1,BIG5_SF_24,4
42,1,BIG5_SF_25,0
42,1,BIG5_SF_26,0
42,1,BIG5_SF_27,0
42,1,BIG5_SF_28,0
42,1,BIG5_SF_29,0
42,1,I_8_0,0
42,1,I_8_1,0
42,1,I_8_2,4
42,1,I_8_3,4
42,1,I_8_4,4
42,1,I_8_5,4
42,1,I_8_6,2
42,1,I_8_7,2
42,1,PID5_BF_0,0
42,1,PID5_BF_1,0
42,1,PID5_BF_2,0
42,1,PID5_BF_3,0
42,1,PID5_BF_4,0
42,1,PID5_BF_5,0
42,1,PID5_BF_6,0
42,1,PID5_BF_7,1
42,1,PID5_BF_8,0
42,1,PID5_BF_9,0
42,1,PID5_BF_10,0
42,1,PID5_BF_11,0
42,1,PID5_BF_12,0
42,1,PID5_BF_13,3
42,1,PID5_BF_14,1
42,1,PID5_BF_15,3
42,1,PID5_BF_16,3
42,1,PID5_BF_17,0
42,1,PID5_BF_18,0
42,1,PID5_BF_19,0
42,1,PID5_BF_20,1
42,1,PID5_BF_21,0
42,1,PID5_BF_22,0
42,1,PID5_BF_23,0
42,1,PID5_BF_24,0
42,1,rt,8.00025
42,1,attention_2,0
42,1,idx,39
42,1,rwn,1
43,1,Sex_0,1
43,1,age,29
43,1,edu,12
43,1,income_0,5
43,1,motivation_1,98
43,1,diagnosis_2,1
43,1,meds_3,1
43,1,BIG5_SF_0,1
43,1,BIG5_SF_1,4
43,1,BIG5_SF_2,0
43,1,BIG5_SF_3,3
43,1,BIG5_SF_4,4
43,1,BIG5_SF_5,4
43,1,BIG5_SF_6,0
43,1,BIG5_SF_7,0
43,1,BIG5_SF_8,0
43,1,BIG5_SF_9,0
43,1,BIG5_SF_10,4
43,1,BIG5_SF_11,4
43,1,BIG5_SF_12,4
43,1,BIG5_SF_13,4
43,1,BIG5_SF_14,4
43,1,BIG5_SF_15,4
43,1,BIG5_SF_16,0
43,1,BIG5_SF_17,4
43,1,BIG5_SF_18,4
43,1,BIG5_SF_19,4
43,1,BIG5_SF_20,2
43,1,BIG5_SF_21,4
43,1,BIG5_SF_22,4
43,1,BIG5_SF_23,4
43,1,BIG5_SF_24,4
43,1,BIG5_SF_25,0
43,1,BIG5_SF_26,0
43,1,BIG5_SF_27,0
43,1,BIG5_SF_28,0
43,1,BIG5_SF_29,0
43,1,I_8_0,0
43,1,I_8_1,1
43,1,I_8_2,4
43,1,I_8_3,4
43,1,I_8_4,4
43,1,I_8_5,3
43,1,I_8_6,3
43,1,I_8_7,4
43,1,PID5_BF_0,0
43,1,PID5_BF_1,0
43,1,PID5_BF_2,3
43,1,PID5_BF_3,0
43,1,PID5_BF_4,0
43,1,PID5_BF_5,0
43,1,PID5_BF_6,0
43,1,PID5_BF_7,0
43,1,PID5_BF_8,0
43,1,PID5_BF_9,0
43,1,PID5_BF_10,0
43,1,PID5_BF_11,0
43,1,PID5_BF_12,2
43,1,PID5_BF_13,0
43,1,PID5_BF_14,0
43,1,PID5_BF_15,0
43,1,PID5_BF_16,0
43,1,PID5_BF_17,0
43,1,PID5_BF_18,0
43,1,PID5_BF_19,0
43,1,PID5_BF_20,0
43,1,PID5_BF_21,0
43,1,PID5_BF_22,0
43,1,PID5_BF_23,0
43,1,PID5_BF_24,0
43,1,rt,28.62655
43,1,attention_2,0
43,1,idx,40
43,1,rwn,1
44,1,Sex_0,0
44,1,age,19
44,1,edu,12
44,1,income_0,1
44,1,motivation_1,100
44,1,diagnosis_2,1
44,1,meds_3,1
44,1,BIG5_SF_0,0
44,1,BIG5_SF_1,1
44,1,BIG5_SF_2,4
44,1,BIG5_SF_3,3
44,1,BIG5_SF_4,1
44,1,BIG5_SF_5,4
44,1,BIG5_SF_6,1
44,1,BIG5_SF_7,0
44,1,BIG5_SF_8,4
44,1,BIG5_SF_9,3
44,1,BIG5_SF_10,1
44,1,BIG5_SF_11,1
44,1,BIG5_SF_12,3
44,1,BIG5_SF_13,1
44,1,BIG5_SF_14,4
44,1,BIG5_SF_15,4
44,1,BIG5_SF_16,1
44,1,BIG5_SF_17,0
44,1,BIG5_SF_18,1
44,1,BIG5_SF_19,3
44,1,BIG5_SF_20,0
44,1,BIG5_SF_21,3
44,1,BIG5_SF_22,3
44,1,BIG5_SF_23,4
44,1,BIG5_SF_24,4
44,1,BIG5_SF_25,0
44,1,BIG5_SF_26,3
44,1,BIG5_SF_27,0
44,1,BIG5_SF_28,3
44,1,BIG5_SF_29,0
44,1,I_8_0,1
44,1,I_8_1,3
44,1,I_8_2,3
44,1,I_8_3,2
44,1,I_8_4,3
44,1,I_8_5,0
44,1,I_8_6,3
44,1,I_8_7,4
44,1,PID5_BF_0,1
44,1,PID5_BF_1,3
44,1,PID5_BF_2,1
44,1,PID5_BF_3,2
44,1,PID5_BF_4,3
44,1,PID5_BF_5,0
44,1,PID5_BF_6,2
44,1,PID5_BF_7,3
44,1,PID5_BF_8,2
44,1,PID5_BF_9,1
44,1,PID5_BF_10,0
44,1,PID5_BF_11,0
44,1,PID5_BF_12,1
44,1,PID5_BF_13,0
44,1,PID5_BF_14,3
44,1,PID5_BF_15,0
44,1,PID5_BF_16,0
44,1,PID5_BF_17,1
44,1,PID5_BF_18,2
44,1,PID5_BF_19,1
44,1,PID5_BF_20,2
44,1,PID5_BF_21,1
44,1,PID5_BF_22,2
44,1,PID5_BF_23,0
44,1,PID5_BF_24,0
44,1,rt,10.38805
44,1,attention_2,0
44,1,idx,41
44,1,rwn,1
45,1,Sex_0,1
45,1,age,43
45,1,edu,18
45,1,income_0,8
45,1,motivation_1,100
45,1,diagnosis_2,1
45,1,meds_3,1
45,1,BIG5_SF_0,3
45,1,BIG5_SF_1,4
45,1,BIG5_SF_2,0
45,1,BIG5_SF_3,3
45,1,BIG5_SF_4,4
45,1,BIG5_SF_5,3
45,1,BIG5_SF_6,0
45,1,BIG5_SF_7,0
45,1,BIG5_SF_8,0
45,1,BIG5_SF_9,0
45,1,BIG5_SF_10,4
45,1,BIG5_SF_11,4
45,1,BIG5_SF_12,4
45,1,BIG5_SF_13,4
45,1,BIG5_SF_14,3
45,1,BIG5_SF_15,4
45,1,BIG5_SF_16,0
45,1,BIG5_SF_17,4
45,1,BIG5_SF_18,4
45,1,BIG5_SF_19,3
45,1,BIG5_SF_20,1
45,1,BIG5_SF_21,4
45,1,BIG5_SF_22,4
45,1,BIG5_SF_23,4
45,1,BIG5_SF_24,4
45,1,BIG5_SF_25,1
45,1,BIG5_SF_26,0
45,1,BIG5_SF_27,0
45,1,BIG5_SF_28,3
45,1,BIG5_SF_29,0
45,1,I_8_0,1
45,1,I_8_1,0
45,1,I_8_2,4
45,1,I_8_3,4
45,1,I_8_4,4
45,1,I_8_5,4
45,1,I_8_6,2
45,1,I_8_7,1
45,1,PID5_BF_0,0
45,1,PID5_BF_1,0
45,1,PID5_BF_2,0
45,1,PID5_BF_3,0
45,1,PID5_BF_4,0
45,1,PID5_BF_5,0
45,1,PID5_BF_6,0
45,1,PID5_BF_7,3
45,1,PID5_BF_8,0
45,1,PID5_BF_9,1
45,1,PID5_BF_10,0
45,1,PID5_BF_11,0
45,1,PID5_BF_12,1
45,1,PID5_BF_13,0
45,1,PID5_BF_14,1
45,1,PID5_BF_15,2
45,1,PID5_BF_16,0
45,1,PID5_BF_17,1
45,1,PID5_BF_18,0
45,1,PID5_BF_19,0
45,1,PID5_BF_20,1
45,1,PID5_BF_21,0
45,1,PID5_BF_22,0
45,1,PID5_BF_23,0
45,1,PID5_BF_24,0
45,1,rt,17.768616666666667
45,1,attention_2,0
45,1,idx,42
45,1,rwn,1
46,1,Sex_0,0
46,1,age,37
46,1,edu,16
46,1,income_0,5
46,1,motivation_1,50
46,1,diagnosis_2,2
46,1,meds_3,1
46,1,BIG5_SF_0,3
46,1,BIG5_SF_1,4
46,1,BIG5_SF_2,0
46,1,BIG5_SF_3,4
46,1,BIG5_SF_4,4
46,1,BIG5_SF_5,3
46,1,BIG5_SF_6,0
46,1,BIG5_SF_7,0
46,1,BIG5_SF_8,3
46,1,BIG5_SF_9,4
46,1,BIG5_SF_10,4
46,1,BIG5_SF_11,4
46,1,BIG5_SF_12,3
46,1,BIG5_SF_13,3
46,1,BIG5_SF_14,3
46,1,BIG5_SF_15,4
46,1,BIG5_SF_16,0
46,1,BIG5_SF_17,4
46,1,BIG5_SF_18,4
46,1,BIG5_SF_19,4
46,1,BIG5_SF_20,3
46,1,BIG5_SF_21,4
46,1,BIG5_SF_22,3
46,1,BIG5_SF_23,4
46,1,BIG5_SF_24,4
46,1,BIG5_SF_25,1
46,1,BIG5_SF_26,3
46,1,BIG5_SF_27,3
46,1,BIG5_SF_28,4
46,1,BIG5_SF_29,1
46,1,I_8_0,3
46,1,I_8_1,3
46,1,I_8_2,4
46,1,I_8_3,4
46,1,I_8_4,4
46,1,I_8_5,3
46,1,I_8_6,2
46,1,I_8_7,2
46,1,PID5_BF_0,3
46,1,PID5_BF_1,0
46,1,PID5_BF_2,2
46,1,PID5_BF_3,3
46,1,PID5_BF_4,3
46,1,PID5_BF_5,0
46,1,PID5_BF_6,3
46,1,PID5_BF_7,2
46,1,PID5_BF_8,3
46,1,PID5_BF_9,3
46,1,PID5_BF_10,3
46,1,PID5_BF_11,3
46,1,PID5_BF_12,3
46,1,PID5_BF_13,2
46,1,PID5_BF_14,3
46,1,PID5_BF_15,2
46,1,PID5_BF_16,0
46,1,PID5_BF_17,3
46,1,PID5_BF_18,0
46,1,PID5_BF_19,1
46,1,PID5_BF_20,1
46,1,PID5_BF_21,0
46,1,PID5_BF_22,2
46,1,PID5_BF_23,2
46,1,PID5_BF_24,0
46,1,rt,19.889133333333337
46,1,attention_2,0
46,1,idx,43
46,1,rwn,1
47,1,Sex_0,0
47,1,age,25
47,1,edu,1
47,1,income_0,9
47,1,motivation_1,100
47,1,diagnosis_2,1
47,1,meds_3,1
47,1,BIG5_SF_0,4
47,1,BIG5_SF_1,4
47,1,BIG5_SF_2,0
47,1,BIG5_SF_3,2
47,1,BIG5_SF_4,2
47,1,BIG5_SF_5,4
47,1,BIG5_SF_6,0
47,1,BIG5_SF_7,0
47,1,BIG5_SF_8,2
47,1,BIG5_SF_9,1
47,1,BIG5_SF_10,4
47,1,BIG5_SF_11,4
47,1,BIG5_SF_12,4
47,1,BIG5_SF_13,4
47,1,BIG5_SF_14,4
47,1,BIG5_SF_15,3
47,1,BIG5_SF_16,1
47,1,BIG5_SF_17,4
47,1,BIG5_SF_18,4
47,1,BIG5_SF_19,1
47,1,BIG5_SF_20,0
47,1,BIG5_SF_21,4
47,1,BIG5_SF_22,4
47,1,BIG5_SF_23,4
47,1,BIG5_SF_24,4
47,1,BIG5_SF_25,0
47,1,BIG5_SF_26,2
47,1,BIG5_SF_27,0
47,1,BIG5_SF_28,0
47,1,BIG5_SF_29,4
47,1,I_8_0,2
47,1,I_8_1,0
47,1,I_8_2,4
47,1,I_8_3,4
47,1,I_8_4,4
47,1,I_8_5,4
47,1,I_8_6,4
47,1,I_8_7,4
47,1,PID5_BF_0,0
47,1,PID5_BF_1,1
47,1,PID5_BF_2,2
47,1,PID5_BF_3,3
47,1,PID5_BF_4,0
47,1,PID5_BF_5,0
47,1,PID5_BF_6,0
47,1,PID5_BF_7,0
47,1,PID5_BF_8,0
47,1,PID5_BF_9,0
47,1,PID5_BF_10,0
47,1,PID5_BF_11,0
47,1,PID5_BF_12,2
47,1,PID5_BF_13,0
47,1,PID5_BF_14,0
47,1,PID5_BF_15,0
47,1,PID5_BF_16,0
47,1,PID5_BF_17,0
47,1,PID5_BF_18,1
47,1,PID5_BF_19,0
47,1,PID5_BF_20,0
47,1,PID5_BF_21,0
47,1,PID5_BF_22,0
47,1,PID5_BF_23,0
47,1,PID5_BF_24,0
47,1,rt,7.765916666666667
47,1,attention_2,0
47,1,idx,44
47,1,rwn,1
48,1,Sex_0,1
48,1,age,48
48,1,edu,17
48,1,income_0,3
48,1,motivation_1,100
48,1,diagnosis_2,1
48,1,meds_3,1
48,1,BIG5_SF_0,4
48,1,BIG5_SF_1,4
48,1,BIG5_SF_2,0
48,1,BIG5_SF_3,0
48,1,BIG5_SF_4,1
48,1,BIG5_SF_5,4
48,1,BIG5_SF_6,0
48,1,BIG5_SF_7,0
48,1,BIG5_SF_8,0
48,1,BIG5_SF_9,0
48,1,BIG5_SF_10,4
48,1,BIG5_SF_11,4
48,1,BIG5_SF_12,4
48,1,BIG5_SF_13,4
48,1,BIG5_SF_14,4
48,1,BIG5_SF_15,4
48,1,BIG5_SF_16,0
48,1,BIG5_SF_17,4
48,1,BIG5_SF_18,4
48,1,BIG5_SF_19,4
48,1,BIG5_SF_20,4
48,1,BIG5_SF_21,4
48,1,BIG5_SF_22,4
48,1,BIG5_SF_23,4
48,1,BIG5_SF_24,4
48,1,BIG5_SF_25,0
48,1,BIG5_SF_26,0
48,1,BIG5_SF_27,0
48,1,BIG5_SF_28,0
48,1,BIG5_SF_29,0
48,1,I_8_0,1
48,1,I_8_1,0
48,1,I_8_2,4
48,1,I_8_3,4
48,1,I_8_4,4
48,1,I_8_5,4
48,1,I_8_6,4
48,1,I_8_7,4
48,1,PID5_BF_0,0
48,1,PID5_BF_1,0
48,1,PID5_BF_2,0
48,1,PID5_BF_3,0
48,1,PID5_BF_4,0
48,1,PID5_BF_5,0
48,1,PID5_BF_6,0
48,1,PID5_BF_7,0
48,1,PID5_BF_8,0
48,1,PID5_BF_9,0
48,1,PID5_BF_10,0
48,1,PID5_BF_11,0
48,1,PID5_BF_12,3
48,1,PID5_BF_13,0
48,1,PID5_BF_14,0
48,1,PID5_BF_15,0
48,1,PID5_BF_16,0
48,1,PID5_BF_17,0
48,1,PID5_BF_18,0
48,1,PID5_BF_19,0
48,1,PID5_BF_20,3
48,1,PID5_BF_21,2
48,1,PID5_BF_22,2
48,1,PID5_BF_23,3
48,1,PID5_BF_24,0
48,1,rt,26.4769
48,1,attention_2,0
48,1,idx,45
48,1,rwn,1
49,1,Sex_0,1
49,1,age,34
49,1,edu,16
49,1,income_0,3
49,1,motivation_1,100
49,1,diagnosis_2,1
49,1,meds_3,1
49,1,BIG5_SF_0,1
49,1,BIG5_SF_1,3
49,1,BIG5_SF_2,2
49,1,BIG5_SF_3,2
49,1,BIG5_SF_4,3
49,1,BIG5_SF_5,3
49,1,BIG5_SF_6,1
49,1,BIG5_SF_7,1
49,1,BIG5_SF_8,0
49,1,BIG5_SF_9,1
49,1,BIG5_SF_10,3
49,1,BIG5_SF_11,3
49,1,BIG5_SF_12,4
49,1,BIG5_SF_13,3
49,1,BIG5_SF_14,3
49,1,BIG5_SF_15,4
49,1,BIG5_SF_16,2
49,1,BIG5_SF_17,3
49,1,BIG5_SF_18,2
49,1,BIG5_SF_19,1
49,1,BIG5_SF_20,0
49,1,BIG5_SF_21,4
49,1,BIG5_SF_22,4
49,1,BIG5_SF_23,4
49,1,BIG5_SF_24,3
49,1,BIG5_SF_25,1
49,1,BIG5_SF_26,1
49,1,BIG5_SF_27,2
49,1,BIG5_SF_28,3
49,1,BIG5_SF_29,1
49,1,I_8_0,2
49,1,I_8_1,2
49,1,I_8_2,3
49,1,I_8_3,2
49,1,I_8_4,3
49,1,I_8_5,4
49,1,I_8_6,1
49,1,I_8_7,4
49,1,PID5_BF_0,1
49,1,PID5_BF_1,1
49,1,PID5_BF_2,0
49,1,PID5_BF_3,0
49,1,PID5_BF_4,0
49,1,PID5_BF_5,1
49,1,PID5_BF_6,0
49,1,PID5_BF_7,0
49,1,PID5_BF_8,1
49,1,PID5_BF_9,0
49,1,PID5_BF_10,0
49,1,PID5_BF_11,0
49,1,PID5_BF_12,1
49,1,PID5_BF_13,0
49,1,PID5_BF_14,2
49,1,PID5_BF_15,0
49,1,PID5_BF_16,0
49,1,PID5_BF_17,0
49,1,PID5_BF_18,1
49,1,PID5_BF_19,0
49,1,PID5_BF_20,0
49,1,PID5_BF_21,1
49,1,PID5_BF_22,0
49,1,PID5_BF_23,0
49,1,PID5_BF_24,0
49,1,rt,6.4405
49,1,attention_2,0
49,1,idx,46
49,1,rwn,1
50,1,Sex_0,1
50,1,age,42
50,1,edu,17
50,1,income_0,4
50,1,motivation_1,72
50,1,diagnosis_2,1
50,1,meds_3,1
50,1,BIG5_SF_0,3
50,1,BIG5_SF_1,4
50,1,BIG5_SF_2,3
50,1,BIG5_SF_3,4
50,1,BIG5_SF_4,4
50,1,BIG5_SF_5,1
50,1,BIG5_SF_6,0
50,1,BIG5_SF_7,3
50,1,BIG5_SF_8,3
50,1,BIG5_SF_9,1
50,1,BIG5_SF_10,1
50,1,BIG5_SF_11,3
50,1,BIG5_SF_12,4
50,1,BIG5_SF_13,2
50,1,BIG5_SF_14,4
50,1,BIG5_SF_15,1
50,1,BIG5_SF_16,3
50,1,BIG5_SF_17,1
50,1,BIG5_SF_18,0
50,1,BIG5_SF_19,4
50,1,BIG5_SF_20,3
50,1,BIG5_SF_21,4
50,1,BIG5_SF_22,1
50,1,BIG5_SF_23,1
50,1,BIG5_SF_24,4
50,1,BIG5_SF_25,3
50,1,BIG5_SF_26,1
50,1,BIG5_SF_27,3
50,1,BIG5_SF_28,3
50,1,BIG5_SF_29,0
50,1,I_8_0,2
50,1,I_8_1,2
50,1,I_8_2,3
50,1,I_8_3,3
50,1,I_8_4,2
50,1,I_8_5,1
50,1,I_8_6,4
50,1,I_8_7,3
50,1,PID5_BF_0,2
50,1,PID5_BF_1,1
50,1,PID5_BF_2,0
50,1,PID5_BF_3,1
50,1,PID5_BF_4,1
50,1,PID5_BF_5,0
50,1,PID5_BF_6,3
50,1,PID5_BF_7,2
50,1,PID5_BF_8,2
50,1,PID5_BF_9,2
50,1,PID5_BF_10,0
50,1,PID5_BF_11,0
50,1,PID5_BF_12,0
50,1,PID5_BF_13,2
50,1,PID5_BF_14,2
50,1,PID5_BF_15,2
50,1,PID5_BF_16,0
50,1,PID5_BF_17,2
50,1,PID5_BF_18,2
50,1,PID5_BF_19,0
50,1,PID5_BF_20,3
50,1,PID5_BF_21,0
50,1,PID5_BF_22,1
50,1,PID5_BF_23,0
50,1,PID5_BF_24,0
50,1,rt,8.72835
50,1,attention_2,0
50,1,idx,47
50,1,rwn,1
52,1,Sex_0,0
52,1,age,27
52,1,edu,13
52,1,income_0,6
52,1,motivation_1,99
52,1,diagnosis_2,1
52,1,meds_3,1
52,1,BIG5_SF_0,1
52,1,BIG5_SF_1,2
52,1,BIG5_SF_2,0
52,1,BIG5_SF_3,0
52,1,BIG5_SF_4,0
52,1,BIG5_SF_5,3
52,1,BIG5_SF_6,1
52,1,BIG5_SF_7,0
52,1,BIG5_SF_8,0
52,1,BIG5_SF_9,3
52,1,BIG5_SF_10,4
52,1,BIG5_SF_11,2
52,1,BIG5_SF_12,4
52,1,BIG5_SF_13,4
52,1,BIG5_SF_14,4
52,1,BIG5_SF_15,4
52,1,BIG5_SF_16,0
52,1,BIG5_SF_17,4
52,1,BIG5_SF_18,4
52,1,BIG5_SF_19,0
52,1,BIG5_SF_20,1
52,1,BIG5_SF_21,4
52,1,BIG5_SF_22,4
52,1,BIG5_SF_23,4
52,1,BIG5_SF_24,4
52,1,BIG5_SF_25,0
52,1,BIG5_SF_26,0
52,1,BIG5_SF_27,0
52,1,BIG5_SF_28,0
52,1,BIG5_SF_29,0
52,1,I_8_0,1
52,1,I_8_1,1
52,1,I_8_2,3
52,1,I_8_3,4
52,1,I_8_4,4
52,1,I_8_5,4
52,1,I_8_6,2
52,1,I_8_7,2
52,1,PID5_BF_0,0
52,1,PID5_BF_1,0
52,1,PID5_BF_2,0
52,1,PID5_BF_3,0
52,1,PID5_BF_4,0
52,1,PID5_BF_5,0
52,1,PID5_BF_6,0
52,1,PID5_BF_7,0
52,1,PID5_BF_8,0
52,1,PID5_BF_9,1
52,1,PID5_BF_10,0
52,1,PID5_BF_11,0
52,1,PID5_BF_12,1
52,1,PID5_BF_13,0
52,1,PID5_BF_14,0
52,1,PID5_BF_15,0
52,1,PID5_BF_16,0
52,1,PID5_BF_17,0
52,1,PID5_BF_18,2
52,1,PID5_BF_19,0
52,1,PID5_BF_20,1
52,1,PID5_BF_21,1
52,1,PID5_BF_22,0
52,1,PID5_BF_23,0
52,1,PID5_BF_24,0
52,1,rt,5.08595
52,1,attention_2,0
52,1,idx,49
52,1,rwn,1
53,1,Sex_0,1
53,1,age,61
53,1,edu,14
53,1,income_0,9
53,1,motivation_1,62
53,1,diagnosis_2,1
53,1,meds_3,1
53,1,BIG5_SF_0,2
53,1,BIG5_SF_1,4
53,1,BIG5_SF_2,1
53,1,BIG5_SF_3,1
53,1,BIG5_SF_4,3
53,1,BIG5_SF_5,4
53,1,BIG5_SF_6,0
53,1,BIG5_SF_7,2
53,1,BIG5_SF_8,0
53,1,BIG5_SF_9,1
53,1,BIG5_SF_10,3
53,1,BIG5_SF_11,4
53,1,BIG5_SF_12,4
53,1,BIG5_SF_13,4
53,1,BIG5_SF_14,4
53,1,BIG5_SF_15,4
53,1,BIG5_SF_16,0
53,1,BIG5_SF_17,3
53,1,BIG5_SF_18,3
53,1,BIG5_SF_19,0
53,1,BIG5_SF_20,1
53,1,BIG5_SF_21,4
53,1,BIG5_SF_22,4
53,1,BIG5_SF_23,4
53,1,BIG5_SF_24,4
53,1,BIG5_SF_25,2
53,1,BIG5_SF_26,4
53,1,BIG5_SF_27,0
53,1,BIG5_SF_28,0
53,1,BIG5_SF_29,0
53,1,I_8_0,2
53,1,I_8_1,2
53,1,I_8_2,3
53,1,I_8_3,4
53,1,I_8_4,3
53,1,I_8_5,4
53,1,I_8_6,2
53,1,I_8_7,2
53,1,PID5_BF_0,0
53,1,PID5_BF_1,1
53,1,PID5_BF_2,0
53,1,PID5_BF_3,1
53,1,PID5_BF_4,0
53,1,PID5_BF_5,0
53,1,PID5_BF_6,0
53,1,PID5_BF_7,1
53,1,PID5_BF_8,3
53,1,PID5_BF_9,2
53,1,PID5_BF_10,2
53,1,PID5_BF_11,0
53,1,PID5_BF_12,0
53,1,PID5_BF_13,1
53,1,PID5_BF_14,1
53,1,PID5_BF_15,0
53,1,PID5_BF_16,0
53,1,PID5_BF_17,0
53,1,PID5_BF_18,1
53,1,PID5_BF_19,0
53,1,PID5_BF_20,0
53,1,PID5_BF_21,0
53,1,PID5_BF_22,0
53,1,PID5_BF_23,0
53,1,PID5_BF_24,0
53,1,rt,9.155733333333334
53,1,attention_2,0
53,1,idx,50
53,1,rwn,1
54,1,Sex_0,0
54,1,age,69
54,1,edu,17
54,1,income_0,4
54,1,motivation_1,90
54,1,diagnosis_2,1
54,1,meds_3,1
54,1,BIG5_SF_0,4
54,1,BIG5_SF_1,4
54,1,BIG5_SF_2,3
54,1,BIG5_SF_3,4
54,1,BIG5_SF_4,4
54,1,BIG5_SF_5,4
54,1,BIG5_SF_6,3
54,1,BIG5_SF_7,0
54,1,BIG5_SF_8,3
54,1,BIG5_SF_9,1
54,1,BIG5_SF_10,1
54,1,BIG5_SF_11,4
54,1,BIG5_SF_12,4
54,1,BIG5_SF_13,3
54,1,BIG5_SF_14,4
54,1,BIG5_SF_15,1
54,1,BIG5_SF_16,0
54,1,BIG5_SF_17,1
54,1,BIG5_SF_18,3
54,1,BIG5_SF_19,4
54,1,BIG5_SF_20,0
54,1,BIG5_SF_21,3
54,1,BIG5_SF_22,3
54,1,BIG5_SF_23,1
54,1,BIG5_SF_24,3
54,1,BIG5_SF_25,1
54,1,BIG5_SF_26,0
54,1,BIG5_SF_27,4
54,1,BIG5_SF_28,3
54,1,BIG5_SF_29,1
54,1,I_8_0,4
54,1,I_8_1,4
54,1,I_8_2,0
54,1,I_8_3,0
54,1,I_8_4,1
54,1,I_8_5,1
54,1,I_8_6,3
54,1,I_8_7,1
54,1,PID5_BF_0,2
54,1,PID5_BF_1,2
54,1,PID5_BF_2,1
54,1,PID5_BF_3,0
54,1,PID5_BF_4,0
54,1,PID5_BF_5,3
54,1,PID5_BF_6,1
54,1,PID5_BF_7,3
54,1,PID5_BF_8,3
54,1,PID5_BF_9,0
54,1,PID5_BF_10,3
54,1,PID5_BF_11,0
54,1,PID5_BF_12,2
54,1,PID5_BF_13,2
54,1,PID5_BF_14,3
54,1,PID5_BF_15,2
54,1,PID5_BF_16,0
54,1,PID5_BF_17,0
54,1,PID5_BF_18,3
54,1,PID5_BF_19,0
54,1,PID5_BF_20,0
54,1,PID5_BF_21,1
54,1,PID5_BF_22,2
54,1,PID5_BF_23,1
54,1,PID5_BF_24,0
54,1,rt,13.535183333333332
54,1,attention_2,0
54,1,idx,51
54,1,rwn,1
55,1,Sex_0,1
55,1,age,64
55,1,edu,18
55,1,income_0,9
55,1,motivation_1,98
55,1,diagnosis_2,1
55,1,meds_3,1
55,1,BIG5_SF_0,1
55,1,BIG5_SF_1,4
55,1,BIG5_SF_2,0
55,1,BIG5_SF_3,1
55,1,BIG5_SF_4,4
55,1,BIG5_SF_5,3
55,1,BIG5_SF_6,1
55,1,BIG5_SF_7,0
55,1,BIG5_SF_8,0
55,1,BIG5_SF_9,0
55,1,BIG5_SF_10,4
55,1,BIG5_SF_11,3
55,1,BIG5_SF_12,4
55,1,BIG5_SF_13,3
55,1,BIG5_SF_14,4
55,1,BIG5_SF_15,4
55,1,BIG5_SF_16,3
55,1,BIG5_SF_17,4
55,1,BIG5_SF_18,4
55,1,BIG5_SF_19,2
55,1,BIG5_SF_20,1
55,1,BIG5_SF_21,4
55,1,BIG5_SF_22,4
55,1,BIG5_SF_23,4
55,1,BIG5_SF_24,4
55,1,BIG5_SF_25,0
55,1,BIG5_SF_26,0
55,1,BIG5_SF_27,0
55,1,BIG5_SF_28,0
55,1,BIG5_SF_29,0
55,1,I_8_0,1
55,1,I_8_1,2
55,1,I_8_2,4
55,1,I_8_3,4
55,1,I_8_4,4
55,1,I_8_5,4
55,1,I_8_6,3
55,1,I_8_7,3
55,1,PID5_BF_0,0
55,1,PID5_BF_1,0
55,1,PID5_BF_2,0
55,1,PID5_BF_3,0
55,1,PID5_BF_4,0
55,1,PID5_BF_5,0
55,1,PID5_BF_6,3
55,1,PID5_BF_7,0
55,1,PID5_BF_8,0
55,1,PID5_BF_9,0
55,1,PID5_BF_10,0
55,1,PID5_BF_11,1
55,1,PID5_BF_12,0
55,1,PID5_BF_13,0
55,1,PID5_BF_14,0
55,1,PID5_BF_15,2
55,1,PID5_BF_16,0
55,1,PID5_BF_17,0
55,1,PID5_BF_18,1
55,1,PID5_BF_19,2
55,1,PID5_BF_20,2
55,1,PID5_BF_21,1
55,1,PID5_BF_22,0
55,1,PID5_BF_23,0
55,1,PID5_BF_24,0
55,1,rt,6.429966666666667
55,1,attention_2,0
55,1,idx,52
55,1,rwn,1
56,1,Sex_0,0
56,1,age,21
56,1,edu,13
56,1,income_0,4
56,1,motivation_1,100
56,1,diagnosis_2,0
56,1,meds_3,1
56,1,BIG5_SF_0,4
56,1,BIG5_SF_1,4
56,1,BIG5_SF_2,1
56,1,BIG5_SF_3,4
56,1,BIG5_SF_4,3
56,1,BIG5_SF_5,1
56,1,BIG5_SF_6,3
56,1,BIG5_SF_7,1
56,1,BIG5_SF_8,4
56,1,BIG5_SF_9,1
56,1,BIG5_SF_10,1
56,1,BIG5_SF_11,0
56,1,BIG5_SF_12,4
56,1,BIG5_SF_13,2
56,1,BIG5_SF_14,1
56,1,BIG5_SF_15,1
56,1,BIG5_SF_16,3
56,1,BIG5_SF_17,2
56,1,BIG5_SF_18,2
56,1,BIG5_SF_19,1
56,1,BIG5_SF_20,4
56,1,BIG5_SF_21,4
56,1,BIG5_SF_22,4
56,1,BIG5_SF_23,2
56,1,BIG5_SF_24,2
56,1,BIG5_SF_25,2
56,1,BIG5_SF_26,1
56,1,BIG5_SF_27,3
56,1,BIG5_SF_28,1
56,1,BIG5_SF_29,3
56,1,I_8_0,1
56,1,I_8_1,2
56,1,I_8_2,4
56,1,I_8_3,4
56,1,I_8_4,4
56,1,I_8_5,3
56,1,I_8_6,3
56,1,I_8_7,3
56,1,PID5_BF_0,1
56,1,PID5_BF_1,0
56,1,PID5_BF_2,0
56,1,PID5_BF_3,3
56,1,PID5_BF_4,0
56,1,PID5_BF_5,0
56,1,PID5_BF_6,0
56,1,PID5_BF_7,2
56,1,PID5_BF_8,1
56,1,PID5_BF_9,0
56,1,PID5_BF_10,0
56,1,PID5_BF_11,0
56,1,PID5_BF_12,1
56,1,PID5_BF_13,2
56,1,PID5_BF_14,1
56,1,PID5_BF_15,3
56,1,PID5_BF_16,0
56,1,PID5_BF_17,2
56,1,PID5_BF_18,0
56,1,PID5_BF_19,2
56,1,PID5_BF_20,2
56,1,PID5_BF_21,1
56,1,PID5_BF_22,1
56,1,PID5_BF_23,1
56,1,PID5_BF_24,2
56,1,rt,9.344066666666668
56,1,attention_2,0
56,1,idx,54
56,1,rwn,1
57,1,Sex_0,1
57,1,age,62
57,1,edu,18
57,1,income_0,5
57,1,motivation_1,100
57,1,diagnosis_2,1
57,1,meds_3,1
57,1,BIG5_SF_0,1
57,1,BIG5_SF_1,4
57,1,BIG5_SF_2,3
57,1,BIG5_SF_3,4
57,1,BIG5_SF_4,4
57,1,BIG5_SF_5,1
57,1,BIG5_SF_6,1
57,1,BIG5_SF_7,3
57,1,BIG5_SF_8,4
57,1,BIG5_SF_9,0
57,1,BIG5_SF_10,1
57,1,BIG5_SF_11,1
57,1,BIG5_SF_12,3
57,1,BIG5_SF_13,1
57,1,BIG5_SF_14,3
57,1,BIG5_SF_15,1
57,1,BIG5_SF_16,0
57,1,BIG5_SF_17,3
57,1,BIG5_SF_18,0
57,1,BIG5_SF_19,3
57,1,BIG5_SF_20,1
57,1,BIG5_SF_21,4
57,1,BIG5_SF_22,3
57,1,BIG5_SF_23,1
57,1,BIG5_SF_24,4
57,1,BIG5_SF_25,3
57,1,BIG5_SF_26,3
57,1,BIG5_SF_27,3
57,1,BIG5_SF_28,4
57,1,BIG5_SF_29,0
57,1,I_8_0,1
57,1,I_8_1,2
57,1,I_8_2,2
57,1,I_8_3,3
57,1,I_8_4,3
57,1,I_8_5,1
57,1,I_8_6,1
57,1,I_8_7,1
57,1,PID5_BF_0,0
57,1,PID5_BF_1,1
57,1,PID5_BF_2,1
57,1,PID5_BF_3,0
57,1,PID5_BF_4,1
57,1,PID5_BF_5,1
57,1,PID5_BF_6,2
57,1,PID5_BF_7,2
57,1,PID5_BF_8,3
57,1,PID5_BF_9,3
57,1,PID5_BF_10,1
57,1,PID5_BF_11,0
57,1,PID5_BF_12,3
57,1,PID5_BF_13,2
57,1,PID5_BF_14,2
57,1,PID5_BF_15,2
57,1,PID5_BF_16,0
57,1,PID5_BF_17,0
57,1,PID5_BF_18,1
57,1,PID5_BF_19,2
57,1,PID5_BF_20,3
57,1,PID5_BF_21,0
57,1,PID5_BF_22,3
57,1,PID5_BF_23,3
57,1,PID5_BF_24,0
57,1,rt,12.8952
57,1,attention_2,0
57,1,idx,55
57,1,rwn,1
58,1,Sex_0,1
58,1,age,65
58,1,edu,18
58,1,income_0,3
58,1,motivation_1,100
58,1,diagnosis_2,1
58,1,meds_3,1
58,1,BIG5_SF_0,3
58,1,BIG5_SF_1,4
58,1,BIG5_SF_2,0
58,1,BIG5_SF_3,3
58,1,BIG5_SF_4,4
58,1,BIG5_SF_5,2
58,1,BIG5_SF_6,0
58,1,BIG5_SF_7,0
58,1,BIG5_SF_8,0
58,1,BIG5_SF_9,4
58,1,BIG5_SF_10,4
58,1,BIG5_SF_11,4
58,1,BIG5_SF_12,4
58,1,BIG5_SF_13,4
58,1,BIG5_SF_14,4
58,1,BIG5_SF_15,4
58,1,BIG5_SF_16,0
58,1,BIG5_SF_17,4
58,1,BIG5_SF_18,4
58,1,BIG5_SF_19,2
58,1,BIG5_SF_20,2
58,1,BIG5_SF_21,4
58,1,BIG5_SF_22,4
58,1,BIG5_SF_23,4
58,1,BIG5_SF_24,4
58,1,BIG5_SF_25,0
58,1,BIG5_SF_26,0
58,1,BIG5_SF_27,0
58,1,BIG5_SF_28,2
58,1,BIG5_SF_29,1
58,1,I_8_0,1
58,1,I_8_1,1
58,1,I_8_2,4
58,1,I_8_3,4
58,1,I_8_4,4
58,1,I_8_5,4
58,1,I_8_6,4
58,1,I_8_7,4
58,1,PID5_BF_0,0
58,1,PID5_BF_1,0
58,1,PID5_BF_2,0
58,1,PID5_BF_3,0
58,1,PID5_BF_4,0
58,1,PID5_BF_5,0
58,1,PID5_BF_6,2
58,1,PID5_BF_7,0
58,1,PID5_BF_8,0
58,1,PID5_BF_9,2
58,1,PID5_BF_10,0
58,1,PID5_BF_11,0
58,1,PID5_BF_12,0
58,1,PID5_BF_13,0
58,1,PID5_BF_14,0
58,1,PID5_BF_15,0
58,1,PID5_BF_16,0
58,1,PID5_BF_17,0
58,1,PID5_BF_18,0
58,1,PID5_BF_19,1
58,1,PID5_BF_20,2
58,1,PID5_BF_21,0
58,1,PID5_BF_22,0
58,1,PID5_BF_23,0
58,1,PID5_BF_24,0
58,1,rt,17.926966666666665
58,1,attention_2,0
58,1,idx,56
58,1,rwn,1
59,1,Sex_0,1
59,1,age,61
59,1,edu,12
59,1,income_0,1
59,1,motivation_1,100
59,1,diagnosis_2,1
59,1,meds_3,1
59,1,BIG5_SF_0,4
59,1,BIG5_SF_1,4
59,1,BIG5_SF_2,1
59,1,BIG5_SF_3,4
59,1,BIG5_SF_4,4
59,1,BIG5_SF_5,0
59,1,BIG5_SF_6,2
59,1,BIG5_SF_7,4
59,1,BIG5_SF_8,1
59,1,BIG5_SF_9,3
59,1,BIG5_SF_10,0
59,1,BIG5_SF_11,3
59,1,BIG5_SF_12,4
59,1,BIG5_SF_13,1
59,1,BIG5_SF_14,1
59,1,BIG5_SF_15,0
59,1,BIG5_SF_16,0
59,1,BIG5_SF_17,3
59,1,BIG5_SF_18,3
59,1,BIG5_SF_19,2
59,1,BIG5_SF_20,4
59,1,BIG5_SF_21,3
59,1,BIG5_SF_22,3
59,1,BIG5_SF_23,3
59,1,BIG5_SF_24,4
59,1,BIG5_SF_25,4
59,1,BIG5_SF_26,3
59,1,BIG5_SF_27,1
59,1,BIG5_SF_28,3
59,1,BIG5_SF_29,3
59,1,I_8_0,2
59,1,I_8_1,0
59,1,I_8_2,1
59,1,I_8_3,3
59,1,I_8_4,3
59,1,I_8_5,4
59,1,I_8_6,0
59,1,I_8_7,0
59,1,PID5_BF_0,0
59,1,PID5_BF_1,1
59,1,PID5_BF_2,0
59,1,PID5_BF_3,1
59,1,PID5_BF_4,0
59,1,PID5_BF_5,0
59,1,PID5_BF_6,2
59,1,PID5_BF_7,3
59,1,PID5_BF_8,1
59,1,PID5_BF_9,3
59,1,PID5_BF_10,2
59,1,PID5_BF_11,0
59,1,PID5_BF_12,0
59,1,PID5_BF_13,2
59,1,PID5_BF_14,2
59,1,PID5_BF_15,2
59,1,PID5_BF_16,0
59,1,PID5_BF_17,2
59,1,PID5_BF_18,0
59,1,PID5_BF_19,0
59,1,PID5_BF_20,2
59,1,PID5_BF_21,0
59,1,PID5_BF_22,0
59,1,PID5_BF_23,2
59,1,PID5_BF_24,0
59,1,rt,10.780966666666666
59,1,attention_2,0
59,1,idx,57
59,1,rwn,1
60,1,Sex_0,1
60,1,age,21
60,1,edu,14
60,1,income_0,0
60,1,motivation_1,82
60,1,diagnosis_2,1
60,1,meds_3,1
60,1,BIG5_SF_0,3
60,1,BIG5_SF_1,3
60,1,BIG5_SF_2,3
60,1,BIG5_SF_3,3
60,1,BIG5_SF_4,4
60,1,BIG5_SF_5,3
60,1,BIG5_SF_6,1
60,1,BIG5_SF_7,1
60,1,BIG5_SF_8,1
60,1,BIG5_SF_9,2
60,1,BIG5_SF_10,3
60,1,BIG5_SF_11,3
60,1,BIG5_SF_12,3
60,1,BIG5_SF_13,3
60,1,BIG5_SF_14,3
60,1,BIG5_SF_15,3
60,1,BIG5_SF_16,3
60,1,BIG5_SF_17,3
60,1,BIG5_SF_18,3
60,1,BIG5_SF_19,3
60,1,BIG5_SF_20,3
60,1,BIG5_SF_21,3
60,1,BIG5_SF_22,3
60,1,BIG5_SF_23,3
60,1,BIG5_SF_24,3
60,1,BIG5_SF_25,2
60,1,BIG5_SF_26,1
60,1,BIG5_SF_27,1
60,1,BIG5_SF_28,1
60,1,BIG5_SF_29,3
60,1,I_8_0,2
60,1,I_8_1,0
60,1,I_8_2,3
60,1,I_8_3,3
60,1,I_8_4,3
60,1,I_8_5,4
60,1,I_8_6,1
60,1,I_8_7,2
60,1,PID5_BF_0,1
60,1,PID5_BF_1,1
60,1,PID5_BF_2,2
60,1,PID5_BF_3,1
60,1,PID5_BF_4,0
60,1,PID5_BF_5,0
60,1,PID5_BF_6,1
60,1,PID5_BF_7,2
60,1,PID5_BF_8,2
60,1,PID5_BF_9,2
60,1,PID5_BF_10,2
60,1,PID5_BF_11,1
60,1,PID5_BF_12,1
60,1,PID5_BF_13,0
60,1,PID5_BF_14,0
60,1,PID5_BF_15,1
60,1,PID5_BF_16,0
60,1,PID5_BF_17,0
60,1,PID5_BF_18,2
60,1,PID5_BF_19,1
60,1,PID5_BF_20,1
60,1,PID5_BF_21,0
60,1,PID5_BF_22,1
60,1,PID5_BF_23,1
60,1,PID5_BF_24,0
60,1,rt,9.51975
60,1,attention_2,0
60,1,idx,58
60,1,rwn,1
61,1,Sex_0,1
61,1,age,20
61,1,edu,14
61,1,income_0,2
61,1,motivation_1,91
61,1,diagnosis_2,1
61,1,meds_3,1
61,1,BIG5_SF_0,3
61,1,BIG5_SF_1,4
61,1,BIG5_SF_2,0
61,1,BIG5_SF_3,3
61,1,BIG5_SF_4,2
61,1,BIG5_SF_5,3
61,1,BIG5_SF_6,1
61,1,BIG5_SF_7,0
61,1,BIG5_SF_8,2
61,1,BIG5_SF_9,1
61,1,BIG5_SF_10,4
61,1,BIG5_SF_11,3
61,1,BIG5_SF_12,3
61,1,BIG5_SF_13,3
61,1,BIG5_SF_14,4
61,1,BIG5_SF_15,1
61,1,BIG5_SF_16,0
61,1,BIG5_SF_17,4
61,1,BIG5_SF_18,3
61,1,BIG5_SF_19,1
61,1,BIG5_SF_20,1
61,1,BIG5_SF_21,4
61,1,BIG5_SF_22,4
61,1,BIG5_SF_23,4
61,1,BIG5_SF_24,2
61,1,BIG5_SF_25,1
61,1,BIG5_SF_26,1
61,1,BIG5_SF_27,1
61,1,BIG5_SF_28,4
61,1,BIG5_SF_29,0
61,1,I_8_0,1
61,1,I_8_1,2
61,1,I_8_2,4
61,1,I_8_3,2
61,1,I_8_4,3
61,1,I_8_5,4
61,1,I_8_6,3
61,1,I_8_7,4
61,1,PID5_BF_0,0
61,1,PID5_BF_1,1
61,1,PID5_BF_2,1
61,1,PID5_BF_3,0
61,1,PID5_BF_4,1
61,1,PID5_BF_5,0
61,1,PID5_BF_6,1
61,1,PID5_BF_7,2
61,1,PID5_BF_8,2
61,1,PID5_BF_9,1
61,1,PID5_BF_10,0
61,1,PID5_BF_11,1
61,1,PID5_BF_12,2
61,1,PID5_BF_13,0
61,1,PID5_BF_14,1
61,1,PID5_BF_15,0
61,1,PID5_BF_16,0
61,1,PID5_BF_17,1
61,1,PID5_BF_18,2
61,1,PID5_BF_19,1
61,1,PID5_BF_20,2
61,1,PID5_BF_21,0
61,1,PID5_BF_22,3
61,1,PID5_BF_23,2
61,1,PID5_BF_24,1
61,1,rt,10.077416666666666
61,1,attention_2,0
61,1,idx,59
61,1,rwn,1
62,1,Sex_0,1
62,1,age,62
62,1,edu,15
62,1,income_0,3
62,1,motivation_1,100
62,1,diagnosis_2,0
62,1,meds_3,0
62,1,BIG5_SF_0,1
62,1,BIG5_SF_1,4
62,1,BIG5_SF_2,0
62,1,BIG5_SF_3,4
62,1,BIG5_SF_4,4
62,1,BIG5_SF_5,1
62,1,BIG5_SF_6,0
62,1,BIG5_SF_7,4
62,1,BIG5_SF_8,4
62,1,BIG5_SF_9,1
62,1,BIG5_SF_10,0
62,1,BIG5_SF_11,3
62,1,BIG5_SF_12,3
62,1,BIG5_SF_13,2
62,1,BIG5_SF_14,4
62,1,BIG5_SF_15,3
62,1,BIG5_SF_16,0
62,1,BIG5_SF_17,0
62,1,BIG5_SF_18,0
62,1,BIG5_SF_19,1
62,1,BIG5_SF_20,2
62,1,BIG5_SF_21,4
62,1,BIG5_SF_22,1
62,1,BIG5_SF_23,0
62,1,BIG5_SF_24,1
62,1,BIG5_SF_25,4
62,1,BIG5_SF_26,0
62,1,BIG5_SF_27,4
62,1,BIG5_SF_28,0
62,1,BIG5_SF_29,0
62,1,I_8_0,1
62,1,I_8_1,1
62,1,I_8_2,2
62,1,I_8_3,2
62,1,I_8_4,1
62,1,I_8_5,2
62,1,I_8_6,0
62,1,I_8_7,0
62,1,PID5_BF_0,1
62,1,PID5_BF_1,0
62,1,PID5_BF_2,1
62,1,PID5_BF_3,3
62,1,PID5_BF_4,3
62,1,PID5_BF_5,3
62,1,PID5_BF_6,1
62,1,PID5_BF_7,3
62,1,PID5_BF_8,2
62,1,PID5_BF_9,2
62,1,PID5_BF_10,2
62,1,PID5_BF_11,0
62,1,PID5_BF_12,3
62,1,PID5_BF_13,3
62,1,PID5_BF_14,0
62,1,PID5_BF_15,2
62,1,PID5_BF_16,0
62,1,PID5_BF_17,1
62,1,PID5_BF_18,1
62,1,PID5_BF_19,0
62,1,PID5_BF_20,1
62,1,PID5_BF_21,0
62,1,PID5_BF_22,1
62,1,PID5_BF_23,2
62,1,PID5_BF_24,1
62,1,rt,7.839783333333333
62,1,attention_2,0
62,1,idx,60
62,1,rwn,1
63,1,Sex_0,1
63,1,age,20
63,1,edu,16
63,1,income_0,4
63,1,motivation_1,94
63,1,diagnosis_2,1
63,1,meds_3,1
63,1,BIG5_SF_0,3
63,1,BIG5_SF_1,4
63,1,BIG5_SF_2,0
63,1,BIG5_SF_3,0
63,1,BIG5_SF_4,4
63,1,BIG5_SF_5,4
63,1,BIG5_SF_6,0
63,1,BIG5_SF_7,0
63,1,BIG5_SF_8,0
63,1,BIG5_SF_9,2
63,1,BIG5_SF_10,4
63,1,BIG5_SF_11,3
63,1,BIG5_SF_12,4
63,1,BIG5_SF_13,3
63,1,BIG5_SF_14,4
63,1,BIG5_SF_15,4
63,1,BIG5_SF_16,0
63,1,BIG5_SF_17,4
63,1,BIG5_SF_18,3
63,1,BIG5_SF_19,3
63,1,BIG5_SF_20,1
63,1,BIG5_SF_21,4
63,1,BIG5_SF_22,4
63,1,BIG5_SF_23,4
63,1,BIG5_SF_24,3
63,1,BIG5_SF_25,3
63,1,BIG5_SF_26,0
63,1,BIG5_SF_27,0
63,1,BIG5_SF_28,0
63,1,BIG5_SF_29,0
63,1,I_8_0,2
63,1,I_8_1,1
63,1,I_8_2,4
63,1,I_8_3,4
63,1,I_8_4,4
63,1,I_8_5,3
63,1,I_8_6,4
63,1,I_8_7,3
63,1,PID5_BF_0,0
63,1,PID5_BF_1,2
63,1,PID5_BF_2,0
63,1,PID5_BF_3,2
63,1,PID5_BF_4,0
63,1,PID5_BF_5,0
63,1,PID5_BF_6,0
63,1,PID5_BF_7,2
63,1,PID5_BF_8,2
63,1,PID5_BF_9,3
63,1,PID5_BF_10,1
63,1,PID5_BF_11,0
63,1,PID5_BF_12,0
63,1,PID5_BF_13,0
63,1,PID5_BF_14,0
63,1,PID5_BF_15,0
63,1,PID5_BF_16,0
63,1,PID5_BF_17,1
63,1,PID5_BF_18,2
63,1,PID5_BF_19,0
63,1,PID5_BF_20,2
63,1,PID5_BF_21,0
63,1,PID5_BF_22,1
63,1,PID5_BF_23,0
63,1,PID5_BF_24,0
63,1,rt,9.3595
63,1,attention_2,0
63,1,idx,61
63,1,rwn,1
65,1,Sex_0,1
65,1,age,19
65,1,edu,14
65,1,income_0,8
65,1,motivation_1,100
65,1,diagnosis_2,1
65,1,meds_3,1
65,1,BIG5_SF_0,3
65,1,BIG5_SF_1,4
65,1,BIG5_SF_2,0
65,1,BIG5_SF_3,1
65,1,BIG5_SF_4,4
65,1,BIG5_SF_5,4
65,1,BIG5_SF_6,0
65,1,BIG5_SF_7,0
65,1,BIG5_SF_8,0
65,1,BIG5_SF_9,0
65,1,BIG5_SF_10,4
65,1,BIG5_SF_11,4
65,1,BIG5_SF_12,4
65,1,BIG5_SF_13,4
65,1,BIG5_SF_14,4
65,1,BIG5_SF_15,4
65,1,BIG5_SF_16,0
65,1,BIG5_SF_17,4
65,1,BIG5_SF_18,4
65,1,BIG5_SF_19,1
65,1,BIG5_SF_20,3
65,1,BIG5_SF_21,4
65,1,BIG5_SF_22,4
65,1,BIG5_SF_23,4
65,1,BIG5_SF_24,4
65,1,BIG5_SF_25,0
65,1,BIG5_SF_26,0
65,1,BIG5_SF_27,0
65,1,BIG5_SF_28,0
65,1,BIG5_SF_29,0
65,1,I_8_0,0
65,1,I_8_1,1
65,1,I_8_2,4
65,1,I_8_3,4
65,1,I_8_4,4
65,1,I_8_5,4
65,1,I_8_6,2
65,1,I_8_7,4
65,1,PID5_BF_0,3
65,1,PID5_BF_1,3
65,1,PID5_BF_2,0
65,1,PID5_BF_3,0
65,1,PID5_BF_4,0
65,1,PID5_BF_5,0
65,1,PID5_BF_6,0
65,1,PID5_BF_7,0
65,1,PID5_BF_8,0
65,1,PID5_BF_9,0
65,1,PID5_BF_10,0
65,1,PID5_BF_11,0
65,1,PID5_BF_12,3
65,1,PID5_BF_13,0
65,1,PID5_BF_14,0
65,1,PID5_BF_15,0
65,1,PID5_BF_16,0
65,1,PID5_BF_17,0
65,1,PID5_BF_18,0
65,1,PID5_BF_19,0
65,1,PID5_BF_20,0
65,1,PID5_BF_21,0
65,1,PID5_BF_22,0
65,1,PID5_BF_23,0
65,1,PID5_BF_24,0
65,1,rt,16.7997
65,1,attention_2,0
65,1,idx,63
65,1,rwn,1
66,1,Sex_0,0
66,1,age,21
66,1,edu,15
66,1,income_0,2
66,1,motivation_1,79
66,1,diagnosis_2,1
66,1,meds_3,1
66,1,BIG5_SF_0,4
66,1,BIG5_SF_1,4
66,1,BIG5_SF_2,3
66,1,BIG5_SF_3,4
66,1,BIG5_SF_4,3
66,1,BIG5_SF_5,3
66,1,BIG5_SF_6,4
66,1,BIG5_SF_7,4
66,1,BIG5_SF_8,1
66,1,BIG5_SF_9,0
66,1,BIG5_SF_10,3
66,1,BIG5_SF_11,1
66,1,BIG5_SF_12,4
66,1,BIG5_SF_13,3
66,1,BIG5_SF_14,3
66,1,BIG5_SF_15,4
66,1,BIG5_SF_16,3
66,1,BIG5_SF_17,2
66,1,BIG5_SF_18,3
66,1,BIG5_SF_19,4
66,1,BIG5_SF_20,1
66,1,BIG5_SF_21,3
66,1,BIG5_SF_22,3
66,1,BIG5_SF_23,3
66,1,BIG5_SF_24,3
66,1,BIG5_SF_25,3
66,1,BIG5_SF_26,4
66,1,BIG5_SF_27,3
66,1,BIG5_SF_28,2
66,1,BIG5_SF_29,3
66,1,I_8_0,3
66,1,I_8_1,4
66,1,I_8_2,2
66,1,I_8_3,4
66,1,I_8_4,2
66,1,I_8_5,1
66,1,I_8_6,3
66,1,I_8_7,4
66,1,PID5_BF_0,1
66,1,PID5_BF_1,2
66,1,PID5_BF_2,1
66,1,PID5_BF_3,2
66,1,PID5_BF_4,3
66,1,PID5_BF_5,1
66,1,PID5_BF_6,1
66,1,PID5_BF_7,2
66,1,PID5_BF_8,3
66,1,PID5_BF_9,1
66,1,PID5_BF_10,2
66,1,PID5_BF_11,3
66,1,PID5_BF_12,3
66,1,PID5_BF_13,2
66,1,PID5_BF_14,1
66,1,PID5_BF_15,3
66,1,PID5_BF_16,1
66,1,PID5_BF_17,2
66,1,PID5_BF_18,3
66,1,PID5_BF_19,1
66,1,PID5_BF_20,3
66,1,PID5_BF_21,1
66,1,PID5_BF_22,2
66,1,PID5_BF_23,2
66,1,PID5_BF_24,3
66,1,rt,6.69205
66,1,attention_2,0
66,1,idx,64
66,1,rwn,1
67,1,Sex_0,1
67,1,age,29
67,1,edu,9
67,1,income_0,1
67,1,motivation_1,100
67,1,diagnosis_2,1
67,1,meds_3,1
67,1,BIG5_SF_0,3
67,1,BIG5_SF_1,4
67,1,BIG5_SF_2,0
67,1,BIG5_SF_3,4
67,1,BIG5_SF_4,4
67,1,BIG5_SF_5,4
67,1,BIG5_SF_6,0
67,1,BIG5_SF_7,4
67,1,BIG5_SF_8,0
67,1,BIG5_SF_9,0
67,1,BIG5_SF_10,4
67,1,BIG5_SF_11,3
67,1,BIG5_SF_12,4
67,1,BIG5_SF_13,4
67,1,BIG5_SF_14,4
67,1,BIG5_SF_15,4
67,1,BIG5_SF_16,0
67,1,BIG5_SF_17,4
67,1,BIG5_SF_18,4
67,1,BIG5_SF_19,1
67,1,BIG5_SF_20,1
67,1,BIG5_SF_21,4
67,1,BIG5_SF_22,4
67,1,BIG5_SF_23,4
67,1,BIG5_SF_24,4
67,1,BIG5_SF_25,2
67,1,BIG5_SF_26,0
67,1,BIG5_SF_27,0
67,1,BIG5_SF_28,1
67,1,BIG5_SF_29,0
67,1,I_8_0,0
67,1,I_8_1,1
67,1,I_8_2,4
67,1,I_8_3,4
67,1,I_8_4,4
67,1,I_8_5,4
67,1,I_8_6,4
67,1,I_8_7,4
67,1,PID5_BF_0,0
67,1,PID5_BF_1,2
67,1,PID5_BF_2,1
67,1,PID5_BF_3,0
67,1,PID5_BF_4,2
67,1,PID5_BF_5,0
67,1,PID5_BF_6,1
67,1,PID5_BF_7,2
67,1,PID5_BF_8,2
67,1,PID5_BF_9,0
67,1,PID5_BF_10,0
67,1,PID5_BF_11,0
67,1,PID5_BF_12,3
67,1,PID5_BF_13,0
67,1,PID5_BF_14,0
67,1,PID5_BF_15,0
67,1,PID5_BF_16,0
67,1,PID5_BF_17,1
67,1,PID5_BF_18,2
67,1,PID5_BF_19,2
67,1,PID5_BF_20,2
67,1,PID5_BF_21,0
67,1,PID5_BF_22,1
67,1,PID5_BF_23,1
67,1,PID5_BF_24,0
67,1,rt,13.873066666666666
67,1,attention_2,0
67,1,idx,65
67,1,rwn,1
68,1,Sex_0,1
68,1,age,21
68,1,edu,17
68,1,income_0,1
68,1,motivation_1,100
68,1,diagnosis_2,1
68,1,meds_3,1
68,1,BIG5_SF_0,1
68,1,BIG5_SF_1,4
68,1,BIG5_SF_2,0
68,1,BIG5_SF_3,1
68,1,BIG5_SF_4,4
68,1,BIG5_SF_5,3
68,1,BIG5_SF_6,0
68,1,BIG5_SF_7,0
68,1,BIG5_SF_8,0
68,1,BIG5_SF_9,0
68,1,BIG5_SF_10,4
68,1,BIG5_SF_11,3
68,1,BIG5_SF_12,4
68,1,BIG5_SF_13,4
68,1,BIG5_SF_14,4
68,1,BIG5_SF_15,3
68,1,BIG5_SF_16,0
68,1,BIG5_SF_17,4
68,1,BIG5_SF_18,4
68,1,BIG5_SF_19,4
68,1,BIG5_SF_20,1
68,1,BIG5_SF_21,4
68,1,BIG5_SF_22,4
68,1,BIG5_SF_23,4
68,1,BIG5_SF_24,4
68,1,BIG5_SF_25,0
68,1,BIG5_SF_26,0
68,1,BIG5_SF_27,0
68,1,BIG5_SF_28,0
68,1,BIG5_SF_29,0
68,1,I_8_0,0
68,1,I_8_1,0
68,1,I_8_2,4
68,1,I_8_3,4
68,1,I_8_4,4
68,1,I_8_5,4
68,1,I_8_6,2
68,1,I_8_7,3
68,1,PID5_BF_0,0
68,1,PID5_BF_1,1
68,1,PID5_BF_2,0
68,1,PID5_BF_3,0
68,1,PID5_BF_4,0
68,1,PID5_BF_5,0
68,1,PID5_BF_6,1
68,1,PID5_BF_7,0
68,1,PID5_BF_8,0
68,1,PID5_BF_9,1
68,1,PID5_BF_10,0
68,1,PID5_BF_11,0
68,1,PID5_BF_12,2
68,1,PID5_BF_13,1
68,1,PID5_BF_14,0
68,1,PID5_BF_15,0
68,1,PID5_BF_16,0
68,1,PID5_BF_17,0
68,1,PID5_BF_18,1
68,1,PID5_BF_19,1
68,1,PID5_BF_20,0
68,1,PID5_BF_21,0
68,1,PID5_BF_22,0
68,1,PID5_BF_23,0
68,1,PID5_BF_24,0
68,1,rt,20.6833
68,1,attention_2,0
68,1,idx,66
68,1,rwn,1
69,1,Sex_0,0
69,1,age,36
69,1,edu,18
69,1,income_0,3
69,1,motivation_1,69
69,1,diagnosis_2,1
69,1,meds_3,1
69,1,BIG5_SF_0,0
69,1,BIG5_SF_1,3
69,1,BIG5_SF_2,3
69,1,BIG5_SF_3,3
69,1,BIG5_SF_4,4
69,1,BIG5_SF_5,4
69,1,BIG5_SF_6,3
69,1,BIG5_SF_7,1
69,1,BIG5_SF_8,0
69,1,BIG5_SF_9,1
69,1,BIG5_SF_10,1
69,1,BIG5_SF_11,1
69,1,BIG5_SF_12,4
69,1,BIG5_SF_13,1
69,1,BIG5_SF_14,3
69,1,BIG5_SF_15,4
69,1,BIG5_SF_16,3
69,1,BIG5_SF_17,1
69,1,BIG5_SF_18,1
69,1,BIG5_SF_19,3
69,1,BIG5_SF_20,0
69,1,BIG5_SF_21,4
69,1,BIG5_SF_22,4
69,1,BIG5_SF_23,3
69,1,BIG5_SF_24,3
69,1,BIG5_SF_25,3
69,1,BIG5_SF_26,1
69,1,BIG5_SF_27,2
69,1,BIG5_SF_28,3
69,1,BIG5_SF_29,3
69,1,I_8_0,2
69,1,I_8_1,2
69,1,I_8_2,2
69,1,I_8_3,2
69,1,I_8_4,3
69,1,I_8_5,3
69,1,I_8_6,3
69,1,I_8_7,3
69,1,PID5_BF_0,0
69,1,PID5_BF_1,0
69,1,PID5_BF_2,0
69,1,PID5_BF_3,0
69,1,PID5_BF_4,0
69,1,PID5_BF_5,2
69,1,PID5_BF_6,2
69,1,PID5_BF_7,1
69,1,PID5_BF_8,1
69,1,PID5_BF_9,0
69,1,PID5_BF_10,1
69,1,PID5_BF_11,0
69,1,PID5_BF_12,0
69,1,PID5_BF_13,0
69,1,PID5_BF_14,0
69,1,PID5_BF_15,2
69,1,PID5_BF_16,2
69,1,PID5_BF_17,0
69,1,PID5_BF_18,0
69,1,PID5_BF_19,0
69,1,PID5_BF_20,0
69,1,PID5_BF_21,0
69,1,PID5_BF_22,1
69,1,PID5_BF_23,0
69,1,PID5_BF_24,0
69,1,rt,8.018666666666666
69,1,attention_2,0
69,1,idx,67
69,1,rwn,1
70,1,Sex_0,0
70,1,age,32
70,1,edu,17
70,1,income_0,8
70,1,motivation_1,100
70,1,diagnosis_2,1
70,1,meds_3,1
70,1,BIG5_SF_0,3
70,1,BIG5_SF_1,4
70,1,BIG5_SF_2,0
70,1,BIG5_SF_3,1
70,1,BIG5_SF_4,3
70,1,BIG5_SF_5,4
70,1,BIG5_SF_6,3
70,1,BIG5_SF_7,0
70,1,BIG5_SF_8,0
70,1,BIG5_SF_9,3
70,1,BIG5_SF_10,4
70,1,BIG5_SF_11,3
70,1,BIG5_SF_12,4
70,1,BIG5_SF_13,3
70,1,BIG5_SF_14,3
70,1,BIG5_SF_15,4
70,1,BIG5_SF_16,3
70,1,BIG5_SF_17,4
70,1,BIG5_SF_18,4
70,1,BIG5_SF_19,0
70,1,BIG5_SF_20,0
70,1,BIG5_SF_21,3
70,1,BIG5_SF_22,4
70,1,BIG5_SF_23,4
70,1,BIG5_SF_24,0
70,1,BIG5_SF_25,1
70,1,BIG5_SF_26,1
70,1,BIG5_SF_27,3
70,1,BIG5_SF_28,3
70,1,BIG5_SF_29,0
70,1,I_8_0,3
70,1,I_8_1,2
70,1,I_8_2,4
70,1,I_8_3,4
70,1,I_8_4,4
70,1,I_8_5,4
70,1,I_8_6,1
70,1,I_8_7,1
70,1,PID5_BF_0,0
70,1,PID5_BF_1,0
70,1,PID5_BF_2,1
70,1,PID5_BF_3,0
70,1,PID5_BF_4,0
70,1,PID5_BF_5,0
70,1,PID5_BF_6,0
70,1,PID5_BF_7,1
70,1,PID5_BF_8,1
70,1,PID5_BF_9,3
70,1,PID5_BF_10,0
70,1,PID5_BF_11,0
70,1,PID5_BF_12,0
70,1,PID5_BF_13,0
70,1,PID5_BF_14,0
70,1,PID5_BF_15,1
70,1,PID5_BF_16,0
70,1,PID5_BF_17,0
70,1,PID5_BF_18,2
70,1,PID5_BF_19,0
70,1,PID5_BF_20,0
70,1,PID5_BF_21,1
70,1,PID5_BF_22,0
70,1,PID5_BF_23,0
70,1,PID5_BF_24,1
70,1,rt,4.159116666666667
70,1,attention_2,0
70,1,idx,68
70,1,rwn,1
71,1,Sex_0,0
71,1,age,67
71,1,edu,22
71,1,income_0,0
71,1,motivation_1,98
71,1,diagnosis_2,1
71,1,meds_3,1
71,1,BIG5_SF_0,4
71,1,BIG5_SF_1,4
71,1,BIG5_SF_2,0
71,1,BIG5_SF_3,3
71,1,BIG5_SF_4,4
71,1,BIG5_SF_5,4
71,1,BIG5_SF_6,0
71,1,BIG5_SF_7,0
71,1,BIG5_SF_8,2
71,1,BIG5_SF_9,3
71,1,BIG5_SF_10,4
71,1,BIG5_SF_11,4
71,1,BIG5_SF_12,4
71,1,BIG5_SF_13,4
71,1,BIG5_SF_14,4
71,1,BIG5_SF_15,4
71,1,BIG5_SF_16,0
71,1,BIG5_SF_17,4
71,1,BIG5_SF_18,4
71,1,BIG5_SF_19,3
71,1,BIG5_SF_20,4
71,1,BIG5_SF_21,4
71,1,BIG5_SF_22,4
71,1,BIG5_SF_23,4
71,1,BIG5_SF_24,4
71,1,BIG5_SF_25,0
71,1,BIG5_SF_26,0
71,1,BIG5_SF_27,2
71,1,BIG5_SF_28,3
71,1,BIG5_SF_29,4
71,1,I_8_0,3
71,1,I_8_1,4
71,1,I_8_2,4
71,1,I_8_3,4
71,1,I_8_4,4
71,1,I_8_5,4
71,1,I_8_6,4
71,1,I_8_7,4
71,1,PID5_BF_0,0
71,1,PID5_BF_1,2
71,1,PID5_BF_2,3
71,1,PID5_BF_3,2
71,1,PID5_BF_4,1
71,1,PID5_BF_5,0
71,1,PID5_BF_6,2
71,1,PID5_BF_7,3
71,1,PID5_BF_8,3
71,1,PID5_BF_9,3
71,1,PID5_BF_10,1
71,1,PID5_BF_11,3
71,1,PID5_BF_12,3
71,1,PID5_BF_13,3
71,1,PID5_BF_14,3
71,1,PID5_BF_15,3
71,1,PID5_BF_16,0
71,1,PID5_BF_17,2
71,1,PID5_BF_18,3
71,1,PID5_BF_19,2
71,1,PID5_BF_20,3
71,1,PID5_BF_21,0
71,1,PID5_BF_22,2
71,1,PID5_BF_23,2
71,1,PID5_BF_24,0
71,1,rt,11.923616666666666
71,1,attention_2,0
71,1,idx,69
71,1,rwn,1
72,1,Sex_0,1
72,1,age,26
72,1,edu,16
72,1,income_0,9
72,1,motivation_1,100
72,1,diagnosis_2,1
72,1,meds_3,1
72,1,BIG5_SF_0,2
72,1,BIG5_SF_1,4
72,1,BIG5_SF_2,0
72,1,BIG5_SF_3,3
72,1,BIG5_SF_4,1
72,1,BIG5_SF_5,3
72,1,BIG5_SF_6,1
72,1,BIG5_SF_7,3
72,1,BIG5_SF_8,1
72,1,BIG5_SF_9,2
72,1,BIG5_SF_10,4
72,1,BIG5_SF_11,4
72,1,BIG5_SF_12,4
72,1,BIG5_SF_13,3
72,1,BIG5_SF_14,3
72,1,BIG5_SF_15,1
72,1,BIG5_SF_16,0
72,1,BIG5_SF_17,4
72,1,BIG5_SF_18,3
72,1,BIG5_SF_19,2
72,1,BIG5_SF_20,4
72,1,BIG5_SF_21,4
72,1,BIG5_SF_22,4
72,1,BIG5_SF_23,4
72,1,BIG5_SF_24,4
72,1,BIG5_SF_25,0
72,1,BIG5_SF_26,0
72,1,BIG5_SF_27,0
72,1,BIG5_SF_28,2
72,1,BIG5_SF_29,2
72,1,I_8_0,3
72,1,I_8_1,4
72,1,I_8_2,3
72,1,I_8_3,4
72,1,I_8_4,4
72,1,I_8_5,4
72,1,I_8_6,4
72,1,I_8_7,4
72,1,PID5_BF_0,0
72,1,PID5_BF_1,2
72,1,PID5_BF_2,2
72,1,PID5_BF_3,0
72,1,PID5_BF_4,0
72,1,PID5_BF_5,1
72,1,PID5_BF_6,2
72,1,PID5_BF_7,3
72,1,PID5_BF_8,3
72,1,PID5_BF_9,3
72,1,PID5_BF_10,2
72,1,PID5_BF_11,0
72,1,PID5_BF_12,2
72,1,PID5_BF_13,3
72,1,PID5_BF_14,1
72,1,PID5_BF_15,3
72,1,PID5_BF_16,0
72,1,PID5_BF_17,0
72,1,PID5_BF_18,0
72,1,PID5_BF_19,0
72,1,PID5_BF_20,3
72,1,PID5_BF_21,0
72,1,PID5_BF_22,0
72,1,PID5_BF_23,0
72,1,PID5_BF_24,0
72,1,rt,13.623916666666666
72,1,attention_2,0
72,1,idx,70
72,1,rwn,1
73,1,Sex_0,1
73,1,age,28
73,1,edu,18
73,1,income_0,2
73,1,motivation_1,100
73,1,diagnosis_2,1
73,1,meds_3,1
73,1,BIG5_SF_0,0
73,1,BIG5_SF_1,4
73,1,BIG5_SF_2,0
73,1,BIG5_SF_3,2
73,1,BIG5_SF_4,4
73,1,BIG5_SF_5,4
73,1,BIG5_SF_6,2
73,1,BIG5_SF_7,0
73,1,BIG5_SF_8,0
73,1,BIG5_SF_9,0
73,1,BIG5_SF_10,4
73,1,BIG5_SF_11,3
73,1,BIG5_SF_12,4
73,1,BIG5_SF_13,4
73,1,BIG5_SF_14,4
73,1,BIG5_SF_15,4
73,1,BIG5_SF_16,0
73,1,BIG5_SF_17,4
73,1,BIG5_SF_18,4
73,1,BIG5_SF_19,3
73,1,BIG5_SF_20,3
73,1,BIG5_SF_21,4
73,1,BIG5_SF_22,4
73,1,BIG5_SF_23,4
73,1,BIG5_SF_24,4
73,1,BIG5_SF_25,0
73,1,BIG5_SF_26,0
73,1,BIG5_SF_27,0
73,1,BIG5_SF_28,1
73,1,BIG5_SF_29,0
73,1,I_8_0,1
73,1,I_8_1,1
73,1,I_8_2,3
73,1,I_8_3,3
73,1,I_8_4,4
73,1,I_8_5,4
73,1,I_8_6,4
73,1,I_8_7,4
73,1,PID5_BF_0,0
73,1,PID5_BF_1,0
73,1,PID5_BF_2,0
73,1,PID5_BF_3,0
73,1,PID5_BF_4,0
73,1,PID5_BF_5,3
73,1,PID5_BF_6,0
73,1,PID5_BF_7,1
73,1,PID5_BF_8,1
73,1,PID5_BF_9,2
73,1,PID5_BF_10,0
73,1,PID5_BF_11,0
73,1,PID5_BF_12,0
73,1,PID5_BF_13,0
73,1,PID5_BF_14,0
73,1,PID5_BF_15,1
73,1,PID5_BF_16,0
73,1,PID5_BF_17,0
73,1,PID5_BF_18,0
73,1,PID5_BF_19,0
73,1,PID5_BF_20,1
73,1,PID5_BF_21,0
73,1,PID5_BF_22,0
73,1,PID5_BF_23,0
73,1,PID5_BF_24,0
73,1,rt,6.9671666666666665
73,1,attention_2,0
73,1,idx,71
73,1,rwn,1
74,1,Sex_0,0
74,1,age,38
74,1,edu,19
74,1,income_0,4
74,1,motivation_1,99
74,1,diagnosis_2,1
74,1,meds_3,1
74,1,BIG5_SF_0,2
74,1,BIG5_SF_1,3
74,1,BIG5_SF_2,3
74,1,BIG5_SF_3,2
74,1,BIG5_SF_4,4
74,1,BIG5_SF_5,3
74,1,BIG5_SF_6,3
74,1,BIG5_SF_7,2
74,1,BIG5_SF_8,2
74,1,BIG5_SF_9,0
74,1,BIG5_SF_10,2
74,1,BIG5_SF_11,2
74,1,BIG5_SF_12,3
74,1,BIG5_SF_13,4
74,1,BIG5_SF_14,4
74,1,BIG5_SF_15,1
74,1,BIG5_SF_16,2
74,1,BIG5_SF_17,2
74,1,BIG5_SF_18,3
74,1,BIG5_SF_19,4
74,1,BIG5_SF_20,0
74,1,BIG5_SF_21,2
74,1,BIG5_SF_22,2
74,1,BIG5_SF_23,2
74,1,BIG5_SF_24,4
74,1,BIG5_SF_25,2
74,1,BIG5_SF_26,0
74,1,BIG5_SF_27,2
74,1,BIG5_SF_28,0
74,1,BIG5_SF_29,0
74,1,I_8_0,1
74,1,I_8_1,1
74,1,I_8_2,3
74,1,I_8_3,3
74,1,I_8_4,2
74,1,I_8_5,2
74,1,I_8_6,3
74,1,I_8_7,3
74,1,PID5_BF_0,0
74,1,PID5_BF_1,0
74,1,PID5_BF_2,0
74,1,PID5_BF_3,2
74,1,PID5_BF_4,0
74,1,PID5_BF_5,0
74,1,PID5_BF_6,1
74,1,PID5_BF_7,1
74,1,PID5_BF_8,0
74,1,PID5_BF_9,1
74,1,PID5_BF_10,0
74,1,PID5_BF_11,0
74,1,PID5_BF_12,2
74,1,PID5_BF_13,1
74,1,PID5_BF_14,0
74,1,PID5_BF_15,2
74,1,PID5_BF_16,1
74,1,PID5_BF_17,2
74,1,PID5_BF_18,0
74,1,PID5_BF_19,1
74,1,PID5_BF_20,0
74,1,PID5_BF_21,0
74,1,PID5_BF_22,0
74,1,PID5_BF_23,0
74,1,PID5_BF_24,0
74,1,rt,14.4036
74,1,attention_2,0
74,1,idx,72
74,1,rwn,1
75,1,Sex_0,1
75,1,age,30
75,1,edu,4
75,1,income_0,5
75,1,motivation_1,100
75,1,diagnosis_2,1
75,1,meds_3,1
75,1,BIG5_SF_0,1
75,1,BIG5_SF_1,4
75,1,BIG5_SF_2,0
75,1,BIG5_SF_3,1
75,1,BIG5_SF_4,4
75,1,BIG5_SF_5,3
75,1,BIG5_SF_6,0
75,1,BIG5_SF_7,1
75,1,BIG5_SF_8,3
75,1,BIG5_SF_9,3
75,1,BIG5_SF_10,4
75,1,BIG5_SF_11,3
75,1,BIG5_SF_12,4
75,1,BIG5_SF_13,3
75,1,BIG5_SF_14,4
75,1,BIG5_SF_15,3
75,1,BIG5_SF_16,0
75,1,BIG5_SF_17,4
75,1,BIG5_SF_18,3
75,1,BIG5_SF_19,1
75,1,BIG5_SF_20,2
75,1,BIG5_SF_21,4
75,1,BIG5_SF_22,4
75,1,BIG5_SF_23,4
75,1,BIG5_SF_24,4
75,1,BIG5_SF_25,0
75,1,BIG5_SF_26,0
75,1,BIG5_SF_27,1
75,1,BIG5_SF_28,3
75,1,BIG5_SF_29,1
75,1,I_8_0,3
75,1,I_8_1,3
75,1,I_8_2,2
75,1,I_8_3,3
75,1,I_8_4,4
75,1,I_8_5,4
75,1,I_8_6,4
75,1,I_8_7,4
75,1,PID5_BF_0,0
75,1,PID5_BF_1,1
75,1,PID5_BF_2,1
75,1,PID5_BF_3,1
75,1,PID5_BF_4,0
75,1,PID5_BF_5,0
75,1,PID5_BF_6,0
75,1,PID5_BF_7,2
75,1,PID5_BF_8,1
75,1,PID5_BF_9,2
75,1,PID5_BF_10,2
75,1,PID5_BF_11,1
75,1,PID5_BF_12,3
75,1,PID5_BF_13,0
75,1,PID5_BF_14,2
75,1,PID5_BF_15,1
75,1,PID5_BF_16,0
75,1,PID5_BF_17,2
75,1,PID5_BF_18,1
75,1,PID5_BF_19,0
75,1,PID5_BF_20,2
75,1,PID5_BF_21,0
75,1,PID5_BF_22,1
75,1,PID5_BF_23,2
75,1,PID5_BF_24,0
75,1,rt,17.305333333333333
75,1,attention_2,0
75,1,idx,73
75,1,rwn,1
76,1,Sex_0,0
76,1,age,59
76,1,edu,16
76,1,income_0,9
76,1,motivation_1,100
76,1,diagnosis_2,1
76,1,meds_3,1
76,1,BIG5_SF_0,3
76,1,BIG5_SF_1,4
76,1,BIG5_SF_2,0
76,1,BIG5_SF_3,2
76,1,BIG5_SF_4,4
76,1,BIG5_SF_5,4
76,1,BIG5_SF_6,0
76,1,BIG5_SF_7,3
76,1,BIG5_SF_8,0
76,1,BIG5_SF_9,2
76,1,BIG5_SF_10,4
76,1,BIG5_SF_11,4
76,1,BIG5_SF_12,4
76,1,BIG5_SF_13,4
76,1,BIG5_SF_14,4
76,1,BIG5_SF_15,2
76,1,BIG5_SF_16,1
76,1,BIG5_SF_17,4
76,1,BIG5_SF_18,4
76,1,BIG5_SF_19,4
76,1,BIG5_SF_20,4
76,1,BIG5_SF_21,4
76,1,BIG5_SF_22,4
76,1,BIG5_SF_23,4
76,1,BIG5_SF_24,2
76,1,BIG5_SF_25,0
76,1,BIG5_SF_26,0
76,1,BIG5_SF_27,0
76,1,BIG5_SF_28,0
76,1,BIG5_SF_29,0
76,1,I_8_0,1
76,1,I_8_1,1
76,1,I_8_2,4
76,1,I_8_3,4
76,1,I_8_4,4
76,1,I_8_5,4
76,1,I_8_6,4
76,1,I_8_7,4
76,1,PID5_BF_0,0
76,1,PID5_BF_1,0
76,1,PID5_BF_2,0
76,1,PID5_BF_3,3
76,1,PID5_BF_4,1
76,1,PID5_BF_5,0
76,1,PID5_BF_6,0
76,1,PID5_BF_7,0
76,1,PID5_BF_8,0
76,1,PID5_BF_9,2
76,1,PID5_BF_10,2
76,1,PID5_BF_11,3
76,1,PID5_BF_12,3
76,1,PID5_BF_13,0
76,1,PID5_BF_14,0
76,1,PID5_BF_15,0
76,1,PID5_BF_16,0
76,1,PID5_BF_17,1
76,1,PID5_BF_18,3
76,1,PID5_BF_19,2
76,1,PID5_BF_20,3
76,1,PID5_BF_21,0
76,1,PID5_BF_22,3
76,1,PID5_BF_23,3
76,1,PID5_BF_24,0
76,1,rt,19.841933333333333
76,1,attention_2,0
76,1,idx,74
76,1,rwn,1
77,1,Sex_0,1
77,1,age,22
77,1,edu,4
77,1,income_0,7
77,1,motivation_1,77
77,1,diagnosis_2,1
77,1,meds_3,1
77,1,BIG5_SF_0,3
77,1,BIG5_SF_1,4
77,1,BIG5_SF_2,0
77,1,BIG5_SF_3,4
77,1,BIG5_SF_4,2
77,1,BIG5_SF_5,2
77,1,BIG5_SF_6,0
77,1,BIG5_SF_7,4
77,1,BIG5_SF_8,0
77,1,BIG5_SF_9,1
77,1,BIG5_SF_10,3
77,1,BIG5_SF_11,4
77,1,BIG5_SF_12,4
77,1,BIG5_SF_13,4
77,1,BIG5_SF_14,4
77,1,BIG5_SF_15,4
77,1,BIG5_SF_16,0
77,1,BIG5_SF_17,4
77,1,BIG5_SF_18,4
77,1,BIG5_SF_19,0
77,1,BIG5_SF_20,3
77,1,BIG5_SF_21,4
77,1,BIG5_SF_22,4
77,1,BIG5_SF_23,4
77,1,BIG5_SF_24,3
77,1,BIG5_SF_25,0
77,1,BIG5_SF_26,0
77,1,BIG5_SF_27,0
77,1,BIG5_SF_28,0
77,1,BIG5_SF_29,0
77,1,I_8_0,0
77,1,I_8_1,0
77,1,I_8_2,4
77,1,I_8_3,4
77,1,I_8_4,4
77,1,I_8_5,4
77,1,I_8_6,4
77,1,I_8_7,4
77,1,PID5_BF_0,0
77,1,PID5_BF_1,0
77,1,PID5_BF_2,0
77,1,PID5_BF_3,0
77,1,PID5_BF_4,0
77,1,PID5_BF_5,0
77,1,PID5_BF_6,0
77,1,PID5_BF_7,0
77,1,PID5_BF_8,0
77,1,PID5_BF_9,0
77,1,PID5_BF_10,3
77,1,PID5_BF_11,0
77,1,PID5_BF_12,2
77,1,PID5_BF_13,0
77,1,PID5_BF_14,0
77,1,PID5_BF_15,0
77,1,PID5_BF_16,0
77,1,PID5_BF_17,0
77,1,PID5_BF_18,0
77,1,PID5_BF_19,0
77,1,PID5_BF_20,0
77,1,PID5_BF_21,0
77,1,PID5_BF_22,1
77,1,PID5_BF_23,2
77,1,PID5_BF_24,0
77,1,rt,10.201833333333331
77,1,attention_2,0
77,1,idx,75
77,1,rwn,1
78,1,Sex_0,1
78,1,age,28
78,1,edu,16
78,1,income_0,7
78,1,motivation_1,99
78,1,diagnosis_2,2
78,1,meds_3,1
78,1,BIG5_SF_0,4
78,1,BIG5_SF_1,4
78,1,BIG5_SF_2,0
78,1,BIG5_SF_3,2
78,1,BIG5_SF_4,1
78,1,BIG5_SF_5,3
78,1,BIG5_SF_6,1
78,1,BIG5_SF_7,0
78,1,BIG5_SF_8,1
78,1,BIG5_SF_9,1
78,1,BIG5_SF_10,3
78,1,BIG5_SF_11,4
78,1,BIG5_SF_12,4
78,1,BIG5_SF_13,4
78,1,BIG5_SF_14,4
78,1,BIG5_SF_15,1
78,1,BIG5_SF_16,1
78,1,BIG5_SF_17,4
78,1,BIG5_SF_18,4
78,1,BIG5_SF_19,2
78,1,BIG5_SF_20,1
78,1,BIG5_SF_21,4
78,1,BIG5_SF_22,4
78,1,BIG5_SF_23,4
78,1,BIG5_SF_24,3
78,1,BIG5_SF_25,1
78,1,BIG5_SF_26,0
78,1,BIG5_SF_27,0
78,1,BIG5_SF_28,0
78,1,BIG5_SF_29,1
78,1,I_8_0,1
78,1,I_8_1,1
78,1,I_8_2,4
78,1,I_8_3,4
78,1,I_8_4,4
78,1,I_8_5,3
78,1,I_8_6,2
78,1,I_8_7,1
78,1,PID5_BF_0,0
78,1,PID5_BF_1,0
78,1,PID5_BF_2,0
78,1,PID5_BF_3,0
78,1,PID5_BF_4,0
78,1,PID5_BF_5,0
78,1,PID5_BF_6,0
78,1,PID5_BF_7,0
78,1,PID5_BF_8,0
78,1,PID5_BF_9,0
78,1,PID5_BF_10,0
78,1,PID5_BF_11,0
78,1,PID5_BF_12,0
78,1,PID5_BF_13,0
78,1,PID5_BF_14,0
78,1,PID5_BF_15,0
78,1,PID5_BF_16,0
78,1,PID5_BF_17,0
78,1,PID5_BF_18,1
78,1,PID5_BF_19,1
78,1,PID5_BF_20,2
78,1,PID5_BF_21,1
78,1,PID5_BF_22,0
78,1,PID5_BF_23,0
78,1,PID5_BF_24,1
78,1,rt,10.890416666666669
78,1,attention_2,0
78,1,idx,76
78,1,rwn,1
79,1,Sex_0,1
79,1,age,47
79,1,edu,22
79,1,income_0,9
79,1,motivation_1,90
79,1,diagnosis_2,1
79,1,meds_3,1
79,1,BIG5_SF_0,2
79,1,BIG5_SF_1,4
79,1,BIG5_SF_2,0
79,1,BIG5_SF_3,2
79,1,BIG5_SF_4,4
79,1,BIG5_SF_5,3
79,1,BIG5_SF_6,0
79,1,BIG5_SF_7,1
79,1,BIG5_SF_8,1
79,1,BIG5_SF_9,0
79,1,BIG5_SF_10,4
79,1,BIG5_SF_11,3
79,1,BIG5_SF_12,3
79,1,BIG5_SF_13,3
79,1,BIG5_SF_14,4
79,1,BIG5_SF_15,3
79,1,BIG5_SF_16,2
79,1,BIG5_SF_17,4
79,1,BIG5_SF_18,3
79,1,BIG5_SF_19,0
79,1,BIG5_SF_20,2
79,1,BIG5_SF_21,4
79,1,BIG5_SF_22,4
79,1,BIG5_SF_23,3
79,1,BIG5_SF_24,4
79,1,BIG5_SF_25,2
79,1,BIG5_SF_26,0
79,1,BIG5_SF_27,1
79,1,BIG5_SF_28,2
79,1,BIG5_SF_29,0
79,1,I_8_0,1
79,1,I_8_1,1
79,1,I_8_2,4
79,1,I_8_3,4
79,1,I_8_4,4
79,1,I_8_5,3
79,1,I_8_6,2
79,1,I_8_7,2
79,1,PID5_BF_0,1
79,1,PID5_BF_1,0
79,1,PID5_BF_2,0
79,1,PID5_BF_3,0
79,1,PID5_BF_4,0
79,1,PID5_BF_5,0
79,1,PID5_BF_6,0
79,1,PID5_BF_7,1
79,1,PID5_BF_8,1
79,1,PID5_BF_9,1
79,1,PID5_BF_10,0
79,1,PID5_BF_11,0
79,1,PID5_BF_12,0
79,1,PID5_BF_13,1
79,1,PID5_BF_14,1
79,1,PID5_BF_15,1
79,1,PID5_BF_16,0
79,1,PID5_BF_17,0
79,1,PID5_BF_18,1
79,1,PID5_BF_19,2
79,1,PID5_BF_20,1
79,1,PID5_BF_21,2
79,1,PID5_BF_22,1
79,1,PID5_BF_23,0
79,1,PID5_BF_24,2
79,1,rt,10.27685
79,1,attention_2,0
79,1,idx,77
79,1,rwn,1
80,1,Sex_0,0
80,1,age,26
80,1,edu,18
80,1,income_0,6
80,1,motivation_1,75
80,1,diagnosis_2,1
80,1,meds_3,1
80,1,BIG5_SF_0,3
80,1,BIG5_SF_1,3
80,1,BIG5_SF_2,3
80,1,BIG5_SF_3,3
80,1,BIG5_SF_4,1
80,1,BIG5_SF_5,3
80,1,BIG5_SF_6,3
80,1,BIG5_SF_7,3
80,1,BIG5_SF_8,2
80,1,BIG5_SF_9,3
80,1,BIG5_SF_10,3
80,1,BIG5_SF_11,3
80,1,BIG5_SF_12,3
80,1,BIG5_SF_13,3
80,1,BIG5_SF_14,2
80,1,BIG5_SF_15,1
80,1,BIG5_SF_16,1
80,1,BIG5_SF_17,3
80,1,BIG5_SF_18,1
80,1,BIG5_SF_19,3
80,1,BIG5_SF_20,4
80,1,BIG5_SF_21,3
80,1,BIG5_SF_22,3
80,1,BIG5_SF_23,3
80,1,BIG5_SF_24,4
80,1,BIG5_SF_25,3
80,1,BIG5_SF_26,3
80,1,BIG5_SF_27,3
80,1,BIG5_SF_28,3
80,1,BIG5_SF_29,3
80,1,I_8_0,3
80,1,I_8_1,2
80,1,I_8_2,2
80,1,I_8_3,3
80,1,I_8_4,2
80,1,I_8_5,2
80,1,I_8_6,2
80,1,I_8_7,2
80,1,PID5_BF_0,1
80,1,PID5_BF_1,1
80,1,PID5_BF_2,1
80,1,PID5_BF_3,2
80,1,PID5_BF_4,2
80,1,PID5_BF_5,1
80,1,PID5_BF_6,2
80,1,PID5_BF_7,2
80,1,PID5_BF_8,1
80,1,PID5_BF_9,2
80,1,PID5_BF_10,2
80,1,PID5_BF_11,1
80,1,PID5_BF_12,0
80,1,PID5_BF_13,1
80,1,PID5_BF_14,2
80,1,PID5_BF_15,1
80,1,PID5_BF_16,0
80,1,PID5_BF_17,1
80,1,PID5_BF_18,1
80,1,PID5_BF_19,1
80,1,PID5_BF_20,2
80,1,PID5_BF_21,0
80,1,PID5_BF_22,2
80,1,PID5_BF_23,1
80,1,PID5_BF_24,1
80,1,rt,6.668533333333333
80,1,attention_2,0
80,1,idx,78
80,1,rwn,1
81,1,Sex_0,0
81,1,age,35
81,1,edu,12
81,1,income_0,2
81,1,motivation_1,61
81,1,diagnosis_2,1
81,1,meds_3,1
81,1,BIG5_SF_0,3
81,1,BIG5_SF_1,1
81,1,BIG5_SF_2,0
81,1,BIG5_SF_3,4
81,1,BIG5_SF_4,3
81,1,BIG5_SF_5,1
81,1,BIG5_SF_6,3
81,1,BIG5_SF_7,0
81,1,BIG5_SF_8,3
81,1,BIG5_SF_9,0
81,1,BIG5_SF_10,3
81,1,BIG5_SF_11,1
81,1,BIG5_SF_12,4
81,1,BIG5_SF_13,2
81,1,BIG5_SF_14,4
81,1,BIG5_SF_15,3
81,1,BIG5_SF_16,3
81,1,BIG5_SF_17,4
81,1,BIG5_SF_18,1
81,1,BIG5_SF_19,3
81,1,BIG5_SF_20,3
81,1,BIG5_SF_21,3
81,1,BIG5_SF_22,4
81,1,BIG5_SF_23,3
81,1,BIG5_SF_24,3
81,1,BIG5_SF_25,1
81,1,BIG5_SF_26,3
81,1,BIG5_SF_27,0
81,1,BIG5_SF_28,2
81,1,BIG5_SF_29,0
81,1,I_8_0,1
81,1,I_8_1,1
81,1,I_8_2,3
81,1,I_8_3,3
81,1,I_8_4,3
81,1,I_8_5,3
81,1,I_8_6,2
81,1,I_8_7,2
81,1,PID5_BF_0,0
81,1,PID5_BF_1,0
81,1,PID5_BF_2,0
81,1,PID5_BF_3,1
81,1,PID5_BF_4,0
81,1,PID5_BF_5,0
81,1,PID5_BF_6,0
81,1,PID5_BF_7,2
81,1,PID5_BF_8,1
81,1,PID5_BF_9,1
81,1,PID5_BF_10,0
81,1,PID5_BF_11,0
81,1,PID5_BF_12,0
81,1,PID5_BF_13,0
81,1,PID5_BF_14,1
81,1,PID5_BF_15,1
81,1,PID5_BF_16,0
81,1,PID5_BF_17,0
81,1,PID5_BF_18,1
81,1,PID5_BF_19,1
81,1,PID5_BF_20,1
81,1,PID5_BF_21,1
81,1,PID5_BF_22,0
81,1,PID5_BF_23,0
81,1,PID5_BF_24,1
81,1,rt,8.103366666666666
81,1,attention_2,0
81,1,idx,79
81,1,rwn,1
82,1,Sex_0,2
82,1,age,20
82,1,edu,16
82,1,income_0,9
82,1,motivation_1,85
82,1,diagnosis_2,0
82,1,meds_3,0
82,1,BIG5_SF_0,2
82,1,BIG5_SF_1,4
82,1,BIG5_SF_2,0
82,1,BIG5_SF_3,3
82,1,BIG5_SF_4,4
82,1,BIG5_SF_5,4
82,1,BIG5_SF_6,0
82,1,BIG5_SF_7,3
82,1,BIG5_SF_8,4
82,1,BIG5_SF_9,2
82,1,BIG5_SF_10,1
82,1,BIG5_SF_11,4
82,1,BIG5_SF_12,4
82,1,BIG5_SF_13,0
82,1,BIG5_SF_14,4
82,1,BIG5_SF_15,4
82,1,BIG5_SF_16,2
82,1,BIG5_SF_17,4
82,1,BIG5_SF_18,4
82,1,BIG5_SF_19,3
82,1,BIG5_SF_20,4
82,1,BIG5_SF_21,4
82,1,BIG5_SF_22,4
82,1,BIG5_SF_23,4
82,1,BIG5_SF_24,4
82,1,BIG5_SF_25,2
82,1,BIG5_SF_26,1
82,1,BIG5_SF_27,0
82,1,BIG5_SF_28,4
82,1,BIG5_SF_29,4
82,1,I_8_0,4
82,1,I_8_1,4
82,1,I_8_2,4
82,1,I_8_3,4
82,1,I_8_4,4
82,1,I_8_5,4
82,1,I_8_6,4
82,1,I_8_7,4
82,1,PID5_BF_0,0
82,1,PID5_BF_1,2
82,1,PID5_BF_2,0
82,1,PID5_BF_3,2
82,1,PID5_BF_4,0
82,1,PID5_BF_5,0
82,1,PID5_BF_6,3
82,1,PID5_BF_7,3
82,1,PID5_BF_8,3
82,1,PID5_BF_9,1
82,1,PID5_BF_10,3
82,1,PID5_BF_11,3
82,1,PID5_BF_12,1
82,1,PID5_BF_13,3
82,1,PID5_BF_14,3
82,1,PID5_BF_15,3
82,1,PID5_BF_16,0
82,1,PID5_BF_17,3
82,1,PID5_BF_18,1
82,1,PID5_BF_19,3
82,1,PID5_BF_20,3
82,1,PID5_BF_21,2
82,1,PID5_BF_22,3
82,1,PID5_BF_23,3
82,1,PID5_BF_24,0
82,1,rt,9.74145
82,1,attention_2,0
82,1,idx,80
82,1,rwn,1
83,1,Sex_0,0
83,1,age,44
83,1,edu,16
83,1,income_0,5
83,1,motivation_1,100
83,1,diagnosis_2,0
83,1,meds_3,1
83,1,BIG5_SF_0,3
83,1,BIG5_SF_1,2
83,1,BIG5_SF_2,0
83,1,BIG5_SF_3,4
83,1,BIG5_SF_4,4
83,1,BIG5_SF_5,1
83,1,BIG5_SF_6,0
83,1,BIG5_SF_7,1
83,1,BIG5_SF_8,2
83,1,BIG5_SF_9,0
83,1,BIG5_SF_10,3
83,1,BIG5_SF_11,1
83,1,BIG5_SF_12,4
83,1,BIG5_SF_13,2
83,1,BIG5_SF_14,3
83,1,BIG5_SF_15,3
83,1,BIG5_SF_16,2
83,1,BIG5_SF_17,4
83,1,BIG5_SF_18,3
83,1,BIG5_SF_19,2
83,1,BIG5_SF_20,3
83,1,BIG5_SF_21,4
83,1,BIG5_SF_22,4
83,1,BIG5_SF_23,3
83,1,BIG5_SF_24,4
83,1,BIG5_SF_25,0
83,1,BIG5_SF_26,1
83,1,BIG5_SF_27,3
83,1,BIG5_SF_28,1
83,1,BIG5_SF_29,0
83,1,I_8_0,1
83,1,I_8_1,0
83,1,I_8_2,4
83,1,I_8_3,4
83,1,I_8_4,4
83,1,I_8_5,4
83,1,I_8_6,0
83,1,I_8_7,1
83,1,PID5_BF_0,0
83,1,PID5_BF_1,0
83,1,PID5_BF_2,0
83,1,PID5_BF_3,0
83,1,PID5_BF_4,0
83,1,PID5_BF_5,3
83,1,PID5_BF_6,1
83,1,PID5_BF_7,2
83,1,PID5_BF_8,1
83,1,PID5_BF_9,0
83,1,PID5_BF_10,0
83,1,PID5_BF_11,0
83,1,PID5_BF_12,0
83,1,PID5_BF_13,0
83,1,PID5_BF_14,0
83,1,PID5_BF_15,1
83,1,PID5_BF_16,0
83,1,PID5_BF_17,0
83,1,PID5_BF_18,1
83,1,PID5_BF_19,2
83,1,PID5_BF_20,0
83,1,PID5_BF_21,0
83,1,PID5_BF_22,0
83,1,PID5_BF_23,0
83,1,PID5_BF_24,1
83,1,rt,34.68411666666667
83,1,attention_2,0
83,1,idx,81
83,1,rwn,1
84,1,Sex_0,1
84,1,age,43
84,1,edu,23
84,1,income_0,9
84,1,motivation_1,77
84,1,diagnosis_2,1
84,1,meds_3,1
84,1,BIG5_SF_0,2
84,1,BIG5_SF_1,3
84,1,BIG5_SF_2,1
84,1,BIG5_SF_3,1
84,1,BIG5_SF_4,3
84,1,BIG5_SF_5,3
84,1,BIG5_SF_6,2
84,1,BIG5_SF_7,1
84,1,BIG5_SF_8,2
84,1,BIG5_SF_9,1
84,1,BIG5_SF_10,3
84,1,BIG5_SF_11,2
84,1,BIG5_SF_12,4
84,1,BIG5_SF_13,3
84,1,BIG5_SF_14,3
84,1,BIG5_SF_15,2
84,1,BIG5_SF_16,1
84,1,BIG5_SF_17,3
84,1,BIG5_SF_18,3
84,1,BIG5_SF_19,2
84,1,BIG5_SF_20,1
84,1,BIG5_SF_21,4
84,1,BIG5_SF_22,3
84,1,BIG5_SF_23,3
84,1,BIG5_SF_24,3
84,1,BIG5_SF_25,1
84,1,BIG5_SF_26,2
84,1,BIG5_SF_27,1
84,1,BIG5_SF_28,1
84,1,BIG5_SF_29,1
84,1,I_8_0,1
84,1,I_8_1,0
84,1,I_8_2,3
84,1,I_8_3,3
84,1,I_8_4,2
84,1,I_8_5,3
84,1,I_8_6,3
84,1,I_8_7,3
84,1,PID5_BF_0,0
84,1,PID5_BF_1,1
84,1,PID5_BF_2,1
84,1,PID5_BF_3,1
84,1,PID5_BF_4,1
84,1,PID5_BF_5,1
84,1,PID5_BF_6,1
84,1,PID5_BF_7,0
84,1,PID5_BF_8,0
84,1,PID5_BF_9,1
84,1,PID5_BF_10,1
84,1,PID5_BF_11,0
84,1,PID5_BF_12,2
84,1,PID5_BF_13,0
84,1,PID5_BF_14,0
84,1,PID5_BF_15,0
84,1,PID5_BF_16,1
84,1,PID5_BF_17,1
84,1,PID5_BF_18,1
84,1,PID5_BF_19,1
84,1,PID5_BF_20,2
84,1,PID5_BF_21,1
84,1,PID5_BF_22,1
84,1,PID5_BF_23,1
84,1,PID5_BF_24,1
84,1,rt,4.706216666666666
84,1,attention_2,0
84,1,idx,82
84,1,rwn,1
85,1,Sex_0,0
85,1,age,29
85,1,edu,16
85,1,income_0,9
85,1,motivation_1,100
85,1,diagnosis_2,1
85,1,meds_3,1
85,1,BIG5_SF_0,4
85,1,BIG5_SF_1,4
85,1,BIG5_SF_2,0
85,1,BIG5_SF_3,4
85,1,BIG5_SF_4,4
85,1,BIG5_SF_5,1
85,1,BIG5_SF_6,0
85,1,BIG5_SF_7,0
85,1,BIG5_SF_8,3
85,1,BIG5_SF_9,0
85,1,BIG5_SF_10,3
85,1,BIG5_SF_11,3
85,1,BIG5_SF_12,4
85,1,BIG5_SF_13,3
85,1,BIG5_SF_14,3
85,1,BIG5_SF_15,1
85,1,BIG5_SF_16,0
85,1,BIG5_SF_17,3
85,1,BIG5_SF_18,3
85,1,BIG5_SF_19,0
85,1,BIG5_SF_20,3
85,1,BIG5_SF_21,4
85,1,BIG5_SF_22,4
85,1,BIG5_SF_23,4
85,1,BIG5_SF_24,4
85,1,BIG5_SF_25,0
85,1,BIG5_SF_26,0
85,1,BIG5_SF_27,1
85,1,BIG5_SF_28,4
85,1,BIG5_SF_29,0
85,1,I_8_0,1
85,1,I_8_1,1
85,1,I_8_2,4
85,1,I_8_3,3
85,1,I_8_4,3
85,1,I_8_5,3
85,1,I_8_6,3
85,1,I_8_7,4
85,1,PID5_BF_0,0
85,1,PID5_BF_1,0
85,1,PID5_BF_2,0
85,1,PID5_BF_3,1
85,1,PID5_BF_4,0
85,1,PID5_BF_5,0
85,1,PID5_BF_6,2
85,1,PID5_BF_7,3
85,1,PID5_BF_8,3
85,1,PID5_BF_9,0
85,1,PID5_BF_10,0
85,1,PID5_BF_11,1
85,1,PID5_BF_12,0
85,1,PID5_BF_13,1
85,1,PID5_BF_14,0
85,1,PID5_BF_15,1
85,1,PID5_BF_16,0
85,1,PID5_BF_17,0
85,1,PID5_BF_18,1
85,1,PID5_BF_19,1
85,1,PID5_BF_20,3
85,1,PID5_BF_21,0
85,1,PID5_BF_22,0
85,1,PID5_BF_23,2
85,1,PID5_BF_24,0
85,1,rt,21.21835
85,1,attention_2,0
85,1,idx,83
85,1,rwn,1
86,1,Sex_0,0
86,1,age,23
86,1,edu,12
86,1,income_0,5
86,1,motivation_1,100
86,1,diagnosis_2,1
86,1,meds_3,2
86,1,BIG5_SF_0,1
86,1,BIG5_SF_1,3
86,1,BIG5_SF_2,2
86,1,BIG5_SF_3,4
86,1,BIG5_SF_4,4
86,1,BIG5_SF_5,3
86,1,BIG5_SF_6,2
86,1,BIG5_SF_7,3
86,1,BIG5_SF_8,1
86,1,BIG5_SF_9,1
86,1,BIG5_SF_10,3
86,1,BIG5_SF_11,3
86,1,BIG5_SF_12,4
86,1,BIG5_SF_13,1
86,1,BIG5_SF_14,3
86,1,BIG5_SF_15,2
86,1,BIG5_SF_16,1
86,1,BIG5_SF_17,3
86,1,BIG5_SF_18,0
86,1,BIG5_SF_19,4
86,1,BIG5_SF_20,2
86,1,BIG5_SF_21,4
86,1,BIG5_SF_22,3
86,1,BIG5_SF_23,3
86,1,BIG5_SF_24,3
86,1,BIG5_SF_25,1
86,1,BIG5_SF_26,3
86,1,BIG5_SF_27,3
86,1,BIG5_SF_28,3
86,1,BIG5_SF_29,0
86,1,I_8_0,3
86,1,I_8_1,3
86,1,I_8_2,3
86,1,I_8_3,3
86,1,I_8_4,2
86,1,I_8_5,3
86,1,I_8_6,1
86,1,I_8_7,3
86,1,PID5_BF_0,1
86,1,PID5_BF_1,2
86,1,PID5_BF_2,0
86,1,PID5_BF_3,1
86,1,PID5_BF_4,1
86,1,PID5_BF_5,2
86,1,PID5_BF_6,2
86,1,PID5_BF_7,3
86,1,PID5_BF_8,1
86,1,PID5_BF_9,0
86,1,PID5_BF_10,1
86,1,PID5_BF_11,1
86,1,PID5_BF_12,0
86,1,PID5_BF_13,1
86,1,PID5_BF_14,2
86,1,PID5_BF_15,1
86,1,PID5_BF_16,1
86,1,PID5_BF_17,0
86,1,PID5_BF_18,1
86,1,PID5_BF_19,1
86,1,PID5_BF_20,2
86,1,PID5_BF_21,0
86,1,PID5_BF_22,2
86,1,PID5_BF_23,2
86,1,PID5_BF_24,1
86,1,rt,4.754483333333333
86,1,attention_2,0
86,1,idx,84
86,1,rwn,1
87,1,Sex_0,0
87,1,age,31
87,1,edu,16
87,1,income_0,1
87,1,motivation_1,86
87,1,diagnosis_2,1
87,1,meds_3,1
87,1,BIG5_SF_0,4
87,1,BIG5_SF_1,4
87,1,BIG5_SF_2,0
87,1,BIG5_SF_3,1
87,1,BIG5_SF_4,3
87,1,BIG5_SF_5,2
87,1,BIG5_SF_6,3
87,1,BIG5_SF_7,1
87,1,BIG5_SF_8,1
87,1,BIG5_SF_9,3
87,1,BIG5_SF_10,4
87,1,BIG5_SF_11,3
87,1,BIG5_SF_12,3
87,1,BIG5_SF_13,0
87,1,BIG5_SF_14,3
87,1,BIG5_SF_15,4
87,1,BIG5_SF_16,0
87,1,BIG5_SF_17,4
87,1,BIG5_SF_18,4
87,1,BIG5_SF_19,4
87,1,BIG5_SF_20,1
87,1,BIG5_SF_21,4
87,1,BIG5_SF_22,4
87,1,BIG5_SF_23,4
87,1,BIG5_SF_24,4
87,1,BIG5_SF_25,0
87,1,BIG5_SF_26,1
87,1,BIG5_SF_27,3
87,1,BIG5_SF_28,4
87,1,BIG5_SF_29,3
87,1,I_8_0,3
87,1,I_8_1,4
87,1,I_8_2,2
87,1,I_8_3,1
87,1,I_8_4,4
87,1,I_8_5,3
87,1,I_8_6,3
87,1,I_8_7,3
87,1,PID5_BF_0,1
87,1,PID5_BF_1,2
87,1,PID5_BF_2,0
87,1,PID5_BF_3,1
87,1,PID5_BF_4,0
87,1,PID5_BF_5,2
87,1,PID5_BF_6,1
87,1,PID5_BF_7,2
87,1,PID5_BF_8,3
87,1,PID5_BF_9,2
87,1,PID5_BF_10,3
87,1,PID5_BF_11,2
87,1,PID5_BF_12,1
87,1,PID5_BF_13,2
87,1,PID5_BF_14,2
87,1,PID5_BF_15,1
87,1,PID5_BF_16,2
87,1,PID5_BF_17,1
87,1,PID5_BF_18,2
87,1,PID5_BF_19,3
87,1,PID5_BF_20,1
87,1,PID5_BF_21,2
87,1,PID5_BF_22,2
87,1,PID5_BF_23,2
87,1,PID5_BF_24,2
87,1,rt,6.36475
87,1,attention_2,0
87,1,idx,85
87,1,rwn,1
88,1,Sex_0,0
88,1,age,33
88,1,edu,18
88,1,income_0,9
88,1,motivation_1,97
88,1,diagnosis_2,1
88,1,meds_3,1
88,1,BIG5_SF_0,3
88,1,BIG5_SF_1,1
88,1,BIG5_SF_2,0
88,1,BIG5_SF_3,4
88,1,BIG5_SF_4,3
88,1,BIG5_SF_5,3
88,1,BIG5_SF_6,1
88,1,BIG5_SF_7,0
88,1,BIG5_SF_8,1
88,1,BIG5_SF_9,0
88,1,BIG5_SF_10,4
88,1,BIG5_SF_11,3
88,1,BIG5_SF_12,4
88,1,BIG5_SF_13,3
88,1,BIG5_SF_14,4
88,1,BIG5_SF_15,3
88,1,BIG5_SF_16,3
88,1,BIG5_SF_17,4
88,1,BIG5_SF_18,4
88,1,BIG5_SF_19,3
88,1,BIG5_SF_20,1
88,1,BIG5_SF_21,4
88,1,BIG5_SF_22,4
88,1,BIG5_SF_23,4
88,1,BIG5_SF_24,4
88,1,BIG5_SF_25,0
88,1,BIG5_SF_26,3
88,1,BIG5_SF_27,0
88,1,BIG5_SF_28,1
88,1,BIG5_SF_29,0
88,1,I_8_0,1
88,1,I_8_1,4
88,1,I_8_2,4
88,1,I_8_3,4
88,1,I_8_4,4
88,1,I_8_5,4
88,1,I_8_6,3
88,1,I_8_7,4
88,1,PID5_BF_0,0
88,1,PID5_BF_1,0
88,1,PID5_BF_2,0
88,1,PID5_BF_3,0
88,1,PID5_BF_4,0
88,1,PID5_BF_5,0
88,1,PID5_BF_6,1
88,1,PID5_BF_7,2
88,1,PID5_BF_8,1
88,1,PID5_BF_9,1
88,1,PID5_BF_10,0
88,1,PID5_BF_11,2
88,1,PID5_BF_12,0
88,1,PID5_BF_13,2
88,1,PID5_BF_14,2
88,1,PID5_BF_15,2
88,1,PID5_BF_16,0
88,1,PID5_BF_17,1
88,1,PID5_BF_18,0
88,1,PID5_BF_19,0
88,1,PID5_BF_20,0
88,1,PID5_BF_21,1
88,1,PID5_BF_22,2
88,1,PID5_BF_23,0
88,1,PID5_BF_24,1
88,1,rt,14.694766666666666
88,1,attention_2,0
88,1,idx,86
88,1,rwn,1
89,1,Sex_0,1
89,1,age,19
89,1,edu,14
89,1,income_0,1
89,1,motivation_1,98
89,1,diagnosis_2,1
89,1,meds_3,1
89,1,BIG5_SF_0,3
89,1,BIG5_SF_1,4
89,1,BIG5_SF_2,0
89,1,BIG5_SF_3,0
89,1,BIG5_SF_4,4
89,1,BIG5_SF_5,3
89,1,BIG5_SF_6,0
89,1,BIG5_SF_7,0
89,1,BIG5_SF_8,0
89,1,BIG5_SF_9,0
89,1,BIG5_SF_10,4
89,1,BIG5_SF_11,4
89,1,BIG5_SF_12,4
89,1,BIG5_SF_13,4
89,1,BIG5_SF_14,4
89,1,BIG5_SF_15,4
89,1,BIG5_SF_16,0
89,1,BIG5_SF_17,4
89,1,BIG5_SF_18,4
89,1,BIG5_SF_19,2
89,1,BIG5_SF_20,2
89,1,BIG5_SF_21,4
89,1,BIG5_SF_22,4
89,1,BIG5_SF_23,4
89,1,BIG5_SF_24,4
89,1,BIG5_SF_25,3
89,1,BIG5_SF_26,0
89,1,BIG5_SF_27,0
89,1,BIG5_SF_28,1
89,1,BIG5_SF_29,0
89,1,I_8_0,1
89,1,I_8_1,1
89,1,I_8_2,4
89,1,I_8_3,4
89,1,I_8_4,4
89,1,I_8_5,4
89,1,I_8_6,3
89,1,I_8_7,4
89,1,PID5_BF_0,0
89,1,PID5_BF_1,0
89,1,PID5_BF_2,1
89,1,PID5_BF_3,0
89,1,PID5_BF_4,0
89,1,PID5_BF_5,0
89,1,PID5_BF_6,0
89,1,PID5_BF_7,0
89,1,PID5_BF_8,0
89,1,PID5_BF_9,0
89,1,PID5_BF_10,0
89,1,PID5_BF_11,0
89,1,PID5_BF_12,0
89,1,PID5_BF_13,0
89,1,PID5_BF_14,0
89,1,PID5_BF_15,0
89,1,PID5_BF_16,0
89,1,PID5_BF_17,0
89,1,PID5_BF_18,0
89,1,PID5_BF_19,0
89,1,PID5_BF_20,1
89,1,PID5_BF_21,0
89,1,PID5_BF_22,0
89,1,PID5_BF_23,0
89,1,PID5_BF_24,0
89,1,rt,9.1655
89,1,attention_2,0
89,1,idx,87
89,1,rwn,1
90,1,Sex_0,0
90,1,age,45
90,1,edu,3
90,1,income_0,3
90,1,motivation_1,84
90,1,diagnosis_2,0
90,1,meds_3,0
90,1,BIG5_SF_0,4
90,1,BIG5_SF_1,3
90,1,BIG5_SF_2,3
90,1,BIG5_SF_3,3
90,1,BIG5_SF_4,3
90,1,BIG5_SF_5,3
90,1,BIG5_SF_6,1
90,1,BIG5_SF_7,3
90,1,BIG5_SF_8,3
90,1,BIG5_SF_9,4
90,1,BIG5_SF_10,4
90,1,BIG5_SF_11,4
90,1,BIG5_SF_12,4
90,1,BIG5_SF_13,4
90,1,BIG5_SF_14,4
90,1,BIG5_SF_15,3
90,1,BIG5_SF_16,3
90,1,BIG5_SF_17,4
90,1,BIG5_SF_18,3
90,1,BIG5_SF_19,3
90,1,BIG5_SF_20,3
90,1,BIG5_SF_21,4
90,1,BIG5_SF_22,4
90,1,BIG5_SF_23,4
90,1,BIG5_SF_24,4
90,1,BIG5_SF_25,1
90,1,BIG5_SF_26,3
90,1,BIG5_SF_27,3
90,1,BIG5_SF_28,3
90,1,BIG5_SF_29,1
90,1,I_8_0,4
90,1,I_8_1,4
90,1,I_8_2,4
90,1,I_8_3,3
90,1,I_8_4,4
90,1,I_8_5,4
90,1,I_8_6,4
90,1,I_8_7,3
90,1,PID5_BF_0,3
90,1,PID5_BF_1,3
90,1,PID5_BF_2,2
90,1,PID5_BF_3,1
90,1,PID5_BF_4,2
90,1,PID5_BF_5,3
90,1,PID5_BF_6,2
90,1,PID5_BF_7,3
90,1,PID5_BF_8,3
90,1,PID5_BF_9,2
90,1,PID5_BF_10,3
90,1,PID5_BF_11,3
90,1,PID5_BF_12,3
90,1,PID5_BF_13,0
90,1,PID5_BF_14,0
90,1,PID5_BF_15,0
90,1,PID5_BF_16,3
90,1,PID5_BF_17,3
90,1,PID5_BF_18,3
90,1,PID5_BF_19,0
90,1,PID5_BF_20,3
90,1,PID5_BF_21,1
90,1,PID5_BF_22,2
90,1,PID5_BF_23,3
90,1,PID5_BF_24,3
90,1,rt,14.124333333333333
90,1,attention_2,0
90,1,idx,88
90,1,rwn,1
91,1,Sex_0,1
91,1,age,33
91,1,edu,17
91,1,income_0,6
91,1,motivation_1,100
91,1,diagnosis_2,1
91,1,meds_3,1
91,1,BIG5_SF_0,3
91,1,BIG5_SF_1,4
91,1,BIG5_SF_2,3
91,1,BIG5_SF_3,3
91,1,BIG5_SF_4,4
91,1,BIG5_SF_5,4
91,1,BIG5_SF_6,0
91,1,BIG5_SF_7,0
91,1,BIG5_SF_8,0
91,1,BIG5_SF_9,0
91,1,BIG5_SF_10,4
91,1,BIG5_SF_11,3
91,1,BIG5_SF_12,4
91,1,BIG5_SF_13,1
91,1,BIG5_SF_14,4
91,1,BIG5_SF_15,3
91,1,BIG5_SF_16,1
91,1,BIG5_SF_17,4
91,1,BIG5_SF_18,4
91,1,BIG5_SF_19,0
91,1,BIG5_SF_20,3
91,1,BIG5_SF_21,4
91,1,BIG5_SF_22,4
91,1,BIG5_SF_23,4
91,1,BIG5_SF_24,4
91,1,BIG5_SF_25,3
91,1,BIG5_SF_26,0
91,1,BIG5_SF_27,1
91,1,BIG5_SF_28,1
91,1,BIG5_SF_29,0
91,1,I_8_0,0
91,1,I_8_1,2
91,1,I_8_2,3
91,1,I_8_3,3
91,1,I_8_4,4
91,1,I_8_5,3
91,1,I_8_6,4
91,1,I_8_7,4
91,1,PID5_BF_0,2
91,1,PID5_BF_1,2
91,1,PID5_BF_2,1
91,1,PID5_BF_3,2
91,1,PID5_BF_4,1
91,1,PID5_BF_5,0
91,1,PID5_BF_6,2
91,1,PID5_BF_7,1
91,1,PID5_BF_8,2
91,1,PID5_BF_9,0
91,1,PID5_BF_10,0
91,1,PID5_BF_11,0
91,1,PID5_BF_12,2
91,1,PID5_BF_13,1
91,1,PID5_BF_14,0
91,1,PID5_BF_15,2
91,1,PID5_BF_16,0
91,1,PID5_BF_17,0
91,1,PID5_BF_18,0
91,1,PID5_BF_19,1
91,1,PID5_BF_20,2
91,1,PID5_BF_21,0
91,1,PID5_BF_22,0
91,1,PID5_BF_23,0
91,1,PID5_BF_24,0
91,1,rt,13.804733333333331
91,1,attention_2,0
91,1,idx,89
91,1,rwn,1
92,1,Sex_0,1
92,1,age,21
92,1,edu,16
92,1,income_0,6
92,1,motivation_1,79
92,1,diagnosis_2,1
92,1,meds_3,1
92,1,BIG5_SF_0,1
92,1,BIG5_SF_1,4
92,1,BIG5_SF_2,3
92,1,BIG5_SF_3,3
92,1,BIG5_SF_4,4
92,1,BIG5_SF_5,3
92,1,BIG5_SF_6,3
92,1,BIG5_SF_7,2
92,1,BIG5_SF_8,3
92,1,BIG5_SF_9,3
92,1,BIG5_SF_10,2
92,1,BIG5_SF_11,3
92,1,BIG5_SF_12,4
92,1,BIG5_SF_13,3
92,1,BIG5_SF_14,3
92,1,BIG5_SF_15,4
92,1,BIG5_SF_16,1
92,1,BIG5_SF_17,1
92,1,BIG5_SF_18,3
92,1,BIG5_SF_19,3
92,1,BIG5_SF_20,3
92,1,BIG5_SF_21,4
92,1,BIG5_SF_22,4
92,1,BIG5_SF_23,2
92,1,BIG5_SF_24,3
92,1,BIG5_SF_25,2
92,1,BIG5_SF_26,0
92,1,BIG5_SF_27,2
92,1,BIG5_SF_28,4
92,1,BIG5_SF_29,2
92,1,I_8_0,2
92,1,I_8_1,2
92,1,I_8_2,3
92,1,I_8_3,3
92,1,I_8_4,2
92,1,I_8_5,3
92,1,I_8_6,3
92,1,I_8_7,4
92,1,PID5_BF_0,0
92,1,PID5_BF_1,1
92,1,PID5_BF_2,2
92,1,PID5_BF_3,1
92,1,PID5_BF_4,0
92,1,PID5_BF_5,1
92,1,PID5_BF_6,2
92,1,PID5_BF_7,2
92,1,PID5_BF_8,3
92,1,PID5_BF_9,2
92,1,PID5_BF_10,1
92,1,PID5_BF_11,2
92,1,PID5_BF_12,2
92,1,PID5_BF_13,1
92,1,PID5_BF_14,2
92,1,PID5_BF_15,3
92,1,PID5_BF_16,0
92,1,PID5_BF_17,2
92,1,PID5_BF_18,2
92,1,PID5_BF_19,1
92,1,PID5_BF_20,1
92,1,PID5_BF_21,1
92,1,PID5_BF_22,0
92,1,PID5_BF_23,2
92,1,PID5_BF_24,0
92,1,rt,26.158616666666667
92,1,attention_2,0
92,1,idx,90
92,1,rwn,1
93,1,Sex_0,1
93,1,age,46
93,1,edu,16
93,1,income_0,6
93,1,motivation_1,64
93,1,diagnosis_2,1
93,1,meds_3,1
93,1,BIG5_SF_0,1
93,1,BIG5_SF_1,3
93,1,BIG5_SF_2,0
93,1,BIG5_SF_3,1
93,1,BIG5_SF_4,3
93,1,BIG5_SF_5,3
93,1,BIG5_SF_6,0
93,1,BIG5_SF_7,1
93,1,BIG5_SF_8,0
93,1,BIG5_SF_9,2
93,1,BIG5_SF_10,3
93,1,BIG5_SF_11,3
93,1,BIG5_SF_12,3
93,1,BIG5_SF_13,3
93,1,BIG5_SF_14,3
93,1,BIG5_SF_15,3
93,1,BIG5_SF_16,1
93,1,BIG5_SF_17,3
93,1,BIG5_SF_18,3
93,1,BIG5_SF_19,1
93,1,BIG5_SF_20,1
93,1,BIG5_SF_21,4
93,1,BIG5_SF_22,3
93,1,BIG5_SF_23,3
93,1,BIG5_SF_24,3
93,1,BIG5_SF_25,1
93,1,BIG5_SF_26,0
93,1,BIG5_SF_27,0
93,1,BIG5_SF_28,0
93,1,BIG5_SF_29,2
93,1,I_8_0,2
93,1,I_8_1,1
93,1,I_8_2,4
93,1,I_8_3,3
93,1,I_8_4,3
93,1,I_8_5,3
93,1,I_8_6,2
93,1,I_8_7,2
93,1,PID5_BF_0,3
93,1,PID5_BF_1,1
93,1,PID5_BF_2,1
93,1,PID5_BF_3,0
93,1,PID5_BF_4,0
93,1,PID5_BF_5,0
93,1,PID5_BF_6,0
93,1,PID5_BF_7,0
93,1,PID5_BF_8,0
93,1,PID5_BF_9,0
93,1,PID5_BF_10,1
93,1,PID5_BF_11,1
93,1,PID5_BF_12,1
93,1,PID5_BF_13,0
93,1,PID5_BF_14,0
93,1,PID5_BF_15,0
93,1,PID5_BF_16,0
93,1,PID5_BF_17,0
93,1,PID5_BF_18,0
93,1,PID5_BF_19,1
93,1,PID5_BF_20,1
93,1,PID5_BF_21,1
93,1,PID5_BF_22,0
93,1,PID5_BF_23,1
93,1,PID5_BF_24,0
93,1,rt,13.696466666666666
93,1,attention_2,0
93,1,idx,91
93,1,rwn,1
94,1,Sex_0,0
94,1,age,20
94,1,edu,16
94,1,income_0,1
94,1,motivation_1,95
94,1,diagnosis_2,2
94,1,meds_3,1
94,1,BIG5_SF_0,3
94,1,BIG5_SF_1,4
94,1,BIG5_SF_2,0
94,1,BIG5_SF_3,2
94,1,BIG5_SF_4,4
94,1,BIG5_SF_5,4
94,1,BIG5_SF_6,1
94,1,BIG5_SF_7,0
94,1,BIG5_SF_8,1
94,1,BIG5_SF_9,0
94,1,BIG5_SF_10,4
94,1,BIG5_SF_11,3
94,1,BIG5_SF_12,4
94,1,BIG5_SF_13,4
94,1,BIG5_SF_14,4
94,1,BIG5_SF_15,4
94,1,BIG5_SF_16,0
94,1,BIG5_SF_17,4
94,1,BIG5_SF_18,4
94,1,BIG5_SF_19,1
94,1,BIG5_SF_20,1
94,1,BIG5_SF_21,4
94,1,BIG5_SF_22,4
94,1,BIG5_SF_23,4
94,1,BIG5_SF_24,4
94,1,BIG5_SF_25,0
94,1,BIG5_SF_26,1
94,1,BIG5_SF_27,2
94,1,BIG5_SF_28,1
94,1,BIG5_SF_29,1
94,1,I_8_0,2
94,1,I_8_1,4
94,1,I_8_2,4
94,1,I_8_3,4
94,1,I_8_4,4
94,1,I_8_5,4
94,1,I_8_6,4
94,1,I_8_7,4
94,1,PID5_BF_0,1
94,1,PID5_BF_1,1
94,1,PID5_BF_2,1
94,1,PID5_BF_3,0
94,1,PID5_BF_4,1
94,1,PID5_BF_5,0
94,1,PID5_BF_6,0
94,1,PID5_BF_7,1
94,1,PID5_BF_8,1
94,1,PID5_BF_9,1
94,1,PID5_BF_10,1
94,1,PID5_BF_11,1
94,1,PID5_BF_12,1
94,1,PID5_BF_13,1
94,1,PID5_BF_14,1
94,1,PID5_BF_15,1
94,1,PID5_BF_16,0
94,1,PID5_BF_17,1
94,1,PID5_BF_18,1
94,1,PID5_BF_19,1
94,1,PID5_BF_20,1
94,1,PID5_BF_21,0
94,1,PID5_BF_22,0
94,1,PID5_BF_23,1
94,1,PID5_BF_24,0
94,1,rt,5.8597166666666665
94,1,attention_2,0
94,1,idx,92
94,1,rwn,1
95,1,Sex_0,0
95,1,age,32
95,1,edu,17
95,1,income_0,7
95,1,motivation_1,100
95,1,diagnosis_2,1
95,1,meds_3,1
95,1,BIG5_SF_0,0
95,1,BIG5_SF_1,4
95,1,BIG5_SF_2,1
95,1,BIG5_SF_3,3
95,1,BIG5_SF_4,3
95,1,BIG5_SF_5,4
95,1,BIG5_SF_6,0
95,1,BIG5_SF_7,0
95,1,BIG5_SF_8,1
95,1,BIG5_SF_9,0
95,1,BIG5_SF_10,3
95,1,BIG5_SF_11,2
95,1,BIG5_SF_12,4
95,1,BIG5_SF_13,4
95,1,BIG5_SF_14,4
95,1,BIG5_SF_15,4
95,1,BIG5_SF_16,0
95,1,BIG5_SF_17,4
95,1,BIG5_SF_18,4
95,1,BIG5_SF_19,0
95,1,BIG5_SF_20,3
95,1,BIG5_SF_21,4
95,1,BIG5_SF_22,3
95,1,BIG5_SF_23,3
95,1,BIG5_SF_24,4
95,1,BIG5_SF_25,1
95,1,BIG5_SF_26,1
95,1,BIG5_SF_27,0
95,1,BIG5_SF_28,3
95,1,BIG5_SF_29,1
95,1,I_8_0,2
95,1,I_8_1,1
95,1,I_8_2,3
95,1,I_8_3,3
95,1,I_8_4,4
95,1,I_8_5,4
95,1,I_8_6,3
95,1,I_8_7,4
95,1,PID5_BF_0,0
95,1,PID5_BF_1,0
95,1,PID5_BF_2,1
95,1,PID5_BF_3,0
95,1,PID5_BF_4,0
95,1,PID5_BF_5,1
95,1,PID5_BF_6,1
95,1,PID5_BF_7,2
95,1,PID5_BF_8,3
95,1,PID5_BF_9,2
95,1,PID5_BF_10,1
95,1,PID5_BF_11,1
95,1,PID5_BF_12,0
95,1,PID5_BF_13,0
95,1,PID5_BF_14,1
95,1,PID5_BF_15,1
95,1,PID5_BF_16,0
95,1,PID5_BF_17,0
95,1,PID5_BF_18,1
95,1,PID5_BF_19,1
95,1,PID5_BF_20,0
95,1,PID5_BF_21,0
95,1,PID5_BF_22,1
95,1,PID5_BF_23,1
95,1,PID5_BF_24,0
95,1,rt,5.8411333333333335
95,1,attention_2,0
95,1,idx,93
95,1,rwn,1
96,1,Sex_0,1
96,1,age,25
96,1,edu,16
96,1,income_0,5
96,1,motivation_1,100
96,1,diagnosis_2,1
96,1,meds_3,1
96,1,BIG5_SF_0,0
96,1,BIG5_SF_1,4
96,1,BIG5_SF_2,0
96,1,BIG5_SF_3,4
96,1,BIG5_SF_4,4
96,1,BIG5_SF_5,3
96,1,BIG5_SF_6,3
96,1,BIG5_SF_7,0
96,1,BIG5_SF_8,1
96,1,BIG5_SF_9,0
96,1,BIG5_SF_10,4
96,1,BIG5_SF_11,3
96,1,BIG5_SF_12,4
96,1,BIG5_SF_13,3
96,1,BIG5_SF_14,4
96,1,BIG5_SF_15,4
96,1,BIG5_SF_16,1
96,1,BIG5_SF_17,4
96,1,BIG5_SF_18,4
96,1,BIG5_SF_19,0
96,1,BIG5_SF_20,4
96,1,BIG5_SF_21,4
96,1,BIG5_SF_22,4
96,1,BIG5_SF_23,4
96,1,BIG5_SF_24,4
96,1,BIG5_SF_25,0
96,1,BIG5_SF_26,3
96,1,BIG5_SF_27,3
96,1,BIG5_SF_28,4
96,1,BIG5_SF_29,0
96,1,I_8_0,4
96,1,I_8_1,4
96,1,I_8_2,4
96,1,I_8_3,3
96,1,I_8_4,4
96,1,I_8_5,4
96,1,I_8_6,4
96,1,I_8_7,3
96,1,PID5_BF_0,0
96,1,PID5_BF_1,2
96,1,PID5_BF_2,3
96,1,PID5_BF_3,1
96,1,PID5_BF_4,0
96,1,PID5_BF_5,0
96,1,PID5_BF_6,0
96,1,PID5_BF_7,3
96,1,PID5_BF_8,2
96,1,PID5_BF_9,3
96,1,PID5_BF_10,3
96,1,PID5_BF_11,3
96,1,PID5_BF_12,3
96,1,PID5_BF_13,0
96,1,PID5_BF_14,3
96,1,PID5_BF_15,2
96,1,PID5_BF_16,0
96,1,PID5_BF_17,1
96,1,PID5_BF_18,3
96,1,PID5_BF_19,2
96,1,PID5_BF_20,3
96,1,PID5_BF_21,3
96,1,PID5_BF_22,3
96,1,PID5_BF_23,3
96,1,PID5_BF_24,2
96,1,rt,9.166333333333334
96,1,attention_2,0
96,1,idx,94
96,1,rwn,1
97,1,Sex_0,0
97,1,age,19
97,1,edu,15
97,1,income_0,0
97,1,motivation_1,49
97,1,diagnosis_2,1
97,1,meds_3,1
97,1,BIG5_SF_0,3
97,1,BIG5_SF_1,4
97,1,BIG5_SF_2,1
97,1,BIG5_SF_3,0
97,1,BIG5_SF_4,2
97,1,BIG5_SF_5,2
97,1,BIG5_SF_6,1
97,1,BIG5_SF_7,1
97,1,BIG5_SF_8,0
97,1,BIG5_SF_9,2
97,1,BIG5_SF_10,3
97,1,BIG5_SF_11,2
97,1,BIG5_SF_12,3
97,1,BIG5_SF_13,3
97,1,BIG5_SF_14,3
97,1,BIG5_SF_15,3
97,1,BIG5_SF_16,1
97,1,BIG5_SF_17,2
97,1,BIG5_SF_18,3
97,1,BIG5_SF_19,1
97,1,BIG5_SF_20,3
97,1,BIG5_SF_21,4
97,1,BIG5_SF_22,3
97,1,BIG5_SF_23,3
97,1,BIG5_SF_24,2
97,1,BIG5_SF_25,0
97,1,BIG5_SF_26,1
97,1,BIG5_SF_27,2
97,1,BIG5_SF_28,0
97,1,BIG5_SF_29,1
97,1,I_8_0,1
97,1,I_8_1,1
97,1,I_8_2,3
97,1,I_8_3,2
97,1,I_8_4,3
97,1,I_8_5,2
97,1,I_8_6,2
97,1,I_8_7,3
97,1,PID5_BF_0,0
97,1,PID5_BF_1,1
97,1,PID5_BF_2,0
97,1,PID5_BF_3,1
97,1,PID5_BF_4,1
97,1,PID5_BF_5,1
97,1,PID5_BF_6,1
97,1,PID5_BF_7,1
97,1,PID5_BF_8,0
97,1,PID5_BF_9,0
97,1,PID5_BF_10,0
97,1,PID5_BF_11,0
97,1,PID5_BF_12,1
97,1,PID5_BF_13,0
97,1,PID5_BF_14,1
97,1,PID5_BF_15,1
97,1,PID5_BF_16,1
97,1,PID5_BF_17,1
97,1,PID5_BF_18,0
97,1,PID5_BF_19,1
97,1,PID5_BF_20,2
97,1,PID5_BF_21,0
97,1,PID5_BF_22,1
97,1,PID5_BF_23,0
97,1,PID5_BF_24,1
97,1,rt,4.494466666666667
97,1,attention_2,0
97,1,idx,95
97,1,rwn,1
98,1,Sex_0,0
98,1,age,25
98,1,edu,3
98,1,income_0,4
98,1,motivation_1,100
98,1,diagnosis_2,0
98,1,meds_3,1
98,1,BIG5_SF_0,4
98,1,BIG5_SF_1,3
98,1,BIG5_SF_2,0
98,1,BIG5_SF_3,1
98,1,BIG5_SF_4,3
98,1,BIG5_SF_5,4
98,1,BIG5_SF_6,1
98,1,BIG5_SF_7,0
98,1,BIG5_SF_8,0
98,1,BIG5_SF_9,0
98,1,BIG5_SF_10,4
98,1,BIG5_SF_11,3
98,1,BIG5_SF_12,4
98,1,BIG5_SF_13,4
98,1,BIG5_SF_14,4
98,1,BIG5_SF_15,3
98,1,BIG5_SF_16,3
98,1,BIG5_SF_17,4
98,1,BIG5_SF_18,4
98,1,BIG5_SF_19,3
98,1,BIG5_SF_20,0
98,1,BIG5_SF_21,4
98,1,BIG5_SF_22,4
98,1,BIG5_SF_23,4
98,1,BIG5_SF_24,4
98,1,BIG5_SF_25,1
98,1,BIG5_SF_26,1
98,1,BIG5_SF_27,1
98,1,BIG5_SF_28,0
98,1,BIG5_SF_29,0
98,1,I_8_0,1
98,1,I_8_1,1
98,1,I_8_2,3
98,1,I_8_3,3
98,1,I_8_4,4
98,1,I_8_5,4
98,1,I_8_6,4
98,1,I_8_7,4
98,1,PID5_BF_0,0
98,1,PID5_BF_1,1
98,1,PID5_BF_2,0
98,1,PID5_BF_3,0
98,1,PID5_BF_4,0
98,1,PID5_BF_5,0
98,1,PID5_BF_6,0
98,1,PID5_BF_7,2
98,1,PID5_BF_8,0
98,1,PID5_BF_9,0
98,1,PID5_BF_10,0
98,1,PID5_BF_11,0
98,1,PID5_BF_12,0
98,1,PID5_BF_13,0
98,1,PID5_BF_14,0
98,1,PID5_BF_15,0
98,1,PID5_BF_16,0
98,1,PID5_BF_17,0
98,1,PID5_BF_18,0
98,1,PID5_BF_19,1
98,1,PID5_BF_20,0
98,1,PID5_BF_21,0
98,1,PID5_BF_22,0
98,1,PID5_BF_23,0
98,1,PID5_BF_24,0
98,1,rt,12.209533333333331
98,1,attention_2,0
98,1,idx,96
98,1,rwn,1
99,1,Sex_0,1
99,1,age,30
99,1,edu,22
99,1,income_0,6
99,1,motivation_1,82
99,1,diagnosis_2,1
99,1,meds_3,1
99,1,BIG5_SF_0,4
99,1,BIG5_SF_1,4
99,1,BIG5_SF_2,0
99,1,BIG5_SF_3,1
99,1,BIG5_SF_4,4
99,1,BIG5_SF_5,4
99,1,BIG5_SF_6,0
99,1,BIG5_SF_7,0
99,1,BIG5_SF_8,0
99,1,BIG5_SF_9,1
99,1,BIG5_SF_10,4
99,1,BIG5_SF_11,4
99,1,BIG5_SF_12,4
99,1,BIG5_SF_13,4
99,1,BIG5_SF_14,4
99,1,BIG5_SF_15,4
99,1,BIG5_SF_16,0
99,1,BIG5_SF_17,4
99,1,BIG5_SF_18,3
99,1,BIG5_SF_19,4
99,1,BIG5_SF_20,2
99,1,BIG5_SF_21,3
99,1,BIG5_SF_22,4
99,1,BIG5_SF_23,4
99,1,BIG5_SF_24,3
99,1,BIG5_SF_25,1
99,1,BIG5_SF_26,0
99,1,BIG5_SF_27,1
99,1,BIG5_SF_28,1
99,1,BIG5_SF_29,4
99,1,I_8_0,1
99,1,I_8_1,1
99,1,I_8_2,4
99,1,I_8_3,3
99,1,I_8_4,3
99,1,I_8_5,3
99,1,I_8_6,3
99,1,I_8_7,3
99,1,PID5_BF_0,0
99,1,PID5_BF_1,2
99,1,PID5_BF_2,1
99,1,PID5_BF_3,0
99,1,PID5_BF_4,0
99,1,PID5_BF_5,1
99,1,PID5_BF_6,1
99,1,PID5_BF_7,2
99,1,PID5_BF_8,2
99,1,PID5_BF_9,0
99,1,PID5_BF_10,1
99,1,PID5_BF_11,1
99,1,PID5_BF_12,0
99,1,PID5_BF_13,0
99,1,PID5_BF_14,0
99,1,PID5_BF_15,0
99,1,PID5_BF_16,0
99,1,PID5_BF_17,1
99,1,PID5_BF_18,0
99,1,PID5_BF_19,0
99,1,PID5_BF_20,1
99,1,PID5_BF_21,1
99,1,PID5_BF_22,1
99,1,PID5_BF_23,0
99,1,PID5_BF_24,0
99,1,rt,10.003633333333331
99,1,attention_2,0
99,1,idx,97
99,1,rwn,1
100,1,Sex_0,0
100,1,age,20
100,1,edu,16
100,1,income_0,1
100,1,motivation_1,82
100,1,diagnosis_2,1
100,1,meds_3,1
100,1,BIG5_SF_0,1
100,1,BIG5_SF_1,4
100,1,BIG5_SF_2,0
100,1,BIG5_SF_3,0
100,1,BIG5_SF_4,4
100,1,BIG5_SF_5,4
100,1,BIG5_SF_6,3
100,1,BIG5_SF_7,0
100,1,BIG5_SF_8,0
100,1,BIG5_SF_9,1
100,1,BIG5_SF_10,4
100,1,BIG5_SF_11,3
100,1,BIG5_SF_12,4
100,1,BIG5_SF_13,4
100,1,BIG5_SF_14,4
100,1,BIG5_SF_15,4
100,1,BIG5_SF_16,0
100,1,BIG5_SF_17,4
100,1,BIG5_SF_18,4
100,1,BIG5_SF_19,0
100,1,BIG5_SF_20,1
100,1,BIG5_SF_21,4
100,1,BIG5_SF_22,4
100,1,BIG5_SF_23,4
100,1,BIG5_SF_24,4
100,1,BIG5_SF_25,0
100,1,BIG5_SF_26,0
100,1,BIG5_SF_27,0
100,1,BIG5_SF_28,0
100,1,BIG5_SF_29,0
100,1,I_8_0,0
100,1,I_8_1,1
100,1,I_8_2,4
100,1,I_8_3,4
100,1,I_8_4,4
100,1,I_8_5,4
100,1,I_8_6,0
100,1,I_8_7,4
100,1,PID5_BF_0,0
100,1,PID5_BF_1,0
100,1,PID5_BF_2,0
100,1,PID5_BF_3,0
100,1,PID5_BF_4,0
100,1,PID5_BF_5,0
100,1,PID5_BF_6,0
100,1,PID5_BF_7,3
100,1,PID5_BF_8,0
100,1,PID5_BF_9,0
100,1,PID5_BF_10,0
100,1,PID5_BF_11,0
100,1,PID5_BF_12,0
100,1,PID5_BF_13,0
100,1,PID5_BF_14,0
100,1,PID5_BF_15,0
100,1,PID5_BF_16,0
100,1,PID5_BF_17,0
100,1,PID5_BF_18,0
100,1,PID5_BF_19,0
100,1,PID5_BF_20,0
100,1,PID5_BF_21,0
100,1,PID5_BF_22,0
100,1,PID5_BF_23,0
100,1,PID5_BF_24,0
100,1,rt,4.94395
100,1,attention_2,0
100,1,idx,98
100,1,rwn,1
101,1,Sex_0,0
101,1,age,61
101,1,edu,16
101,1,income_0,6
101,1,motivation_1,75
101,1,diagnosis_2,1
101,1,meds_3,1
101,1,BIG5_SF_0,4
101,1,BIG5_SF_1,2
101,1,BIG5_SF_2,0
101,1,BIG5_SF_3,3
101,1,BIG5_SF_4,3
101,1,BIG5_SF_5,4
101,1,BIG5_SF_6,0
101,1,BIG5_SF_7,0
101,1,BIG5_SF_8,0
101,1,BIG5_SF_9,1
101,1,BIG5_SF_10,3
101,1,BIG5_SF_11,3
101,1,BIG5_SF_12,4
101,1,BIG5_SF_13,4
101,1,BIG5_SF_14,4
101,1,BIG5_SF_15,2
101,1,BIG5_SF_16,1
101,1,BIG5_SF_17,2
101,1,BIG5_SF_18,3
101,1,BIG5_SF_19,3
101,1,BIG5_SF_20,2
101,1,BIG5_SF_21,4
101,1,BIG5_SF_22,4
101,1,BIG5_SF_23,4
101,1,BIG5_SF_24,4
101,1,BIG5_SF_25,0
101,1,BIG5_SF_26,1
101,1,BIG5_SF_27,1
101,1,BIG5_SF_28,0
101,1,BIG5_SF_29,1
101,1,I_8_0,0
101,1,I_8_1,0
101,1,I_8_2,4
101,1,I_8_3,4
101,1,I_8_4,4
101,1,I_8_5,3
101,1,I_8_6,4
101,1,I_8_7,4
101,1,PID5_BF_0,2
101,1,PID5_BF_1,0
101,1,PID5_BF_2,0
101,1,PID5_BF_3,0
101,1,PID5_BF_4,1
101,1,PID5_BF_5,0
101,1,PID5_BF_6,1
101,1,PID5_BF_7,0
101,1,PID5_BF_8,0
101,1,PID5_BF_9,0
101,1,PID5_BF_10,1
101,1,PID5_BF_11,0
101,1,PID5_BF_12,2
101,1,PID5_BF_13,2
101,1,PID5_BF_14,0
101,1,PID5_BF_15,2
101,1,PID5_BF_16,0
101,1,PID5_BF_17,0
101,1,PID5_BF_18,0
101,1,PID5_BF_19,0
101,1,PID5_BF_20,0
101,1,PID5_BF_21,0
101,1,PID5_BF_22,0
101,1,PID5_BF_23,1
101,1,PID5_BF_24,0
101,1,rt,13.510316666666666
101,1,attention_2,0
101,1,idx,99
101,1,rwn,1
102,1,Sex_0,1
102,1,age,21
102,1,edu,17
102,1,income_0,0
102,1,motivation_1,72
102,1,diagnosis_2,1
102,1,meds_3,1
102,1,BIG5_SF_0,3
102,1,BIG5_SF_1,3
102,1,BIG5_SF_2,2
102,1,BIG5_SF_3,3
102,1,BIG5_SF_4,3
102,1,BIG5_SF_5,2
102,1,BIG5_SF_6,1
102,1,BIG5_SF_7,3
102,1,BIG5_SF_8,3
102,1,BIG5_SF_9,1
102,1,BIG5_SF_10,1
102,1,BIG5_SF_11,2
102,1,BIG5_SF_12,3
102,1,BIG5_SF_13,2
102,1,BIG5_SF_14,3
102,1,BIG5_SF_15,1
102,1,BIG5_SF_16,2
102,1,BIG5_SF_17,3
102,1,BIG5_SF_18,2
102,1,BIG5_SF_19,1
102,1,BIG5_SF_20,3
102,1,BIG5_SF_21,3
102,1,BIG5_SF_22,3
102,1,BIG5_SF_23,2
102,1,BIG5_SF_24,3
102,1,BIG5_SF_25,3
102,1,BIG5_SF_26,3
102,1,BIG5_SF_27,1
102,1,BIG5_SF_28,2
102,1,BIG5_SF_29,1
102,1,I_8_0,2
102,1,I_8_1,2
102,1,I_8_2,2
102,1,I_8_3,2
102,1,I_8_4,2
102,1,I_8_5,1
102,1,I_8_6,2
102,1,I_8_7,2
102,1,PID5_BF_0,0
102,1,PID5_BF_1,1
102,1,PID5_BF_2,1
102,1,PID5_BF_3,2
102,1,PID5_BF_4,1
102,1,PID5_BF_5,2
102,1,PID5_BF_6,1
102,1,PID5_BF_7,2
102,1,PID5_BF_8,1
102,1,PID5_BF_9,0
102,1,PID5_BF_10,1
102,1,PID5_BF_11,0
102,1,PID5_BF_12,2
102,1,PID5_BF_13,1
102,1,PID5_BF_14,2
102,1,PID5_BF_15,3
102,1,PID5_BF_16,0
102,1,PID5_BF_17,2
102,1,PID5_BF_18,1
102,1,PID5_BF_19,0
102,1,PID5_BF_20,0
102,1,PID5_BF_21,0
102,1,PID5_BF_22,1
102,1,PID5_BF_23,1
102,1,PID5_BF_24,0
102,1,rt,8.57175
102,1,attention_2,0
102,1,idx,100
102,1,rwn,1
103,1,Sex_0,1
103,1,age,61
103,1,edu,18
103,1,income_0,7
103,1,motivation_1,82
103,1,diagnosis_2,1
103,1,meds_3,1
103,1,BIG5_SF_0,4
103,1,BIG5_SF_1,3
103,1,BIG5_SF_2,0
103,1,BIG5_SF_3,4
103,1,BIG5_SF_4,4
103,1,BIG5_SF_5,3
103,1,BIG5_SF_6,1
103,1,BIG5_SF_7,1
103,1,BIG5_SF_8,2
103,1,BIG5_SF_9,0
103,1,BIG5_SF_10,2
103,1,BIG5_SF_11,3
103,1,BIG5_SF_12,4
103,1,BIG5_SF_13,1
103,1,BIG5_SF_14,4
103,1,BIG5_SF_15,2
103,1,BIG5_SF_16,1
103,1,BIG5_SF_17,3
103,1,BIG5_SF_18,1
103,1,BIG5_SF_19,0
103,1,BIG5_SF_20,1
103,1,BIG5_SF_21,3
103,1,BIG5_SF_22,4
103,1,BIG5_SF_23,4
103,1,BIG5_SF_24,4
103,1,BIG5_SF_25,1
103,1,BIG5_SF_26,2
103,1,BIG5_SF_27,2
103,1,BIG5_SF_28,3
103,1,BIG5_SF_29,0
103,1,I_8_0,2
103,1,I_8_1,2
103,1,I_8_2,3
103,1,I_8_3,4
103,1,I_8_4,3
103,1,I_8_5,2
103,1,I_8_6,2
103,1,I_8_7,2
103,1,PID5_BF_0,0
103,1,PID5_BF_1,1
103,1,PID5_BF_2,0
103,1,PID5_BF_3,2
103,1,PID5_BF_4,1
103,1,PID5_BF_5,0
103,1,PID5_BF_6,1
103,1,PID5_BF_7,3
103,1,PID5_BF_8,2
103,1,PID5_BF_9,1
103,1,PID5_BF_10,1
103,1,PID5_BF_11,0
103,1,PID5_BF_12,2
103,1,PID5_BF_13,0
103,1,PID5_BF_14,2
103,1,PID5_BF_15,1
103,1,PID5_BF_16,0
103,1,PID5_BF_17,1
103,1,PID5_BF_18,1
103,1,PID5_BF_19,1
103,1,PID5_BF_20,2
103,1,PID5_BF_21,0
103,1,PID5_BF_22,0
103,1,PID5_BF_23,0
103,1,PID5_BF_24,1
103,1,rt,6.913966666666667
103,1,attention_2,0
103,1,idx,101
103,1,rwn,1
104,1,Sex_0,0
104,1,age,28
104,1,edu,20
104,1,income_0,3
104,1,motivation_1,100
104,1,diagnosis_2,1
104,1,meds_3,1
104,1,BIG5_SF_0,4
104,1,BIG5_SF_1,4
104,1,BIG5_SF_2,0
104,1,BIG5_SF_3,4
104,1,BIG5_SF_4,4
104,1,BIG5_SF_5,0
104,1,BIG5_SF_6,0
104,1,BIG5_SF_7,0
104,1,BIG5_SF_8,3
104,1,BIG5_SF_9,1
104,1,BIG5_SF_10,3
104,1,BIG5_SF_11,1
104,1,BIG5_SF_12,4
104,1,BIG5_SF_13,3
104,1,BIG5_SF_14,3
104,1,BIG5_SF_15,0
104,1,BIG5_SF_16,3
104,1,BIG5_SF_17,3
104,1,BIG5_SF_18,4
104,1,BIG5_SF_19,1
104,1,BIG5_SF_20,0
104,1,BIG5_SF_21,2
104,1,BIG5_SF_22,4
104,1,BIG5_SF_23,4
104,1,BIG5_SF_24,4
104,1,BIG5_SF_25,0
104,1,BIG5_SF_26,0
104,1,BIG5_SF_27,0
104,1,BIG5_SF_28,0
104,1,BIG5_SF_29,0
104,1,I_8_0,0
104,1,I_8_1,0
104,1,I_8_2,4
104,1,I_8_3,4
104,1,I_8_4,4
104,1,I_8_5,2
104,1,I_8_6,2
104,1,I_8_7,4
104,1,PID5_BF_0,0
104,1,PID5_BF_1,0
104,1,PID5_BF_2,0
104,1,PID5_BF_3,2
104,1,PID5_BF_4,0
104,1,PID5_BF_5,0
104,1,PID5_BF_6,0
104,1,PID5_BF_7,2
104,1,PID5_BF_8,0
104,1,PID5_BF_9,0
104,1,PID5_BF_10,0
104,1,PID5_BF_11,0
104,1,PID5_BF_12,3
104,1,PID5_BF_13,3
104,1,PID5_BF_14,0
104,1,PID5_BF_15,3
104,1,PID5_BF_16,3
104,1,PID5_BF_17,3
104,1,PID5_BF_18,0
104,1,PID5_BF_19,0
104,1,PID5_BF_20,0
104,1,PID5_BF_21,0
104,1,PID5_BF_22,0
104,1,PID5_BF_23,0
104,1,PID5_BF_24,0
104,1,rt,6.8140833333333335
104,1,attention_2,0
104,1,idx,102
104,1,rwn,1
105,1,Sex_0,1
105,1,age,63
105,1,edu,15
105,1,income_0,3
105,1,motivation_1,100
105,1,diagnosis_2,1
105,1,meds_3,1
105,1,BIG5_SF_0,4
105,1,BIG5_SF_1,4
105,1,BIG5_SF_2,0
105,1,BIG5_SF_3,3
105,1,BIG5_SF_4,3
105,1,BIG5_SF_5,1
105,1,BIG5_SF_6,0
105,1,BIG5_SF_7,1
105,1,BIG5_SF_8,0
105,1,BIG5_SF_9,4
105,1,BIG5_SF_10,3
105,1,BIG5_SF_11,4
105,1,BIG5_SF_12,4
105,1,BIG5_SF_13,4
105,1,BIG5_SF_14,3
105,1,BIG5_SF_15,3
105,1,BIG5_SF_16,0
105,1,BIG5_SF_17,3
105,1,BIG5_SF_18,3
105,1,BIG5_SF_19,3
105,1,BIG5_SF_20,4
105,1,BIG5_SF_21,4
105,1,BIG5_SF_22,4
105,1,BIG5_SF_23,4
105,1,BIG5_SF_24,1
105,1,BIG5_SF_25,3
105,1,BIG5_SF_26,0
105,1,BIG5_SF_27,3
105,1,BIG5_SF_28,0
105,1,BIG5_SF_29,0
105,1,I_8_0,1
105,1,I_8_1,1
105,1,I_8_2,4
105,1,I_8_3,4
105,1,I_8_4,4
105,1,I_8_5,4
105,1,I_8_6,2
105,1,I_8_7,2
105,1,PID5_BF_0,0
105,1,PID5_BF_1,0
105,1,PID5_BF_2,1
105,1,PID5_BF_3,0
105,1,PID5_BF_4,0
105,1,PID5_BF_5,1
105,1,PID5_BF_6,0
105,1,PID5_BF_7,2
105,1,PID5_BF_8,0
105,1,PID5_BF_9,0
105,1,PID5_BF_10,1
105,1,PID5_BF_11,0
105,1,PID5_BF_12,2
105,1,PID5_BF_13,0
105,1,PID5_BF_14,1
105,1,PID5_BF_15,2
105,1,PID5_BF_16,0
105,1,PID5_BF_17,2
105,1,PID5_BF_18,0
105,1,PID5_BF_19,0
105,1,PID5_BF_20,1
105,1,PID5_BF_21,0
105,1,PID5_BF_22,0
105,1,PID5_BF_23,0
105,1,PID5_BF_24,0
105,1,rt,7.762483333333333
105,1,attention_2,0
105,1,idx,103
105,1,rwn,1
106,1,Sex_0,1
106,1,age,65
106,1,edu,22
106,1,income_0,7
106,1,motivation_1,85
106,1,diagnosis_2,1
106,1,meds_3,1
106,1,BIG5_SF_0,3
106,1,BIG5_SF_1,4
106,1,BIG5_SF_2,0
106,1,BIG5_SF_3,1
106,1,BIG5_SF_4,4
106,1,BIG5_SF_5,2
106,1,BIG5_SF_6,1
106,1,BIG5_SF_7,4
106,1,BIG5_SF_8,0
106,1,BIG5_SF_9,4
106,1,BIG5_SF_10,4
106,1,BIG5_SF_11,3
106,1,BIG5_SF_12,3
106,1,BIG5_SF_13,4
106,1,BIG5_SF_14,3
106,1,BIG5_SF_15,3
106,1,BIG5_SF_16,0
106,1,BIG5_SF_17,4
106,1,BIG5_SF_18,4
106,1,BIG5_SF_19,3
106,1,BIG5_SF_20,0
106,1,BIG5_SF_21,4
106,1,BIG5_SF_22,4
106,1,BIG5_SF_23,4
106,1,BIG5_SF_24,4
106,1,BIG5_SF_25,0
106,1,BIG5_SF_26,2
106,1,BIG5_SF_27,1
106,1,BIG5_SF_28,0
106,1,BIG5_SF_29,1
106,1,I_8_0,0
106,1,I_8_1,0
106,1,I_8_2,4
106,1,I_8_3,4
106,1,I_8_4,4
106,1,I_8_5,3
106,1,I_8_6,4
106,1,I_8_7,4
106,1,PID5_BF_0,0
106,1,PID5_BF_1,1
106,1,PID5_BF_2,0
106,1,PID5_BF_3,0
106,1,PID5_BF_4,0
106,1,PID5_BF_5,0
106,1,PID5_BF_6,1
106,1,PID5_BF_7,1
106,1,PID5_BF_8,0
106,1,PID5_BF_9,0
106,1,PID5_BF_10,0
106,1,PID5_BF_11,0
106,1,PID5_BF_12,2
106,1,PID5_BF_13,0
106,1,PID5_BF_14,0
106,1,PID5_BF_15,2
106,1,PID5_BF_16,0
106,1,PID5_BF_17,0
106,1,PID5_BF_18,0
106,1,PID5_BF_19,1
106,1,PID5_BF_20,2
106,1,PID5_BF_21,0
106,1,PID5_BF_22,0
106,1,PID5_BF_23,1
106,1,PID5_BF_24,0
106,1,rt,13.442983333333334
106,1,attention_2,0
106,1,idx,104
106,1,rwn,1
107,1,Sex_0,0
107,1,age,65
107,1,edu,20
107,1,income_0,7
107,1,motivation_1,100
107,1,diagnosis_2,0
107,1,meds_3,0
107,1,BIG5_SF_0,4
107,1,BIG5_SF_1,4
107,1,BIG5_SF_2,2
107,1,BIG5_SF_3,4
107,1,BIG5_SF_4,4
107,1,BIG5_SF_5,4
107,1,BIG5_SF_6,0
107,1,BIG5_SF_7,0
107,1,BIG5_SF_8,0
107,1,BIG5_SF_9,2
107,1,BIG5_SF_10,4
107,1,BIG5_SF_11,4
107,1,BIG5_SF_12,4
107,1,BIG5_SF_13,1
107,1,BIG5_SF_14,4
107,1,BIG5_SF_15,1
107,1,BIG5_SF_16,0
107,1,BIG5_SF_17,4
107,1,BIG5_SF_18,4
107,1,BIG5_SF_19,1
107,1,BIG5_SF_20,4
107,1,BIG5_SF_21,4
107,1,BIG5_SF_22,4
107,1,BIG5_SF_23,4
107,1,BIG5_SF_24,4
107,1,BIG5_SF_25,0
107,1,BIG5_SF_26,0
107,1,BIG5_SF_27,1
107,1,BIG5_SF_28,3
107,1,BIG5_SF_29,3
107,1,I_8_0,2
107,1,I_8_1,1
107,1,I_8_2,4
107,1,I_8_3,4
107,1,I_8_4,4
107,1,I_8_5,4
107,1,I_8_6,2
107,1,I_8_7,4
107,1,PID5_BF_0,0
107,1,PID5_BF_1,0
107,1,PID5_BF_2,2
107,1,PID5_BF_3,0
107,1,PID5_BF_4,0
107,1,PID5_BF_5,0
107,1,PID5_BF_6,2
107,1,PID5_BF_7,0
107,1,PID5_BF_8,2
107,1,PID5_BF_9,3
107,1,PID5_BF_10,2
107,1,PID5_BF_11,1
107,1,PID5_BF_12,3
107,1,PID5_BF_13,0
107,1,PID5_BF_14,1
107,1,PID5_BF_15,3
107,1,PID5_BF_16,0
107,1,PID5_BF_17,2
107,1,PID5_BF_18,3
107,1,PID5_BF_19,0
107,1,PID5_BF_20,1
107,1,PID5_BF_21,0
107,1,PID5_BF_22,3
107,1,PID5_BF_23,1
107,1,PID5_BF_24,0
107,1,rt,10.078516666666667
107,1,attention_2,0
107,1,idx,105
107,1,rwn,1
108,1,Sex_0,0
108,1,age,61
108,1,edu,13
108,1,income_0,8
108,1,motivation_1,100
108,1,diagnosis_2,1
108,1,meds_3,1
108,1,BIG5_SF_0,1
108,1,BIG5_SF_1,4
108,1,BIG5_SF_2,3
108,1,BIG5_SF_3,3
108,1,BIG5_SF_4,4
108,1,BIG5_SF_5,3
108,1,BIG5_SF_6,0
108,1,BIG5_SF_7,3
108,1,BIG5_SF_8,3
108,1,BIG5_SF_9,3
108,1,BIG5_SF_10,1
108,1,BIG5_SF_11,3
108,1,BIG5_SF_12,4
108,1,BIG5_SF_13,1
108,1,BIG5_SF_14,1
108,1,BIG5_SF_15,3
108,1,BIG5_SF_16,0
108,1,BIG5_SF_17,1
108,1,BIG5_SF_18,1
108,1,BIG5_SF_19,0
108,1,BIG5_SF_20,1
108,1,BIG5_SF_21,4
108,1,BIG5_SF_22,4
108,1,BIG5_SF_23,3
108,1,BIG5_SF_24,4
108,1,BIG5_SF_25,3
108,1,BIG5_SF_26,0
108,1,BIG5_SF_27,1
108,1,BIG5_SF_28,1
108,1,BIG5_SF_29,1
108,1,I_8_0,1
108,1,I_8_1,1
108,1,I_8_2,3
108,1,I_8_3,4
108,1,I_8_4,4
108,1,I_8_5,2
108,1,I_8_6,0
108,1,I_8_7,0
108,1,PID5_BF_0,0
108,1,PID5_BF_1,0
108,1,PID5_BF_2,0
108,1,PID5_BF_3,2
108,1,PID5_BF_4,0
108,1,PID5_BF_5,2
108,1,PID5_BF_6,1
108,1,PID5_BF_7,1
108,1,PID5_BF_8,1
108,1,PID5_BF_9,2
108,1,PID5_BF_10,1
108,1,PID5_BF_11,0
108,1,PID5_BF_12,0
108,1,PID5_BF_13,1
108,1,PID5_BF_14,2
108,1,PID5_BF_15,1
108,1,PID5_BF_16,0
108,1,PID5_BF_17,1
108,1,PID5_BF_18,1
108,1,PID5_BF_19,0
108,1,PID5_BF_20,1
108,1,PID5_BF_21,0
108,1,PID5_BF_22,2
108,1,PID5_BF_23,1
108,1,PID5_BF_24,0
108,1,rt,12.8365
108,1,attention_2,0
108,1,idx,106
108,1,rwn,1
109,1,Sex_0,1
109,1,age,60
109,1,edu,15
109,1,income_0,5
109,1,motivation_1,100
109,1,diagnosis_2,1
109,1,meds_3,1
109,1,BIG5_SF_0,0
109,1,BIG5_SF_1,4
109,1,BIG5_SF_2,0
109,1,BIG5_SF_3,0
109,1,BIG5_SF_4,0
109,1,BIG5_SF_5,4
109,1,BIG5_SF_6,0
109,1,BIG5_SF_7,0
109,1,BIG5_SF_8,0
109,1,BIG5_SF_9,0
109,1,BIG5_SF_10,4
109,1,BIG5_SF_11,4
109,1,BIG5_SF_12,4
109,1,BIG5_SF_13,4
109,1,BIG5_SF_14,4
109,1,BIG5_SF_15,4
109,1,BIG5_SF_16,0
109,1,BIG5_SF_17,4
109,1,BIG5_SF_18,4
109,1,BIG5_SF_19,1
109,1,BIG5_SF_20,2
109,1,BIG5_SF_21,4
109,1,BIG5_SF_22,4
109,1,BIG5_SF_23,4
109,1,BIG5_SF_24,3
109,1,BIG5_SF_25,0
109,1,BIG5_SF_26,0
109,1,BIG5_SF_27,0
109,1,BIG5_SF_28,1
109,1,BIG5_SF_29,0
109,1,I_8_0,4
109,1,I_8_1,3
109,1,I_8_2,4
109,1,I_8_3,4
109,1,I_8_4,4
109,1,I_8_5,4
109,1,I_8_6,4
109,1,I_8_7,4
109,1,PID5_BF_0,0
109,1,PID5_BF_1,2
109,1,PID5_BF_2,2
109,1,PID5_BF_3,2
109,1,PID5_BF_4,0
109,1,PID5_BF_5,0
109,1,PID5_BF_6,0
109,1,PID5_BF_7,3
109,1,PID5_BF_8,1
109,1,PID5_BF_9,2
109,1,PID5_BF_10,0
109,1,PID5_BF_11,0
109,1,PID5_BF_12,1
109,1,PID5_BF_13,2
109,1,PID5_BF_14,0
109,1,PID5_BF_15,2
109,1,PID5_BF_16,0
109,1,PID5_BF_17,2
109,1,PID5_BF_18,1
109,1,PID5_BF_19,1
109,1,PID5_BF_20,2
109,1,PID5_BF_21,1
109,1,PID5_BF_22,0
109,1,PID5_BF_23,0
109,1,PID5_BF_24,1
109,1,rt,20.290616666666665
109,1,attention_2,0
109,1,idx,107
109,1,rwn,1
110,1,Sex_0,0
110,1,age,23
110,1,edu,17
110,1,income_0,7
110,1,motivation_1,86
110,1,diagnosis_2,1
110,1,meds_3,1
110,1,BIG5_SF_0,1
110,1,BIG5_SF_1,3
110,1,BIG5_SF_2,0
110,1,BIG5_SF_3,0
110,1,BIG5_SF_4,4
110,1,BIG5_SF_5,3
110,1,BIG5_SF_6,2
110,1,BIG5_SF_7,1
110,1,BIG5_SF_8,0
110,1,BIG5_SF_9,0
110,1,BIG5_SF_10,4
110,1,BIG5_SF_11,4
110,1,BIG5_SF_12,4
110,1,BIG5_SF_13,3
110,1,BIG5_SF_14,4
110,1,BIG5_SF_15,4
110,1,BIG5_SF_16,1
110,1,BIG5_SF_17,3
110,1,BIG5_SF_18,4
110,1,BIG5_SF_19,0
110,1,BIG5_SF_20,3
110,1,BIG5_SF_21,4
110,1,BIG5_SF_22,3
110,1,BIG5_SF_23,3
110,1,BIG5_SF_24,4
110,1,BIG5_SF_25,1
110,1,BIG5_SF_26,1
110,1,BIG5_SF_27,3
110,1,BIG5_SF_28,4
110,1,BIG5_SF_29,0
110,1,I_8_0,1
110,1,I_8_1,1
110,1,I_8_2,3
110,1,I_8_3,3
110,1,I_8_4,3
110,1,I_8_5,4
110,1,I_8_6,4
110,1,I_8_7,4
110,1,PID5_BF_0,0
110,1,PID5_BF_1,1
110,1,PID5_BF_2,0
110,1,PID5_BF_3,0
110,1,PID5_BF_4,0
110,1,PID5_BF_5,0
110,1,PID5_BF_6,0
110,1,PID5_BF_7,0
110,1,PID5_BF_8,0
110,1,PID5_BF_9,2
110,1,PID5_BF_10,0
110,1,PID5_BF_11,0
110,1,PID5_BF_12,0
110,1,PID5_BF_13,0
110,1,PID5_BF_14,1
110,1,PID5_BF_15,0
110,1,PID5_BF_16,0
110,1,PID5_BF_17,0
110,1,PID5_BF_18,2
110,1,PID5_BF_19,1
110,1,PID5_BF_20,2
110,1,PID5_BF_21,1
110,1,PID5_BF_22,0
110,1,PID5_BF_23,0
110,1,PID5_BF_24,0
110,1,rt,4.656083333333333
110,1,attention_2,0
110,1,idx,108
110,1,rwn,1
111,1,Sex_0,1
111,1,age,50
111,1,edu,12
111,1,income_0,2
111,1,motivation_1,73
111,1,diagnosis_2,1
111,1,meds_3,1
111,1,BIG5_SF_0,4
111,1,BIG5_SF_1,4
111,1,BIG5_SF_2,3
111,1,BIG5_SF_3,4
111,1,BIG5_SF_4,1
111,1,BIG5_SF_5,0
111,1,BIG5_SF_6,2
111,1,BIG5_SF_7,3
111,1,BIG5_SF_8,3
111,1,BIG5_SF_9,4
111,1,BIG5_SF_10,2
111,1,BIG5_SF_11,3
111,1,BIG5_SF_12,4
111,1,BIG5_SF_13,0
111,1,BIG5_SF_14,0
111,1,BIG5_SF_15,1
111,1,BIG5_SF_16,2
111,1,BIG5_SF_17,1
111,1,BIG5_SF_18,1
111,1,BIG5_SF_19,1
111,1,BIG5_SF_20,4
111,1,BIG5_SF_21,3
111,1,BIG5_SF_22,3
111,1,BIG5_SF_23,2
111,1,BIG5_SF_24,4
111,1,BIG5_SF_25,2
111,1,BIG5_SF_26,1
111,1,BIG5_SF_27,3
111,1,BIG5_SF_28,4
111,1,BIG5_SF_29,3
111,1,I_8_0,1
111,1,I_8_1,2
111,1,I_8_2,3
111,1,I_8_3,3
111,1,I_8_4,2
111,1,I_8_5,1
111,1,I_8_6,1
111,1,I_8_7,1
111,1,PID5_BF_0,0
111,1,PID5_BF_1,0
111,1,PID5_BF_2,1
111,1,PID5_BF_3,1
111,1,PID5_BF_4,0
111,1,PID5_BF_5,1
111,1,PID5_BF_6,1
111,1,PID5_BF_7,3
111,1,PID5_BF_8,3
111,1,PID5_BF_9,3
111,1,PID5_BF_10,1
111,1,PID5_BF_11,0
111,1,PID5_BF_12,0
111,1,PID5_BF_13,1
111,1,PID5_BF_14,2
111,1,PID5_BF_15,1
111,1,PID5_BF_16,0
111,1,PID5_BF_17,1
111,1,PID5_BF_18,0
111,1,PID5_BF_19,0
111,1,PID5_BF_20,0
111,1,PID5_BF_21,0
111,1,PID5_BF_22,0
111,1,PID5_BF_23,0
111,1,PID5_BF_24,0
111,1,rt,7.532883333333333
111,1,attention_2,0
111,1,idx,109
111,1,rwn,1
112,1,Sex_0,1
112,1,age,68
112,1,edu,16
112,1,income_0,9
112,1,motivation_1,100
112,1,diagnosis_2,1
112,1,meds_3,1
112,1,BIG5_SF_0,4
112,1,BIG5_SF_1,3
112,1,BIG5_SF_2,1
112,1,BIG5_SF_3,3
112,1,BIG5_SF_4,3
112,1,BIG5_SF_5,2
112,1,BIG5_SF_6,3
112,1,BIG5_SF_7,2
112,1,BIG5_SF_8,1
112,1,BIG5_SF_9,1
112,1,BIG5_SF_10,4
112,1,BIG5_SF_11,2
112,1,BIG5_SF_12,3
112,1,BIG5_SF_13,3
112,1,BIG5_SF_14,4
112,1,BIG5_SF_15,4
112,1,BIG5_SF_16,3
112,1,BIG5_SF_17,3
112,1,BIG5_SF_18,4
112,1,BIG5_SF_19,1
112,1,BIG5_SF_20,3
112,1,BIG5_SF_21,3
112,1,BIG5_SF_22,4
112,1,BIG5_SF_23,2
112,1,BIG5_SF_24,3
112,1,BIG5_SF_25,1
112,1,BIG5_SF_26,0
112,1,BIG5_SF_27,3
112,1,BIG5_SF_28,1
112,1,BIG5_SF_29,1
112,1,I_8_0,2
112,1,I_8_1,1
112,1,I_8_2,4
112,1,I_8_3,3
112,1,I_8_4,3
112,1,I_8_5,3
112,1,I_8_6,2
112,1,I_8_7,3
112,1,PID5_BF_0,0
112,1,PID5_BF_1,0
112,1,PID5_BF_2,1
112,1,PID5_BF_3,1
112,1,PID5_BF_4,0
112,1,PID5_BF_5,3
112,1,PID5_BF_6,0
112,1,PID5_BF_7,0
112,1,PID5_BF_8,0
112,1,PID5_BF_9,1
112,1,PID5_BF_10,0
112,1,PID5_BF_11,0
112,1,PID5_BF_12,0
112,1,PID5_BF_13,1
112,1,PID5_BF_14,1
112,1,PID5_BF_15,2
112,1,PID5_BF_16,0
112,1,PID5_BF_17,0
112,1,PID5_BF_18,1
112,1,PID5_BF_19,0
112,1,PID5_BF_20,0
112,1,PID5_BF_21,1
112,1,PID5_BF_22,1
112,1,PID5_BF_23,1
112,1,PID5_BF_24,2
112,1,rt,11.974633333333331
112,1,attention_2,0
112,1,idx,110
112,1,rwn,1
113,1,Sex_0,0
113,1,age,30
113,1,edu,18
113,1,income_0,3
113,1,motivation_1,66
113,1,diagnosis_2,1
113,1,meds_3,1
113,1,BIG5_SF_0,4
113,1,BIG5_SF_1,4
113,1,BIG5_SF_2,2
113,1,BIG5_SF_3,3
113,1,BIG5_SF_4,2
113,1,BIG5_SF_5,2
113,1,BIG5_SF_6,2
113,1,BIG5_SF_7,3
113,1,BIG5_SF_8,1
113,1,BIG5_SF_9,1
113,1,BIG5_SF_10,3
113,1,BIG5_SF_11,3
113,1,BIG5_SF_12,3
113,1,BIG5_SF_13,3
113,1,BIG5_SF_14,3
113,1,BIG5_SF_15,3
113,1,BIG5_SF_16,2
113,1,BIG5_SF_17,2
113,1,BIG5_SF_18,4
113,1,BIG5_SF_19,1
113,1,BIG5_SF_20,1
113,1,BIG5_SF_21,4
113,1,BIG5_SF_22,3
113,1,BIG5_SF_23,3
113,1,BIG5_SF_24,3
113,1,BIG5_SF_25,1
113,1,BIG5_SF_26,2
113,1,BIG5_SF_27,2
113,1,BIG5_SF_28,2
113,1,BIG5_SF_29,1
113,1,I_8_0,3
113,1,I_8_1,3
113,1,I_8_2,2
113,1,I_8_3,2
113,1,I_8_4,2
113,1,I_8_5,1
113,1,I_8_6,3
113,1,I_8_7,3
113,1,PID5_BF_0,0
113,1,PID5_BF_1,2
113,1,PID5_BF_2,2
113,1,PID5_BF_3,1
113,1,PID5_BF_4,0
113,1,PID5_BF_5,1
113,1,PID5_BF_6,1
113,1,PID5_BF_7,2
113,1,PID5_BF_8,2
113,1,PID5_BF_9,1
113,1,PID5_BF_10,1
113,1,PID5_BF_11,0
113,1,PID5_BF_12,0
113,1,PID5_BF_13,0
113,1,PID5_BF_14,1
113,1,PID5_BF_15,0
113,1,PID5_BF_16,0
113,1,PID5_BF_17,0
113,1,PID5_BF_18,1
113,1,PID5_BF_19,0
113,1,PID5_BF_20,1
113,1,PID5_BF_21,1
113,1,PID5_BF_22,1
113,1,PID5_BF_23,2
113,1,PID5_BF_24,1
113,1,rt,31.281233333333333
113,1,attention_2,0
113,1,idx,111
113,1,rwn,1
114,1,Sex_0,0
114,1,age,34
114,1,edu,16
114,1,income_0,3
114,1,motivation_1,72
114,1,diagnosis_2,1
114,1,meds_3,1
114,1,BIG5_SF_0,3
114,1,BIG5_SF_1,3
114,1,BIG5_SF_2,3
114,1,BIG5_SF_3,1
114,1,BIG5_SF_4,3
114,1,BIG5_SF_5,1
114,1,BIG5_SF_6,1
114,1,BIG5_SF_7,3
114,1,BIG5_SF_8,0
114,1,BIG5_SF_9,1
114,1,BIG5_SF_10,3
114,1,BIG5_SF_11,1
114,1,BIG5_SF_12,3
114,1,BIG5_SF_13,4
114,1,BIG5_SF_14,3
114,1,BIG5_SF_15,1
114,1,BIG5_SF_16,1
114,1,BIG5_SF_17,3
114,1,BIG5_SF_18,3
114,1,BIG5_SF_19,1
114,1,BIG5_SF_20,1
114,1,BIG5_SF_21,3
114,1,BIG5_SF_22,3
114,1,BIG5_SF_23,3
114,1,BIG5_SF_24,3
114,1,BIG5_SF_25,3
114,1,BIG5_SF_26,3
114,1,BIG5_SF_27,1
114,1,BIG5_SF_28,1
114,1,BIG5_SF_29,1
114,1,I_8_0,0
114,1,I_8_1,1
114,1,I_8_2,3
114,1,I_8_3,3
114,1,I_8_4,2
114,1,I_8_5,2
114,1,I_8_6,1
114,1,I_8_7,1
114,1,PID5_BF_0,0
114,1,PID5_BF_1,0
114,1,PID5_BF_2,0
114,1,PID5_BF_3,0
114,1,PID5_BF_4,0
114,1,PID5_BF_5,0
114,1,PID5_BF_6,0
114,1,PID5_BF_7,0
114,1,PID5_BF_8,0
114,1,PID5_BF_9,0
114,1,PID5_BF_10,0
114,1,PID5_BF_11,0
114,1,PID5_BF_12,0
114,1,PID5_BF_13,0
114,1,PID5_BF_14,0
114,1,PID5_BF_15,0
114,1,PID5_BF_16,0
114,1,PID5_BF_17,0
114,1,PID5_BF_18,0
114,1,PID5_BF_19,0
114,1,PID5_BF_20,0
114,1,PID5_BF_21,0
114,1,PID5_BF_22,0
114,1,PID5_BF_23,0
114,1,PID5_BF_24,0
114,1,rt,5.493633333333333
114,1,attention_2,0
114,1,idx,112
114,1,rwn,1
115,1,Sex_0,0
115,1,age,29
115,1,edu,18
115,1,income_0,7
115,1,motivation_1,89
115,1,diagnosis_2,1
115,1,meds_3,1
115,1,BIG5_SF_0,3
115,1,BIG5_SF_1,4
115,1,BIG5_SF_2,1
115,1,BIG5_SF_3,3
115,1,BIG5_SF_4,3
115,1,BIG5_SF_5,1
115,1,BIG5_SF_6,0
115,1,BIG5_SF_7,3
115,1,BIG5_SF_8,2
115,1,BIG5_SF_9,1
115,1,BIG5_SF_10,3
115,1,BIG5_SF_11,3
115,1,BIG5_SF_12,4
115,1,BIG5_SF_13,2
115,1,BIG5_SF_14,4
115,1,BIG5_SF_15,3
115,1,BIG5_SF_16,0
115,1,BIG5_SF_17,3
115,1,BIG5_SF_18,2
115,1,BIG5_SF_19,0
115,1,BIG5_SF_20,3
115,1,BIG5_SF_21,4
115,1,BIG5_SF_22,4
115,1,BIG5_SF_23,3
115,1,BIG5_SF_24,4
115,1,BIG5_SF_25,1
115,1,BIG5_SF_26,0
115,1,BIG5_SF_27,0
115,1,BIG5_SF_28,3
115,1,BIG5_SF_29,1
115,1,I_8_0,1
115,1,I_8_1,1
115,1,I_8_2,3
115,1,I_8_3,4
115,1,I_8_4,4
115,1,I_8_5,4
115,1,I_8_6,2
115,1,I_8_7,2
115,1,PID5_BF_0,0
115,1,PID5_BF_1,1
115,1,PID5_BF_2,1
115,1,PID5_BF_3,2
115,1,PID5_BF_4,0
115,1,PID5_BF_5,0
115,1,PID5_BF_6,2
115,1,PID5_BF_7,2
115,1,PID5_BF_8,3
115,1,PID5_BF_9,2
115,1,PID5_BF_10,2
115,1,PID5_BF_11,2
115,1,PID5_BF_12,0
115,1,PID5_BF_13,1
115,1,PID5_BF_14,2
115,1,PID5_BF_15,2
115,1,PID5_BF_16,0
115,1,PID5_BF_17,2
115,1,PID5_BF_18,0
115,1,PID5_BF_19,1
115,1,PID5_BF_20,2
115,1,PID5_BF_21,0
115,1,PID5_BF_22,2
115,1,PID5_BF_23,1
115,1,PID5_BF_24,0
115,1,rt,8.5041
115,1,attention_2,0
115,1,idx,113
115,1,rwn,1
116,1,Sex_0,0
116,1,age,38
116,1,edu,18
116,1,income_0,2
116,1,motivation_1,77
116,1,diagnosis_2,1
116,1,meds_3,1
116,1,BIG5_SF_0,3
116,1,BIG5_SF_1,3
116,1,BIG5_SF_2,0
116,1,BIG5_SF_3,0
116,1,BIG5_SF_4,4
116,1,BIG5_SF_5,2
116,1,BIG5_SF_6,0
116,1,BIG5_SF_7,0
116,1,BIG5_SF_8,0
116,1,BIG5_SF_9,1
116,1,BIG5_SF_10,3
116,1,BIG5_SF_11,3
116,1,BIG5_SF_12,3
116,1,BIG5_SF_13,4
116,1,BIG5_SF_14,4
116,1,BIG5_SF_15,3
116,1,BIG5_SF_16,1
116,1,BIG5_SF_17,4
116,1,BIG5_SF_18,4
116,1,BIG5_SF_19,0
116,1,BIG5_SF_20,3
116,1,BIG5_SF_21,3
116,1,BIG5_SF_22,3
116,1,BIG5_SF_23,3
116,1,BIG5_SF_24,3
116,1,BIG5_SF_25,0
116,1,BIG5_SF_26,0
116,1,BIG5_SF_27,1
116,1,BIG5_SF_28,0
116,1,BIG5_SF_29,0
116,1,I_8_0,1
116,1,I_8_1,1
116,1,I_8_2,3
116,1,I_8_3,4
116,1,I_8_4,4
116,1,I_8_5,4
116,1,I_8_6,3
116,1,I_8_7,3
116,1,PID5_BF_0,0
116,1,PID5_BF_1,0
116,1,PID5_BF_2,0
116,1,PID5_BF_3,0
116,1,PID5_BF_4,0
116,1,PID5_BF_5,0
116,1,PID5_BF_6,0
116,1,PID5_BF_7,0
116,1,PID5_BF_8,0
116,1,PID5_BF_9,2
116,1,PID5_BF_10,0
116,1,PID5_BF_11,0
116,1,PID5_BF_12,0
116,1,PID5_BF_13,0
116,1,PID5_BF_14,0
116,1,PID5_BF_15,1
116,1,PID5_BF_16,0
116,1,PID5_BF_17,0
116,1,PID5_BF_18,2
116,1,PID5_BF_19,0
116,1,PID5_BF_20,0
116,1,PID5_BF_21,0
116,1,PID5_BF_22,0
116,1,PID5_BF_23,0
116,1,PID5_BF_24,0
116,1,rt,36.65325
116,1,attention_2,0
116,1,idx,114
116,1,rwn,1
117,1,Sex_0,0
117,1,age,27
117,1,edu,16
117,1,income_0,5
117,1,motivation_1,95
117,1,diagnosis_2,1
117,1,meds_3,1
117,1,BIG5_SF_0,3
117,1,BIG5_SF_1,4
117,1,BIG5_SF_2,0
117,1,BIG5_SF_3,1
117,1,BIG5_SF_4,4
117,1,BIG5_SF_5,3
117,1,BIG5_SF_6,0
117,1,BIG5_SF_7,0
117,1,BIG5_SF_8,0
117,1,BIG5_SF_9,0
117,1,BIG5_SF_10,4
117,1,BIG5_SF_11,3
117,1,BIG5_SF_12,4
117,1,BIG5_SF_13,3
117,1,BIG5_SF_14,3
117,1,BIG5_SF_15,4
117,1,BIG5_SF_16,0
117,1,BIG5_SF_17,4
117,1,BIG5_SF_18,4
117,1,BIG5_SF_19,1
117,1,BIG5_SF_20,1
117,1,BIG5_SF_21,4
117,1,BIG5_SF_22,4
117,1,BIG5_SF_23,4
117,1,BIG5_SF_24,4
117,1,BIG5_SF_25,0
117,1,BIG5_SF_26,0
117,1,BIG5_SF_27,0
117,1,BIG5_SF_28,1
117,1,BIG5_SF_29,1
117,1,I_8_0,1
117,1,I_8_1,0
117,1,I_8_2,4
117,1,I_8_3,4
117,1,I_8_4,4
117,1,I_8_5,4
117,1,I_8_6,3
117,1,I_8_7,3
117,1,PID5_BF_0,0
117,1,PID5_BF_1,0
117,1,PID5_BF_2,0
117,1,PID5_BF_3,0
117,1,PID5_BF_4,0
117,1,PID5_BF_5,0
117,1,PID5_BF_6,0
117,1,PID5_BF_7,2
117,1,PID5_BF_8,2
117,1,PID5_BF_9,2
117,1,PID5_BF_10,0
117,1,PID5_BF_11,0
117,1,PID5_BF_12,1
117,1,PID5_BF_13,0
117,1,PID5_BF_14,2
117,1,PID5_BF_15,1
117,1,PID5_BF_16,0
117,1,PID5_BF_17,0
117,1,PID5_BF_18,2
117,1,PID5_BF_19,0
117,1,PID5_BF_20,0
117,1,PID5_BF_21,0
117,1,PID5_BF_22,1
117,1,PID5_BF_23,0
117,1,PID5_BF_24,0
117,1,rt,19.594283333333333
117,1,attention_2,0
117,1,idx,115
117,1,rwn,1
118,1,Sex_0,0
118,1,age,24
118,1,edu,16
118,1,income_0,0
118,1,motivation_1,100
118,1,diagnosis_2,0
118,1,meds_3,0
118,1,BIG5_SF_0,3
118,1,BIG5_SF_1,4
118,1,BIG5_SF_2,1
118,1,BIG5_SF_3,4
118,1,BIG5_SF_4,3
118,1,BIG5_SF_5,4
118,1,BIG5_SF_6,1
118,1,BIG5_SF_7,3
118,1,BIG5_SF_8,3
118,1,BIG5_SF_9,3
118,1,BIG5_SF_10,1
118,1,BIG5_SF_11,0
118,1,BIG5_SF_12,4
118,1,BIG5_SF_13,2
118,1,BIG5_SF_14,3
118,1,BIG5_SF_15,0
118,1,BIG5_SF_16,0
118,1,BIG5_SF_17,4
118,1,BIG5_SF_18,1
118,1,BIG5_SF_19,1
118,1,BIG5_SF_20,1
118,1,BIG5_SF_21,4
118,1,BIG5_SF_22,3
118,1,BIG5_SF_23,0
118,1,BIG5_SF_24,4
118,1,BIG5_SF_25,4
118,1,BIG5_SF_26,4
118,1,BIG5_SF_27,2
118,1,BIG5_SF_28,1
118,1,BIG5_SF_29,2
118,1,I_8_0,1
118,1,I_8_1,0
118,1,I_8_2,4
118,1,I_8_3,4
118,1,I_8_4,2
118,1,I_8_5,3
118,1,I_8_6,1
118,1,I_8_7,2
118,1,PID5_BF_0,0
118,1,PID5_BF_1,0
118,1,PID5_BF_2,0
118,1,PID5_BF_3,2
118,1,PID5_BF_4,1
118,1,PID5_BF_5,0
118,1,PID5_BF_6,0
118,1,PID5_BF_7,3
118,1,PID5_BF_8,1
118,1,PID5_BF_9,3
118,1,PID5_BF_10,2
118,1,PID5_BF_11,0
118,1,PID5_BF_12,1
118,1,PID5_BF_13,1
118,1,PID5_BF_14,0
118,1,PID5_BF_15,1
118,1,PID5_BF_16,0
118,1,PID5_BF_17,1
118,1,PID5_BF_18,1
118,1,PID5_BF_19,0
118,1,PID5_BF_20,1
118,1,PID5_BF_21,0
118,1,PID5_BF_22,1
118,1,PID5_BF_23,0
118,1,PID5_BF_24,0
118,1,rt,5.9352833333333335
118,1,attention_2,0
118,1,idx,116
118,1,rwn,1
120,1,Sex_0,0
120,1,age,21
120,1,edu,16
120,1,income_0,1
120,1,motivation_1,100
120,1,diagnosis_2,1
120,1,meds_3,1
120,1,BIG5_SF_0,4
120,1,BIG5_SF_1,3
120,1,BIG5_SF_2,0
120,1,BIG5_SF_3,3
120,1,BIG5_SF_4,4
120,1,BIG5_SF_5,2
120,1,BIG5_SF_6,3
120,1,BIG5_SF_7,0
120,1,BIG5_SF_8,1
120,1,BIG5_SF_9,0
120,1,BIG5_SF_10,3
120,1,BIG5_SF_11,1
120,1,BIG5_SF_12,4
120,1,BIG5_SF_13,0
120,1,BIG5_SF_14,4
120,1,BIG5_SF_15,1
120,1,BIG5_SF_16,3
120,1,BIG5_SF_17,4
120,1,BIG5_SF_18,1
120,1,BIG5_SF_19,1
120,1,BIG5_SF_20,2
120,1,BIG5_SF_21,4
120,1,BIG5_SF_22,4
120,1,BIG5_SF_23,4
120,1,BIG5_SF_24,3
120,1,BIG5_SF_25,2
120,1,BIG5_SF_26,0
120,1,BIG5_SF_27,0
120,1,BIG5_SF_28,3
120,1,BIG5_SF_29,0
120,1,I_8_0,2
120,1,I_8_1,2
120,1,I_8_2,3
120,1,I_8_3,3
120,1,I_8_4,4
120,1,I_8_5,4
120,1,I_8_6,3
120,1,I_8_7,3
120,1,PID5_BF_0,0
120,1,PID5_BF_1,1
120,1,PID5_BF_2,1
120,1,PID5_BF_3,0
120,1,PID5_BF_4,0
120,1,PID5_BF_5,0
120,1,PID5_BF_6,2
120,1,PID5_BF_7,3
120,1,PID5_BF_8,3
120,1,PID5_BF_9,0
120,1,PID5_BF_10,0
120,1,PID5_BF_11,0
120,1,PID5_BF_12,1
120,1,PID5_BF_13,0
120,1,PID5_BF_14,2
120,1,PID5_BF_15,3
120,1,PID5_BF_16,1
120,1,PID5_BF_17,2
120,1,PID5_BF_18,0
120,1,PID5_BF_19,1
120,1,PID5_BF_20,3
120,1,PID5_BF_21,1
120,1,PID5_BF_22,0
120,1,PID5_BF_23,0
120,1,PID5_BF_24,1
120,1,rt,14.222783333333334
120,1,attention_2,0
120,1,idx,118
120,1,rwn,1
121,1,Sex_0,0
121,1,age,37
121,1,edu,24
121,1,income_0,2
121,1,motivation_1,100
121,1,diagnosis_2,1
121,1,meds_3,1
121,1,BIG5_SF_0,3
121,1,BIG5_SF_1,4
121,1,BIG5_SF_2,1
121,1,BIG5_SF_3,1
121,1,BIG5_SF_4,4
121,1,BIG5_SF_5,3
121,1,BIG5_SF_6,2
121,1,BIG5_SF_7,1
121,1,BIG5_SF_8,1
121,1,BIG5_SF_9,0
121,1,BIG5_SF_10,3
121,1,BIG5_SF_11,1
121,1,BIG5_SF_12,3
121,1,BIG5_SF_13,3
121,1,BIG5_SF_14,3
121,1,BIG5_SF_15,3
121,1,BIG5_SF_16,2
121,1,BIG5_SF_17,4
121,1,BIG5_SF_18,3
121,1,BIG5_SF_19,1
121,1,BIG5_SF_20,3
121,1,BIG5_SF_21,2
121,1,BIG5_SF_22,2
121,1,BIG5_SF_23,1
121,1,BIG5_SF_24,2
121,1,BIG5_SF_25,0
121,1,BIG5_SF_26,1
121,1,BIG5_SF_27,1
121,1,BIG5_SF_28,2
121,1,BIG5_SF_29,1
121,1,I_8_0,3
121,1,I_8_1,4
121,1,I_8_2,3
121,1,I_8_3,4
121,1,I_8_4,3
121,1,I_8_5,3
121,1,I_8_6,4
121,1,I_8_7,4
121,1,PID5_BF_0,1
121,1,PID5_BF_1,2
121,1,PID5_BF_2,0
121,1,PID5_BF_3,2
121,1,PID5_BF_4,0
121,1,PID5_BF_5,2
121,1,PID5_BF_6,2
121,1,PID5_BF_7,2
121,1,PID5_BF_8,3
121,1,PID5_BF_9,3
121,1,PID5_BF_10,3
121,1,PID5_BF_11,1
121,1,PID5_BF_12,2
121,1,PID5_BF_13,2
121,1,PID5_BF_14,3
121,1,PID5_BF_15,2
121,1,PID5_BF_16,2
121,1,PID5_BF_17,3
121,1,PID5_BF_18,2
121,1,PID5_BF_19,2
121,1,PID5_BF_20,1
121,1,PID5_BF_21,2
121,1,PID5_BF_22,3
121,1,PID5_BF_23,2
121,1,PID5_BF_24,2
121,1,rt,8.929566666666666
121,1,attention_2,0
121,1,idx,119
121,1,rwn,1
123,1,Sex_0,1
123,1,age,21
123,1,edu,16
123,1,income_0,1
123,1,motivation_1,94
123,1,diagnosis_2,0
123,1,meds_3,1
123,1,BIG5_SF_0,3
123,1,BIG5_SF_1,4
123,1,BIG5_SF_2,1
123,1,BIG5_SF_3,3
123,1,BIG5_SF_4,4
123,1,BIG5_SF_5,3
123,1,BIG5_SF_6,1
123,1,BIG5_SF_7,4
123,1,BIG5_SF_8,4
123,1,BIG5_SF_9,0
123,1,BIG5_SF_10,0
123,1,BIG5_SF_11,1
123,1,BIG5_SF_12,3
123,1,BIG5_SF_13,1
123,1,BIG5_SF_14,3
123,1,BIG5_SF_15,1
123,1,BIG5_SF_16,3
123,1,BIG5_SF_17,3
123,1,BIG5_SF_18,0
123,1,BIG5_SF_19,2
123,1,BIG5_SF_20,3
123,1,BIG5_SF_21,4
123,1,BIG5_SF_22,4
123,1,BIG5_SF_23,4
123,1,BIG5_SF_24,4
123,1,BIG5_SF_25,3
123,1,BIG5_SF_26,1
123,1,BIG5_SF_27,0
123,1,BIG5_SF_28,3
123,1,BIG5_SF_29,1
123,1,I_8_0,1
123,1,I_8_1,2
123,1,I_8_2,3
123,1,I_8_3,3
123,1,I_8_4,4
123,1,I_8_5,3
123,1,I_8_6,1
123,1,I_8_7,1
123,1,PID5_BF_0,0
123,1,PID5_BF_1,0
123,1,PID5_BF_2,1
123,1,PID5_BF_3,2
123,1,PID5_BF_4,0
123,1,PID5_BF_5,0
123,1,PID5_BF_6,2
123,1,PID5_BF_7,2
123,1,PID5_BF_8,2
123,1,PID5_BF_9,1
123,1,PID5_BF_10,2
123,1,PID5_BF_11,0
123,1,PID5_BF_12,2
123,1,PID5_BF_13,1
123,1,PID5_BF_14,1
123,1,PID5_BF_15,2
123,1,PID5_BF_16,0
123,1,PID5_BF_17,2
123,1,PID5_BF_18,2
123,1,PID5_BF_19,0
123,1,PID5_BF_20,2
123,1,PID5_BF_21,1
123,1,PID5_BF_22,3
123,1,PID5_BF_23,1
123,1,PID5_BF_24,0
123,1,rt,11.692916666666669
123,1,attention_2,0
123,1,idx,120
123,1,rwn,1
124,1,Sex_0,0
124,1,age,21
124,1,edu,18
124,1,income_0,0
124,1,motivation_1,87
124,1,diagnosis_2,1
124,1,meds_3,1
124,1,BIG5_SF_0,0
124,1,BIG5_SF_1,4
124,1,BIG5_SF_2,0
124,1,BIG5_SF_3,2
124,1,BIG5_SF_4,3
124,1,BIG5_SF_5,4
124,1,BIG5_SF_6,0
124,1,BIG5_SF_7,1
124,1,BIG5_SF_8,0
124,1,BIG5_SF_9,0
124,1,BIG5_SF_10,4
124,1,BIG5_SF_11,4
124,1,BIG5_SF_12,3
124,1,BIG5_SF_13,4
124,1,BIG5_SF_14,3
124,1,BIG5_SF_15,3
124,1,BIG5_SF_16,0
124,1,BIG5_SF_17,4
124,1,BIG5_SF_18,3
124,1,BIG5_SF_19,0
124,1,BIG5_SF_20,0
124,1,BIG5_SF_21,4
124,1,BIG5_SF_22,2
124,1,BIG5_SF_23,2
124,1,BIG5_SF_24,3
124,1,BIG5_SF_25,1
124,1,BIG5_SF_26,2
124,1,BIG5_SF_27,0
124,1,BIG5_SF_28,0
124,1,BIG5_SF_29,1
124,1,I_8_0,1
124,1,I_8_1,2
124,1,I_8_2,3
124,1,I_8_3,3
124,1,I_8_4,3
124,1,I_8_5,2
124,1,I_8_6,2
124,1,I_8_7,2
124,1,PID5_BF_0,0
124,1,PID5_BF_1,0
124,1,PID5_BF_2,0
124,1,PID5_BF_3,1
124,1,PID5_BF_4,0
124,1,PID5_BF_5,0
124,1,PID5_BF_6,1
124,1,PID5_BF_7,0
124,1,PID5_BF_8,0
124,1,PID5_BF_9,2
124,1,PID5_BF_10,1
124,1,PID5_BF_11,2
124,1,PID5_BF_12,0
124,1,PID5_BF_13,0
124,1,PID5_BF_14,0
124,1,PID5_BF_15,0
124,1,PID5_BF_16,0
124,1,PID5_BF_17,2
124,1,PID5_BF_18,0
124,1,PID5_BF_19,1
124,1,PID5_BF_20,1
124,1,PID5_BF_21,0
124,1,PID5_BF_22,0
124,1,PID5_BF_23,0
124,1,PID5_BF_24,1
124,1,rt,8.619
124,1,attention_2,0
124,1,idx,121
124,1,rwn,1
125,1,Sex_0,0
125,1,age,32
125,1,edu,17
125,1,income_0,2
125,1,motivation_1,100
125,1,diagnosis_2,1
125,1,meds_3,1
125,1,BIG5_SF_0,4
125,1,BIG5_SF_1,4
125,1,BIG5_SF_2,0
125,1,BIG5_SF_3,0
125,1,BIG5_SF_4,4
125,1,BIG5_SF_5,4
125,1,BIG5_SF_6,0
125,1,BIG5_SF_7,0
125,1,BIG5_SF_8,0
125,1,BIG5_SF_9,0
125,1,BIG5_SF_10,4
125,1,BIG5_SF_11,4
125,1,BIG5_SF_12,4
125,1,BIG5_SF_13,4
125,1,BIG5_SF_14,4
125,1,BIG5_SF_15,4
125,1,BIG5_SF_16,0
125,1,BIG5_SF_17,4
125,1,BIG5_SF_18,4
125,1,BIG5_SF_19,3
125,1,BIG5_SF_20,1
125,1,BIG5_SF_21,4
125,1,BIG5_SF_22,4
125,1,BIG5_SF_23,4
125,1,BIG5_SF_24,4
125,1,BIG5_SF_25,0
125,1,BIG5_SF_26,0
125,1,BIG5_SF_27,0
125,1,BIG5_SF_28,0
125,1,BIG5_SF_29,4
125,1,I_8_0,1
125,1,I_8_1,1
125,1,I_8_2,4
125,1,I_8_3,4
125,1,I_8_4,4
125,1,I_8_5,3
125,1,I_8_6,4
125,1,I_8_7,4
125,1,PID5_BF_0,0
125,1,PID5_BF_1,0
125,1,PID5_BF_2,0
125,1,PID5_BF_3,0
125,1,PID5_BF_4,0
125,1,PID5_BF_5,0
125,1,PID5_BF_6,0
125,1,PID5_BF_7,0
125,1,PID5_BF_8,0
125,1,PID5_BF_9,0
125,1,PID5_BF_10,0
125,1,PID5_BF_11,0
125,1,PID5_BF_12,0
125,1,PID5_BF_13,0
125,1,PID5_BF_14,0
125,1,PID5_BF_15,0
125,1,PID5_BF_16,0
125,1,PID5_BF_17,0
125,1,PID5_BF_18,0
125,1,PID5_BF_19,0
125,1,PID5_BF_20,0
125,1,PID5_BF_21,0
125,1,PID5_BF_22,1
125,1,PID5_BF_23,0
125,1,PID5_BF_24,0
125,1,rt,14.444133333333331
125,1,attention_2,0
125,1,idx,122
125,1,rwn,1
126,1,Sex_0,0
126,1,age,21
126,1,edu,16
126,1,income_0,4
126,1,motivation_1,100
126,1,diagnosis_2,1
126,1,meds_3,1
126,1,BIG5_SF_0,3
126,1,BIG5_SF_1,4
126,1,BIG5_SF_2,0
126,1,BIG5_SF_3,2
126,1,BIG5_SF_4,3
126,1,BIG5_SF_5,4
126,1,BIG5_SF_6,0
126,1,BIG5_SF_7,0
126,1,BIG5_SF_8,2
126,1,BIG5_SF_9,2
126,1,BIG5_SF_10,4
126,1,BIG5_SF_11,3
126,1,BIG5_SF_12,4
126,1,BIG5_SF_13,4
126,1,BIG5_SF_14,4
126,1,BIG5_SF_15,4
126,1,BIG5_SF_16,0
126,1,BIG5_SF_17,4
126,1,BIG5_SF_18,4
126,1,BIG5_SF_19,2
126,1,BIG5_SF_20,3
126,1,BIG5_SF_21,4
126,1,BIG5_SF_22,4
126,1,BIG5_SF_23,3
126,1,BIG5_SF_24,4
126,1,BIG5_SF_25,0
126,1,BIG5_SF_26,1
126,1,BIG5_SF_27,0
126,1,BIG5_SF_28,2
126,1,BIG5_SF_29,3
126,1,I_8_0,0
126,1,I_8_1,1
126,1,I_8_2,4
126,1,I_8_3,4
126,1,I_8_4,4
126,1,I_8_5,4
126,1,I_8_6,4
126,1,I_8_7,4
126,1,PID5_BF_0,0
126,1,PID5_BF_1,0
126,1,PID5_BF_2,0
126,1,PID5_BF_3,0
126,1,PID5_BF_4,0
126,1,PID5_BF_5,0
126,1,PID5_BF_6,0
126,1,PID5_BF_7,1
126,1,PID5_BF_8,0
126,1,PID5_BF_9,1
126,1,PID5_BF_10,0
126,1,PID5_BF_11,0
126,1,PID5_BF_12,0
126,1,PID5_BF_13,0
126,1,PID5_BF_14,0
126,1,PID5_BF_15,0
126,1,PID5_BF_16,0
126,1,PID5_BF_17,0
126,1,PID5_BF_18,0
126,1,PID5_BF_19,0
126,1,PID5_BF_20,0
126,1,PID5_BF_21,0
126,1,PID5_BF_22,0
126,1,PID5_BF_23,0
126,1,PID5_BF_24,0
126,1,rt,7.649983333333333
126,1,attention_2,0
126,1,idx,133
126,1,rwn,1
127,1,Sex_0,1
127,1,age,19
127,1,edu,11
127,1,income_0,0
127,1,motivation_1,96
127,1,diagnosis_2,1
127,1,meds_3,1
127,1,BIG5_SF_0,3
127,1,BIG5_SF_1,4
127,1,BIG5_SF_2,1
127,1,BIG5_SF_3,3
127,1,BIG5_SF_4,4
127,1,BIG5_SF_5,2
127,1,BIG5_SF_6,0
127,1,BIG5_SF_7,1
127,1,BIG5_SF_8,3
127,1,BIG5_SF_9,3
127,1,BIG5_SF_10,3
127,1,BIG5_SF_11,3
127,1,BIG5_SF_12,3
127,1,BIG5_SF_13,4
127,1,BIG5_SF_14,3
127,1,BIG5_SF_15,3
127,1,BIG5_SF_16,0
127,1,BIG5_SF_17,3
127,1,BIG5_SF_18,3
127,1,BIG5_SF_19,3
127,1,BIG5_SF_20,3
127,1,BIG5_SF_21,4
127,1,BIG5_SF_22,3
127,1,BIG5_SF_23,4
127,1,BIG5_SF_24,4
127,1,BIG5_SF_25,1
127,1,BIG5_SF_26,4
127,1,BIG5_SF_27,0
127,1,BIG5_SF_28,0
127,1,BIG5_SF_29,1
127,1,I_8_0,1
127,1,I_8_1,2
127,1,I_8_2,4
127,1,I_8_3,3
127,1,I_8_4,2
127,1,I_8_5,3
127,1,I_8_6,3
127,1,I_8_7,3
127,1,PID5_BF_0,0
127,1,PID5_BF_1,0
127,1,PID5_BF_2,0
127,1,PID5_BF_3,0
127,1,PID5_BF_4,0
127,1,PID5_BF_5,0
127,1,PID5_BF_6,0
127,1,PID5_BF_7,0
127,1,PID5_BF_8,0
127,1,PID5_BF_9,0
127,1,PID5_BF_10,0
127,1,PID5_BF_11,0
127,1,PID5_BF_12,3
127,1,PID5_BF_13,1
127,1,PID5_BF_14,0
127,1,PID5_BF_15,1
127,1,PID5_BF_16,0
127,1,PID5_BF_17,0
127,1,PID5_BF_18,0
127,1,PID5_BF_19,0
127,1,PID5_BF_20,2
127,1,PID5_BF_21,0
127,1,PID5_BF_22,1
127,1,PID5_BF_23,0
127,1,PID5_BF_24,0
127,1,rt,15.738616666666667
127,1,attention_2,0
127,1,idx,123
127,1,rwn,1
128,1,Sex_0,1
128,1,age,22
128,1,edu,17
128,1,income_0,9
128,1,motivation_1,100
128,1,diagnosis_2,0
128,1,meds_3,1
128,1,BIG5_SF_0,0
128,1,BIG5_SF_1,4
128,1,BIG5_SF_2,0
128,1,BIG5_SF_3,0
128,1,BIG5_SF_4,4
128,1,BIG5_SF_5,4
128,1,BIG5_SF_6,0
128,1,BIG5_SF_7,0
128,1,BIG5_SF_8,0
128,1,BIG5_SF_9,0
128,1,BIG5_SF_10,4
128,1,BIG5_SF_11,4
128,1,BIG5_SF_12,4
128,1,BIG5_SF_13,4
128,1,BIG5_SF_14,4
128,1,BIG5_SF_15,4
128,1,BIG5_SF_16,0
128,1,BIG5_SF_17,4
128,1,BIG5_SF_18,4
128,1,BIG5_SF_19,4
128,1,BIG5_SF_20,4
128,1,BIG5_SF_21,4
128,1,BIG5_SF_22,4
128,1,BIG5_SF_23,4
128,1,BIG5_SF_24,4
128,1,BIG5_SF_25,0
128,1,BIG5_SF_26,0
128,1,BIG5_SF_27,0
128,1,BIG5_SF_28,0
128,1,BIG5_SF_29,0
128,1,I_8_0,0
128,1,I_8_1,0
128,1,I_8_2,4
128,1,I_8_3,4
128,1,I_8_4,4
128,1,I_8_5,4
128,1,I_8_6,4
128,1,I_8_7,4
128,1,PID5_BF_0,0
128,1,PID5_BF_1,0
128,1,PID5_BF_2,0
128,1,PID5_BF_3,0
128,1,PID5_BF_4,0
128,1,PID5_BF_5,0
128,1,PID5_BF_6,0
128,1,PID5_BF_7,0
128,1,PID5_BF_8,0
128,1,PID5_BF_9,0
128,1,PID5_BF_10,0
128,1,PID5_BF_11,0
128,1,PID5_BF_12,0
128,1,PID5_BF_13,0
128,1,PID5_BF_14,0
128,1,PID5_BF_15,0
128,1,PID5_BF_16,0
128,1,PID5_BF_17,0
128,1,PID5_BF_18,0
128,1,PID5_BF_19,0
128,1,PID5_BF_20,0
128,1,PID5_BF_21,0
128,1,PID5_BF_22,0
128,1,PID5_BF_23,0
128,1,PID5_BF_24,0
128,1,rt,12.393633333333334
128,1,attention_2,0
128,1,idx,124
128,1,rwn,1
129,1,Sex_0,1
129,1,age,65
129,1,edu,14
129,1,income_0,6
129,1,motivation_1,100
129,1,diagnosis_2,1
129,1,meds_3,1
129,1,BIG5_SF_0,3
129,1,BIG5_SF_1,3
129,1,BIG5_SF_2,3
129,1,BIG5_SF_3,0
129,1,BIG5_SF_4,4
129,1,BIG5_SF_5,1
129,1,BIG5_SF_6,3
129,1,BIG5_SF_7,3
129,1,BIG5_SF_8,1
129,1,BIG5_SF_9,1
129,1,BIG5_SF_10,1
129,1,BIG5_SF_11,3
129,1,BIG5_SF_12,3
129,1,BIG5_SF_13,3
129,1,BIG5_SF_14,2
129,1,BIG5_SF_15,1
129,1,BIG5_SF_16,0
129,1,BIG5_SF_17,1
129,1,BIG5_SF_18,3
129,1,BIG5_SF_19,1
129,1,BIG5_SF_20,2
129,1,BIG5_SF_21,3
129,1,BIG5_SF_22,3
129,1,BIG5_SF_23,3
129,1,BIG5_SF_24,3
129,1,BIG5_SF_25,1
129,1,BIG5_SF_26,1
129,1,BIG5_SF_27,3
129,1,BIG5_SF_28,1
129,1,BIG5_SF_29,1
129,1,I_8_0,1
129,1,I_8_1,2
129,1,I_8_2,3
129,1,I_8_3,2
129,1,I_8_4,2
129,1,I_8_5,2
129,1,I_8_6,2
129,1,I_8_7,2
129,1,PID5_BF_0,1
129,1,PID5_BF_1,0
129,1,PID5_BF_2,0
129,1,PID5_BF_3,1
129,1,PID5_BF_4,0
129,1,PID5_BF_5,1
129,1,PID5_BF_6,0
129,1,PID5_BF_7,0
129,1,PID5_BF_8,1
129,1,PID5_BF_9,0
129,1,PID5_BF_10,0
129,1,PID5_BF_11,0
129,1,PID5_BF_12,2
129,1,PID5_BF_13,1
129,1,PID5_BF_14,0
129,1,PID5_BF_15,1
129,1,PID5_BF_16,0
129,1,PID5_BF_17,0
129,1,PID5_BF_18,0
129,1,PID5_BF_19,0
129,1,PID5_BF_20,0
129,1,PID5_BF_21,0
129,1,PID5_BF_22,1
129,1,PID5_BF_23,0
129,1,PID5_BF_24,0
129,1,rt,14.117516666666669
129,1,attention_2,0
129,1,idx,125
129,1,rwn,1
130,1,Sex_0,1
130,1,age,67
130,1,edu,16
130,1,income_0,9
130,1,motivation_1,100
130,1,diagnosis_2,1
130,1,meds_3,1
130,1,BIG5_SF_0,4
130,1,BIG5_SF_1,4
130,1,BIG5_SF_2,0
130,1,BIG5_SF_3,1
130,1,BIG5_SF_4,4
130,1,BIG5_SF_5,3
130,1,BIG5_SF_6,0
130,1,BIG5_SF_7,0
130,1,BIG5_SF_8,3
130,1,BIG5_SF_9,0
130,1,BIG5_SF_10,4
130,1,BIG5_SF_11,1
130,1,BIG5_SF_12,4
130,1,BIG5_SF_13,3
130,1,BIG5_SF_14,4
130,1,BIG5_SF_15,2
130,1,BIG5_SF_16,0
130,1,BIG5_SF_17,4
130,1,BIG5_SF_18,4
130,1,BIG5_SF_19,2
130,1,BIG5_SF_20,0
130,1,BIG5_SF_21,4
130,1,BIG5_SF_22,4
130,1,BIG5_SF_23,4
130,1,BIG5_SF_24,4
130,1,BIG5_SF_25,0
130,1,BIG5_SF_26,0
130,1,BIG5_SF_27,1
130,1,BIG5_SF_28,3
130,1,BIG5_SF_29,0
130,1,I_8_0,0
130,1,I_8_1,0
130,1,I_8_2,4
130,1,I_8_3,4
130,1,I_8_4,4
130,1,I_8_5,4
130,1,I_8_6,3
130,1,I_8_7,3
130,1,PID5_BF_0,0
130,1,PID5_BF_1,0
130,1,PID5_BF_2,0
130,1,PID5_BF_3,0
130,1,PID5_BF_4,0
130,1,PID5_BF_5,0
130,1,PID5_BF_6,0
130,1,PID5_BF_7,0
130,1,PID5_BF_8,2
130,1,PID5_BF_9,0
130,1,PID5_BF_10,0
130,1,PID5_BF_11,0
130,1,PID5_BF_12,2
130,1,PID5_BF_13,0
130,1,PID5_BF_14,0
130,1,PID5_BF_15,2
130,1,PID5_BF_16,0
130,1,PID5_BF_17,0
130,1,PID5_BF_18,1
130,1,PID5_BF_19,1
130,1,PID5_BF_20,1
130,1,PID5_BF_21,0
130,1,PID5_BF_22,0
130,1,PID5_BF_23,0
130,1,PID5_BF_24,0
130,1,rt,4.7154
130,1,attention_2,0
130,1,idx,126
130,1,rwn,1
131,1,Sex_0,0
131,1,age,61
131,1,edu,20
131,1,income_0,2
131,1,motivation_1,100
131,1,diagnosis_2,1
131,1,meds_3,1
131,1,BIG5_SF_0,1
131,1,BIG5_SF_1,4
131,1,BIG5_SF_2,2
131,1,BIG5_SF_3,3
131,1,BIG5_SF_4,3
131,1,BIG5_SF_5,2
131,1,BIG5_SF_6,1
131,1,BIG5_SF_7,3
131,1,BIG5_SF_8,0
131,1,BIG5_SF_9,3
131,1,BIG5_SF_10,3
131,1,BIG5_SF_11,4
131,1,BIG5_SF_12,4
131,1,BIG5_SF_13,3
131,1,BIG5_SF_14,3
131,1,BIG5_SF_15,4
131,1,BIG5_SF_16,0
131,1,BIG5_SF_17,2
131,1,BIG5_SF_18,3
131,1,BIG5_SF_19,2
131,1,BIG5_SF_20,2
131,1,BIG5_SF_21,4
131,1,BIG5_SF_22,3
131,1,BIG5_SF_23,3
131,1,BIG5_SF_24,4
131,1,BIG5_SF_25,1
131,1,BIG5_SF_26,1
131,1,BIG5_SF_27,0
131,1,BIG5_SF_28,2
131,1,BIG5_SF_29,0
131,1,I_8_0,2
131,1,I_8_1,3
131,1,I_8_2,2
131,1,I_8_3,3
131,1,I_8_4,4
131,1,I_8_5,3
131,1,I_8_6,2
131,1,I_8_7,2
131,1,PID5_BF_0,1
131,1,PID5_BF_1,1
131,1,PID5_BF_2,1
131,1,PID5_BF_3,0
131,1,PID5_BF_4,1
131,1,PID5_BF_5,0
131,1,PID5_BF_6,0
131,1,PID5_BF_7,2
131,1,PID5_BF_8,1
131,1,PID5_BF_9,3
131,1,PID5_BF_10,1
131,1,PID5_BF_11,0
131,1,PID5_BF_12,0
131,1,PID5_BF_13,0
131,1,PID5_BF_14,1
131,1,PID5_BF_15,0
131,1,PID5_BF_16,0
131,1,PID5_BF_17,0
131,1,PID5_BF_18,0
131,1,PID5_BF_19,1
131,1,PID5_BF_20,1
131,1,PID5_BF_21,0
131,1,PID5_BF_22,1
131,1,PID5_BF_23,0
131,1,PID5_BF_24,0
131,1,rt,17.946683333333333
131,1,attention_2,0
131,1,idx,127
131,1,rwn,1
132,1,Sex_0,1
132,1,age,66
132,1,edu,10
132,1,income_0,7
132,1,motivation_1,94
132,1,diagnosis_2,1
132,1,meds_3,1
132,1,BIG5_SF_0,2
132,1,BIG5_SF_1,4
132,1,BIG5_SF_2,0
132,1,BIG5_SF_3,1
132,1,BIG5_SF_4,4
132,1,BIG5_SF_5,2
132,1,BIG5_SF_6,0
132,1,BIG5_SF_7,0
132,1,BIG5_SF_8,2
132,1,BIG5_SF_9,2
132,1,BIG5_SF_10,3
132,1,BIG5_SF_11,4
132,1,BIG5_SF_12,4
132,1,BIG5_SF_13,3
132,1,BIG5_SF_14,3
132,1,BIG5_SF_15,4
132,1,BIG5_SF_16,0
132,1,BIG5_SF_17,4
132,1,BIG5_SF_18,3
132,1,BIG5_SF_19,2
132,1,BIG5_SF_20,2
132,1,BIG5_SF_21,4
132,1,BIG5_SF_22,4
132,1,BIG5_SF_23,4
132,1,BIG5_SF_24,3
132,1,BIG5_SF_25,2
132,1,BIG5_SF_26,0
132,1,BIG5_SF_27,0
132,1,BIG5_SF_28,0
132,1,BIG5_SF_29,1
132,1,I_8_0,0
132,1,I_8_1,0
132,1,I_8_2,4
132,1,I_8_3,4
132,1,I_8_4,4
132,1,I_8_5,4
132,1,I_8_6,1
132,1,I_8_7,2
132,1,PID5_BF_0,0
132,1,PID5_BF_1,0
132,1,PID5_BF_2,0
132,1,PID5_BF_3,0
132,1,PID5_BF_4,0
132,1,PID5_BF_5,0
132,1,PID5_BF_6,0
132,1,PID5_BF_7,0
132,1,PID5_BF_8,0
132,1,PID5_BF_9,0
132,1,PID5_BF_10,0
132,1,PID5_BF_11,0
132,1,PID5_BF_12,1
132,1,PID5_BF_13,1
132,1,PID5_BF_14,0
132,1,PID5_BF_15,2
132,1,PID5_BF_16,0
132,1,PID5_BF_17,0
132,1,PID5_BF_18,0
132,1,PID5_BF_19,0
132,1,PID5_BF_20,0
132,1,PID5_BF_21,0
132,1,PID5_BF_22,0
132,1,PID5_BF_23,0
132,1,PID5_BF_24,0
132,1,rt,12.448416666666668
132,1,attention_2,0
132,1,idx,128
132,1,rwn,1
133,1,Sex_0,1
133,1,age,65
133,1,edu,15
133,1,income_0,6
133,1,motivation_1,94
133,1,diagnosis_2,0
133,1,meds_3,1
133,1,BIG5_SF_0,1
133,1,BIG5_SF_1,3
133,1,BIG5_SF_2,3
133,1,BIG5_SF_3,3
133,1,BIG5_SF_4,4
133,1,BIG5_SF_5,2
133,1,BIG5_SF_6,2
133,1,BIG5_SF_7,3
133,1,BIG5_SF_8,1
133,1,BIG5_SF_9,1
133,1,BIG5_SF_10,2
133,1,BIG5_SF_11,2
133,1,BIG5_SF_12,4
133,1,BIG5_SF_13,2
133,1,BIG5_SF_14,4
133,1,BIG5_SF_15,2
133,1,BIG5_SF_16,0
133,1,BIG5_SF_17,1
133,1,BIG5_SF_18,2
133,1,BIG5_SF_19,0
133,1,BIG5_SF_20,2
133,1,BIG5_SF_21,2
133,1,BIG5_SF_22,3
133,1,BIG5_SF_23,2
133,1,BIG5_SF_24,3
133,1,BIG5_SF_25,4
133,1,BIG5_SF_26,2
133,1,BIG5_SF_27,1
133,1,BIG5_SF_28,1
133,1,BIG5_SF_29,0
133,1,I_8_0,1
133,1,I_8_1,2
133,1,I_8_2,3
133,1,I_8_3,3
133,1,I_8_4,3
133,1,I_8_5,2
133,1,I_8_6,2
133,1,I_8_7,1
133,1,PID5_BF_0,1
133,1,PID5_BF_1,0
133,1,PID5_BF_2,1
133,1,PID5_BF_3,0
133,1,PID5_BF_4,1
133,1,PID5_BF_5,3
133,1,PID5_BF_6,0
133,1,PID5_BF_7,1
133,1,PID5_BF_8,0
133,1,PID5_BF_9,2
133,1,PID5_BF_10,1
133,1,PID5_BF_11,0
133,1,PID5_BF_12,2
133,1,PID5_BF_13,0
133,1,PID5_BF_14,0
133,1,PID5_BF_15,1
133,1,PID5_BF_16,0
133,1,PID5_BF_17,0
133,1,PID5_BF_18,0
133,1,PID5_BF_19,0
133,1,PID5_BF_20,0
133,1,PID5_BF_21,0
133,1,PID5_BF_22,0
133,1,PID5_BF_23,0
133,1,PID5_BF_24,1
133,1,rt,12.973633333333334
133,1,attention_2,0
133,1,idx,129
133,1,rwn,1
134,1,Sex_0,1
134,1,age,31
134,1,edu,13
134,1,income_0,3
134,1,motivation_1,100
134,1,diagnosis_2,1
134,1,meds_3,1
134,1,BIG5_SF_0,2
134,1,BIG5_SF_1,4
134,1,BIG5_SF_2,3
134,1,BIG5_SF_3,3
134,1,BIG5_SF_4,4
134,1,BIG5_SF_5,1
134,1,BIG5_SF_6,1
134,1,BIG5_SF_7,2
134,1,BIG5_SF_8,3
134,1,BIG5_SF_9,1
134,1,BIG5_SF_10,2
134,1,BIG5_SF_11,1
134,1,BIG5_SF_12,3
134,1,BIG5_SF_13,1
134,1,BIG5_SF_14,3
134,1,BIG5_SF_15,1
134,1,BIG5_SF_16,1
134,1,BIG5_SF_17,1
134,1,BIG5_SF_18,1
134,1,BIG5_SF_19,0
134,1,BIG5_SF_20,2
134,1,BIG5_SF_21,4
134,1,BIG5_SF_22,4
134,1,BIG5_SF_23,1
134,1,BIG5_SF_24,3
134,1,BIG5_SF_25,2
134,1,BIG5_SF_26,3
134,1,BIG5_SF_27,1
134,1,BIG5_SF_28,3
134,1,BIG5_SF_29,1
134,1,I_8_0,2
134,1,I_8_1,2
134,1,I_8_2,2
134,1,I_8_3,3
134,1,I_8_4,3
134,1,I_8_5,3
134,1,I_8_6,2
134,1,I_8_7,2
134,1,PID5_BF_0,0
134,1,PID5_BF_1,1
134,1,PID5_BF_2,1
134,1,PID5_BF_3,2
134,1,PID5_BF_4,1
134,1,PID5_BF_5,1
134,1,PID5_BF_6,1
134,1,PID5_BF_7,2
134,1,PID5_BF_8,2
134,1,PID5_BF_9,1
134,1,PID5_BF_10,1
134,1,PID5_BF_11,0
134,1,PID5_BF_12,1
134,1,PID5_BF_13,2
134,1,PID5_BF_14,2
134,1,PID5_BF_15,2
134,1,PID5_BF_16,0
134,1,PID5_BF_17,1
134,1,PID5_BF_18,2
134,1,PID5_BF_19,1
134,1,PID5_BF_20,1
134,1,PID5_BF_21,0
134,1,PID5_BF_22,0
134,1,PID5_BF_23,0
134,1,PID5_BF_24,0
134,1,rt,12.697333333333331
134,1,attention_2,0
134,1,idx,130
134,1,rwn,1
135,1,Sex_0,1
135,1,age,29
135,1,edu,16
135,1,income_0,8
135,1,motivation_1,79
135,1,diagnosis_2,1
135,1,meds_3,1
135,1,BIG5_SF_0,3
135,1,BIG5_SF_1,3
135,1,BIG5_SF_2,3
135,1,BIG5_SF_3,1
135,1,BIG5_SF_4,4
135,1,BIG5_SF_5,3
135,1,BIG5_SF_6,1
135,1,BIG5_SF_7,2
135,1,BIG5_SF_8,0
135,1,BIG5_SF_9,0
135,1,BIG5_SF_10,3
135,1,BIG5_SF_11,4
135,1,BIG5_SF_12,2
135,1,BIG5_SF_13,2
135,1,BIG5_SF_14,4
135,1,BIG5_SF_15,3
135,1,BIG5_SF_16,1
135,1,BIG5_SF_17,2
135,1,BIG5_SF_18,3
135,1,BIG5_SF_19,3
135,1,BIG5_SF_20,2
135,1,BIG5_SF_21,4
135,1,BIG5_SF_22,4
135,1,BIG5_SF_23,4
135,1,BIG5_SF_24,4
135,1,BIG5_SF_25,0
135,1,BIG5_SF_26,0
135,1,BIG5_SF_27,3
135,1,BIG5_SF_28,1
135,1,BIG5_SF_29,3
135,1,I_8_0,1
135,1,I_8_1,0
135,1,I_8_2,3
135,1,I_8_3,2
135,1,I_8_4,3
135,1,I_8_5,4
135,1,I_8_6,2
135,1,I_8_7,3
135,1,PID5_BF_0,1
135,1,PID5_BF_1,0
135,1,PID5_BF_2,0
135,1,PID5_BF_3,0
135,1,PID5_BF_4,0
135,1,PID5_BF_5,0
135,1,PID5_BF_6,2
135,1,PID5_BF_7,2
135,1,PID5_BF_8,0
135,1,PID5_BF_9,0
135,1,PID5_BF_10,0
135,1,PID5_BF_11,0
135,1,PID5_BF_12,1
135,1,PID5_BF_13,0
135,1,PID5_BF_14,0
135,1,PID5_BF_15,0
135,1,PID5_BF_16,0
135,1,PID5_BF_17,0
135,1,PID5_BF_18,0
135,1,PID5_BF_19,2
135,1,PID5_BF_20,2
135,1,PID5_BF_21,0
135,1,PID5_BF_22,0
135,1,PID5_BF_23,0
135,1,PID5_BF_24,0
135,1,rt,11.77665
135,1,attention_2,0
135,1,idx,131
135,1,rwn,1
136,1,Sex_0,0
136,1,age,20
136,1,edu,15
136,1,income_0,1
136,1,motivation_1,100
136,1,diagnosis_2,1
136,1,meds_3,1
136,1,BIG5_SF_0,4
136,1,BIG5_SF_1,3
136,1,BIG5_SF_2,0
136,1,BIG5_SF_3,4
136,1,BIG5_SF_4,3
136,1,BIG5_SF_5,1
136,1,BIG5_SF_6,0
136,1,BIG5_SF_7,3
136,1,BIG5_SF_8,4
136,1,BIG5_SF_9,1
136,1,BIG5_SF_10,1
136,1,BIG5_SF_11,3
136,1,BIG5_SF_12,4
136,1,BIG5_SF_13,3
136,1,BIG5_SF_14,0
136,1,BIG5_SF_15,1
136,1,BIG5_SF_16,2
136,1,BIG5_SF_17,4
136,1,BIG5_SF_18,3
136,1,BIG5_SF_19,3
136,1,BIG5_SF_20,3
136,1,BIG5_SF_21,4
136,1,BIG5_SF_22,4
136,1,BIG5_SF_23,3
136,1,BIG5_SF_24,4
136,1,BIG5_SF_25,1
136,1,BIG5_SF_26,3
136,1,BIG5_SF_27,0
136,1,BIG5_SF_28,0
136,1,BIG5_SF_29,3
136,1,I_8_0,1
136,1,I_8_1,2
136,1,I_8_2,4
136,1,I_8_3,4
136,1,I_8_4,3
136,1,I_8_5,4
136,1,I_8_6,2
136,1,I_8_7,2
136,1,PID5_BF_0,0
136,1,PID5_BF_1,0
136,1,PID5_BF_2,0
136,1,PID5_BF_3,2
136,1,PID5_BF_4,0
136,1,PID5_BF_5,1
136,1,PID5_BF_6,2
136,1,PID5_BF_7,3
136,1,PID5_BF_8,0
136,1,PID5_BF_9,1
136,1,PID5_BF_10,2
136,1,PID5_BF_11,0
136,1,PID5_BF_12,2
136,1,PID5_BF_13,2
136,1,PID5_BF_14,1
136,1,PID5_BF_15,2
136,1,PID5_BF_16,0
136,1,PID5_BF_17,1
136,1,PID5_BF_18,2
136,1,PID5_BF_19,1
136,1,PID5_BF_20,2
136,1,PID5_BF_21,0
136,1,PID5_BF_22,1
136,1,PID5_BF_23,1
136,1,PID5_BF_24,0
136,1,rt,36.463766666666665
136,1,attention_2,0
136,1,idx,132
136,1,rwn,1
137,1,Sex_0,0
137,1,age,20
137,1,edu,13
137,1,income_0,0
137,1,motivation_1,92
137,1,diagnosis_2,0
137,1,meds_3,1
137,1,BIG5_SF_0,1
137,1,BIG5_SF_1,3
137,1,BIG5_SF_2,4
137,1,BIG5_SF_3,4
137,1,BIG5_SF_4,4
137,1,BIG5_SF_5,3
137,1,BIG5_SF_6,3
137,1,BIG5_SF_7,4
137,1,BIG5_SF_8,4
137,1,BIG5_SF_9,2
137,1,BIG5_SF_10,3
137,1,BIG5_SF_11,1
137,1,BIG5_SF_12,2
137,1,BIG5_SF_13,1
137,1,BIG5_SF_14,3
137,1,BIG5_SF_15,3
137,1,BIG5_SF_16,2
137,1,BIG5_SF_17,1
137,1,BIG5_SF_18,1
137,1,BIG5_SF_19,4
137,1,BIG5_SF_20,1
137,1,BIG5_SF_21,3
137,1,BIG5_SF_22,0
137,1,BIG5_SF_23,0
137,1,BIG5_SF_24,3
137,1,BIG5_SF_25,4
137,1,BIG5_SF_26,3
137,1,BIG5_SF_27,3
137,1,BIG5_SF_28,4
137,1,BIG5_SF_29,0
137,1,I_8_0,3
137,1,I_8_1,3
137,1,I_8_2,1
137,1,I_8_3,2
137,1,I_8_4,1
137,1,I_8_5,1
137,1,I_8_6,2
137,1,I_8_7,3
137,1,PID5_BF_0,1
137,1,PID5_BF_1,1
137,1,PID5_BF_2,2
137,1,PID5_BF_3,3
137,1,PID5_BF_4,1
137,1,PID5_BF_5,3
137,1,PID5_BF_6,2
137,1,PID5_BF_7,3
137,1,PID5_BF_8,3
137,1,PID5_BF_9,3
137,1,PID5_BF_10,1
137,1,PID5_BF_11,0
137,1,PID5_BF_12,3
137,1,PID5_BF_13,1
137,1,PID5_BF_14,3
137,1,PID5_BF_15,3
137,1,PID5_BF_16,2
137,1,PID5_BF_17,0
137,1,PID5_BF_18,2
137,1,PID5_BF_19,3
137,1,PID5_BF_20,2
137,1,PID5_BF_21,0
137,1,PID5_BF_22,3
137,1,PID5_BF_23,1
137,1,PID5_BF_24,2
137,1,rt,9.118516666666666
137,1,attention_2,0
137,1,idx,134
137,1,rwn,1
138,1,Sex_0,1
138,1,age,50
138,1,edu,16
138,1,income_0,1
138,1,motivation_1,100
138,1,diagnosis_2,1
138,1,meds_3,1
138,1,BIG5_SF_0,4
138,1,BIG5_SF_1,3
138,1,BIG5_SF_2,0
138,1,BIG5_SF_3,4
138,1,BIG5_SF_4,4
138,1,BIG5_SF_5,3
138,1,BIG5_SF_6,0
138,1,BIG5_SF_7,2
138,1,BIG5_SF_8,1
138,1,BIG5_SF_9,0
138,1,BIG5_SF_10,0
138,1,BIG5_SF_11,1
138,1,BIG5_SF_12,4
138,1,BIG5_SF_13,2
138,1,BIG5_SF_14,4
138,1,BIG5_SF_15,0
138,1,BIG5_SF_16,0
138,1,BIG5_SF_17,3
138,1,BIG5_SF_18,0
138,1,BIG5_SF_19,0
138,1,BIG5_SF_20,0
138,1,BIG5_SF_21,4
138,1,BIG5_SF_22,4
138,1,BIG5_SF_23,4
138,1,BIG5_SF_24,4
138,1,BIG5_SF_25,3
138,1,BIG5_SF_26,2
138,1,BIG5_SF_27,0
138,1,BIG5_SF_28,2
138,1,BIG5_SF_29,0
138,1,I_8_0,0
138,1,I_8_1,0
138,1,I_8_2,4
138,1,I_8_3,4
138,1,I_8_4,3
138,1,I_8_5,4
138,1,I_8_6,0
138,1,I_8_7,0
138,1,PID5_BF_0,0
138,1,PID5_BF_1,0
138,1,PID5_BF_2,0
138,1,PID5_BF_3,2
138,1,PID5_BF_4,0
138,1,PID5_BF_5,0
138,1,PID5_BF_6,2
138,1,PID5_BF_7,3
138,1,PID5_BF_8,3
138,1,PID5_BF_9,1
138,1,PID5_BF_10,2
138,1,PID5_BF_11,1
138,1,PID5_BF_12,0
138,1,PID5_BF_13,2
138,1,PID5_BF_14,1
138,1,PID5_BF_15,1
138,1,PID5_BF_16,0
138,1,PID5_BF_17,1
138,1,PID5_BF_18,0
138,1,PID5_BF_19,1
138,1,PID5_BF_20,2
138,1,PID5_BF_21,1
138,1,PID5_BF_22,2
138,1,PID5_BF_23,3
138,1,PID5_BF_24,1
138,1,rt,4.28005
138,1,attention_2,0
138,1,idx,135
138,1,rwn,1
139,1,Sex_0,0
139,1,age,35
139,1,edu,20
139,1,income_0,5
139,1,motivation_1,90
139,1,diagnosis_2,1
139,1,meds_3,1
139,1,BIG5_SF_0,2
139,1,BIG5_SF_1,4
139,1,BIG5_SF_2,1
139,1,BIG5_SF_3,1
139,1,BIG5_SF_4,4
139,1,BIG5_SF_5,3
139,1,BIG5_SF_6,3
139,1,BIG5_SF_7,1
139,1,BIG5_SF_8,0
139,1,BIG5_SF_9,0
139,1,BIG5_SF_10,3
139,1,BIG5_SF_11,1
139,1,BIG5_SF_12,4
139,1,BIG5_SF_13,3
139,1,BIG5_SF_14,3
139,1,BIG5_SF_15,3
139,1,BIG5_SF_16,1
139,1,BIG5_SF_17,3
139,1,BIG5_SF_18,3
139,1,BIG5_SF_19,0
139,1,BIG5_SF_20,2
139,1,BIG5_SF_21,4
139,1,BIG5_SF_22,3
139,1,BIG5_SF_23,4
139,1,BIG5_SF_24,4
139,1,BIG5_SF_25,0
139,1,BIG5_SF_26,3
139,1,BIG5_SF_27,0
139,1,BIG5_SF_28,0
139,1,BIG5_SF_29,1
139,1,I_8_0,1
139,1,I_8_1,2
139,1,I_8_2,3
139,1,I_8_3,4
139,1,I_8_4,2
139,1,I_8_5,2
139,1,I_8_6,2
139,1,I_8_7,3
139,1,PID5_BF_0,1
139,1,PID5_BF_1,1
139,1,PID5_BF_2,0
139,1,PID5_BF_3,1
139,1,PID5_BF_4,1
139,1,PID5_BF_5,1
139,1,PID5_BF_6,1
139,1,PID5_BF_7,0
139,1,PID5_BF_8,0
139,1,PID5_BF_9,0
139,1,PID5_BF_10,0
139,1,PID5_BF_11,0
139,1,PID5_BF_12,0
139,1,PID5_BF_13,1
139,1,PID5_BF_14,0
139,1,PID5_BF_15,1
139,1,PID5_BF_16,1
139,1,PID5_BF_17,0
139,1,PID5_BF_18,2
139,1,PID5_BF_19,0
139,1,PID5_BF_20,0
139,1,PID5_BF_21,1
139,1,PID5_BF_22,0
139,1,PID5_BF_23,0
139,1,PID5_BF_24,2
139,1,rt,38.791983333333334
139,1,attention_2,0
139,1,idx,136
139,1,rwn,1
140,1,Sex_0,1
140,1,age,48
140,1,edu,15
140,1,income_0,3
140,1,motivation_1,100
140,1,diagnosis_2,0
140,1,meds_3,0
140,1,BIG5_SF_0,3
140,1,BIG5_SF_1,2
140,1,BIG5_SF_2,0
140,1,BIG5_SF_3,2
140,1,BIG5_SF_4,4
140,1,BIG5_SF_5,3
140,1,BIG5_SF_6,2
140,1,BIG5_SF_7,0
140,1,BIG5_SF_8,4
140,1,BIG5_SF_9,0
140,1,BIG5_SF_10,3
140,1,BIG5_SF_11,1
140,1,BIG5_SF_12,3
140,1,BIG5_SF_13,2
140,1,BIG5_SF_14,3
140,1,BIG5_SF_15,1
140,1,BIG5_SF_16,2
140,1,BIG5_SF_17,3
140,1,BIG5_SF_18,2
140,1,BIG5_SF_19,3
140,1,BIG5_SF_20,1
140,1,BIG5_SF_21,3
140,1,BIG5_SF_22,4
140,1,BIG5_SF_23,2
140,1,BIG5_SF_24,4
140,1,BIG5_SF_25,1
140,1,BIG5_SF_26,1
140,1,BIG5_SF_27,1
140,1,BIG5_SF_28,1
140,1,BIG5_SF_29,0
140,1,I_8_0,2
140,1,I_8_1,2
140,1,I_8_2,2
140,1,I_8_3,2
140,1,I_8_4,3
140,1,I_8_5,3
140,1,I_8_6,3
140,1,I_8_7,3
140,1,PID5_BF_0,2
140,1,PID5_BF_1,2
140,1,PID5_BF_2,1
140,1,PID5_BF_3,1
140,1,PID5_BF_4,1
140,1,PID5_BF_5,0
140,1,PID5_BF_6,1
140,1,PID5_BF_7,1
140,1,PID5_BF_8,1
140,1,PID5_BF_9,0
140,1,PID5_BF_10,1
140,1,PID5_BF_11,2
140,1,PID5_BF_12,2
140,1,PID5_BF_13,2
140,1,PID5_BF_14,2
140,1,PID5_BF_15,3
140,1,PID5_BF_16,1
140,1,PID5_BF_17,1
140,1,PID5_BF_18,0
140,1,PID5_BF_19,1
140,1,PID5_BF_20,1
140,1,PID5_BF_21,1
140,1,PID5_BF_22,1
140,1,PID5_BF_23,2
140,1,PID5_BF_24,0
140,1,rt,9.126416666666668
140,1,attention_2,0
140,1,idx,155
140,1,rwn,1
141,1,Sex_0,0
141,1,age,31
141,1,edu,16
141,1,income_0,6
141,1,motivation_1,89
141,1,diagnosis_2,1
141,1,meds_3,1
141,1,BIG5_SF_0,1
141,1,BIG5_SF_1,2
141,1,BIG5_SF_2,1
141,1,BIG5_SF_3,1
141,1,BIG5_SF_4,3
141,1,BIG5_SF_5,3
141,1,BIG5_SF_6,1
141,1,BIG5_SF_7,0
141,1,BIG5_SF_8,1
141,1,BIG5_SF_9,1
141,1,BIG5_SF_10,3
141,1,BIG5_SF_11,3
141,1,BIG5_SF_12,3
141,1,BIG5_SF_13,3
141,1,BIG5_SF_14,3
141,1,BIG5_SF_15,4
141,1,BIG5_SF_16,1
141,1,BIG5_SF_17,3
141,1,BIG5_SF_18,3
141,1,BIG5_SF_19,1
141,1,BIG5_SF_20,1
141,1,BIG5_SF_21,3
141,1,BIG5_SF_22,3
141,1,BIG5_SF_23,3
141,1,BIG5_SF_24,2
141,1,BIG5_SF_25,1
141,1,BIG5_SF_26,1
141,1,BIG5_SF_27,1
141,1,BIG5_SF_28,0
141,1,BIG5_SF_29,0
141,1,I_8_0,1
141,1,I_8_1,1
141,1,I_8_2,2
141,1,I_8_3,3
141,1,I_8_4,3
141,1,I_8_5,3
141,1,I_8_6,2
141,1,I_8_7,2
141,1,PID5_BF_0,1
141,1,PID5_BF_1,0
141,1,PID5_BF_2,1
141,1,PID5_BF_3,1
141,1,PID5_BF_4,0
141,1,PID5_BF_5,1
141,1,PID5_BF_6,1
141,1,PID5_BF_7,0
141,1,PID5_BF_8,1
141,1,PID5_BF_9,1
141,1,PID5_BF_10,1
141,1,PID5_BF_11,0
141,1,PID5_BF_12,0
141,1,PID5_BF_13,0
141,1,PID5_BF_14,0
141,1,PID5_BF_15,0
141,1,PID5_BF_16,1
141,1,PID5_BF_17,1
141,1,PID5_BF_18,2
141,1,PID5_BF_19,1
141,1,PID5_BF_20,1
141,1,PID5_BF_21,1
141,1,PID5_BF_22,1
141,1,PID5_BF_23,0
141,1,PID5_BF_24,1
141,1,rt,13.073533333333334
141,1,attention_2,0
141,1,idx,137
141,1,rwn,1
142,1,Sex_0,0
142,1,age,52
142,1,edu,12
142,1,income_0,0
142,1,motivation_1,100
142,1,diagnosis_2,1
142,1,meds_3,1
142,1,BIG5_SF_0,4
142,1,BIG5_SF_1,4
142,1,BIG5_SF_2,0
142,1,BIG5_SF_3,3
142,1,BIG5_SF_4,4
142,1,BIG5_SF_5,0
142,1,BIG5_SF_6,0
142,1,BIG5_SF_7,0
142,1,BIG5_SF_8,0
142,1,BIG5_SF_9,0
142,1,BIG5_SF_10,4
142,1,BIG5_SF_11,3
142,1,BIG5_SF_12,4
142,1,BIG5_SF_13,3
142,1,BIG5_SF_14,4
142,1,BIG5_SF_15,2
142,1,BIG5_SF_16,1
142,1,BIG5_SF_17,4
142,1,BIG5_SF_18,3
142,1,BIG5_SF_19,0
142,1,BIG5_SF_20,3
142,1,BIG5_SF_21,4
142,1,BIG5_SF_22,4
142,1,BIG5_SF_23,3
142,1,BIG5_SF_24,4
142,1,BIG5_SF_25,1
142,1,BIG5_SF_26,1
142,1,BIG5_SF_27,0
142,1,BIG5_SF_28,1
142,1,BIG5_SF_29,0
142,1,I_8_0,1
142,1,I_8_1,1
142,1,I_8_2,3
142,1,I_8_3,3
142,1,I_8_4,4
142,1,I_8_5,4
142,1,I_8_6,0
142,1,I_8_7,1
142,1,PID5_BF_0,0
142,1,PID5_BF_1,0
142,1,PID5_BF_2,0
142,1,PID5_BF_3,0
142,1,PID5_BF_4,0
142,1,PID5_BF_5,0
142,1,PID5_BF_6,0
142,1,PID5_BF_7,1
142,1,PID5_BF_8,0
142,1,PID5_BF_9,2
142,1,PID5_BF_10,2
142,1,PID5_BF_11,0
142,1,PID5_BF_12,0
142,1,PID5_BF_13,2
142,1,PID5_BF_14,0
142,1,PID5_BF_15,2
142,1,PID5_BF_16,0
142,1,PID5_BF_17,0
142,1,PID5_BF_18,0
142,1,PID5_BF_19,0
142,1,PID5_BF_20,0
142,1,PID5_BF_21,0
142,1,PID5_BF_22,0
142,1,PID5_BF_23,0
142,1,PID5_BF_24,0
142,1,rt,7.730683333333333
142,1,attention_2,0
142,1,idx,138
142,1,rwn,1
143,1,Sex_0,1
143,1,age,19
143,1,edu,13
143,1,income_0,1
143,1,motivation_1,76
143,1,diagnosis_2,0
143,1,meds_3,0
143,1,BIG5_SF_0,3
143,1,BIG5_SF_1,4
143,1,BIG5_SF_2,3
143,1,BIG5_SF_3,2
143,1,BIG5_SF_4,4
143,1,BIG5_SF_5,1
143,1,BIG5_SF_6,3
143,1,BIG5_SF_7,4
143,1,BIG5_SF_8,3
143,1,BIG5_SF_9,3
143,1,BIG5_SF_10,3
143,1,BIG5_SF_11,2
143,1,BIG5_SF_12,3
143,1,BIG5_SF_13,2
143,1,BIG5_SF_14,2
143,1,BIG5_SF_15,2
143,1,BIG5_SF_16,0
143,1,BIG5_SF_17,2
143,1,BIG5_SF_18,3
143,1,BIG5_SF_19,3
143,1,BIG5_SF_20,4
143,1,BIG5_SF_21,4
143,1,BIG5_SF_22,4
143,1,BIG5_SF_23,2
143,1,BIG5_SF_24,3
143,1,BIG5_SF_25,2
143,1,BIG5_SF_26,2
143,1,BIG5_SF_27,3
143,1,BIG5_SF_28,1
143,1,BIG5_SF_29,1
143,1,I_8_0,3
143,1,I_8_1,2
143,1,I_8_2,2
143,1,I_8_3,3
143,1,I_8_4,2
143,1,I_8_5,2
143,1,I_8_6,3
143,1,I_8_7,2
143,1,PID5_BF_0,1
143,1,PID5_BF_1,2
143,1,PID5_BF_2,3
143,1,PID5_BF_3,3
143,1,PID5_BF_4,0
143,1,PID5_BF_5,1
143,1,PID5_BF_6,2
143,1,PID5_BF_7,0
143,1,PID5_BF_8,1
143,1,PID5_BF_9,0
143,1,PID5_BF_10,0
143,1,PID5_BF_11,2
143,1,PID5_BF_12,1
143,1,PID5_BF_13,2
143,1,PID5_BF_14,3
143,1,PID5_BF_15,1
143,1,PID5_BF_16,0
143,1,PID5_BF_17,0
143,1,PID5_BF_18,0
143,1,PID5_BF_19,1
143,1,PID5_BF_20,2
143,1,PID5_BF_21,0
143,1,PID5_BF_22,3
143,1,PID5_BF_23,3
143,1,PID5_BF_24,0
143,1,rt,4.02135
143,1,attention_2,0
143,1,idx,139
143,1,rwn,1
144,1,Sex_0,1
144,1,age,49
144,1,edu,16
144,1,income_0,2
144,1,motivation_1,100
144,1,diagnosis_2,1
144,1,meds_3,1
144,1,BIG5_SF_0,3
144,1,BIG5_SF_1,4
144,1,BIG5_SF_2,3
144,1,BIG5_SF_3,4
144,1,BIG5_SF_4,4
144,1,BIG5_SF_5,0
144,1,BIG5_SF_6,0
144,1,BIG5_SF_7,3
144,1,BIG5_SF_8,2
144,1,BIG5_SF_9,3
144,1,BIG5_SF_10,1
144,1,BIG5_SF_11,4
144,1,BIG5_SF_12,4
144,1,BIG5_SF_13,2
144,1,BIG5_SF_14,3
144,1,BIG5_SF_15,2
144,1,BIG5_SF_16,0
144,1,BIG5_SF_17,1
144,1,BIG5_SF_18,2
144,1,BIG5_SF_19,1
144,1,BIG5_SF_20,4
144,1,BIG5_SF_21,4
144,1,BIG5_SF_22,4
144,1,BIG5_SF_23,1
144,1,BIG5_SF_24,3
144,1,BIG5_SF_25,3
144,1,BIG5_SF_26,0
144,1,BIG5_SF_27,2
144,1,BIG5_SF_28,2
144,1,BIG5_SF_29,2
144,1,I_8_0,2
144,1,I_8_1,3
144,1,I_8_2,2
144,1,I_8_3,2
144,1,I_8_4,1
144,1,I_8_5,1
144,1,I_8_6,1
144,1,I_8_7,2
144,1,PID5_BF_0,0
144,1,PID5_BF_1,2
144,1,PID5_BF_2,2
144,1,PID5_BF_3,2
144,1,PID5_BF_4,0
144,1,PID5_BF_5,1
144,1,PID5_BF_6,2
144,1,PID5_BF_7,3
144,1,PID5_BF_8,2
144,1,PID5_BF_9,2
144,1,PID5_BF_10,2
144,1,PID5_BF_11,0
144,1,PID5_BF_12,2
144,1,PID5_BF_13,2
144,1,PID5_BF_14,1
144,1,PID5_BF_15,2
144,1,PID5_BF_16,0
144,1,PID5_BF_17,1
144,1,PID5_BF_18,0
144,1,PID5_BF_19,0
144,1,PID5_BF_20,2
144,1,PID5_BF_21,0
144,1,PID5_BF_22,2
144,1,PID5_BF_23,1
144,1,PID5_BF_24,0
144,1,rt,7.68205
144,1,attention_2,0
144,1,idx,140
144,1,rwn,1
145,1,Sex_0,0
145,1,age,36
145,1,edu,19
145,1,income_0,3
145,1,motivation_1,100
145,1,diagnosis_2,1
145,1,meds_3,1
145,1,BIG5_SF_0,0
145,1,BIG5_SF_1,4
145,1,BIG5_SF_2,0
145,1,BIG5_SF_3,0
145,1,BIG5_SF_4,4
145,1,BIG5_SF_5,4
145,1,BIG5_SF_6,0
145,1,BIG5_SF_7,0
145,1,BIG5_SF_8,0
145,1,BIG5_SF_9,0
145,1,BIG5_SF_10,4
145,1,BIG5_SF_11,4
145,1,BIG5_SF_12,4
145,1,BIG5_SF_13,4
145,1,BIG5_SF_14,4
145,1,BIG5_SF_15,4
145,1,BIG5_SF_16,0
145,1,BIG5_SF_17,4
145,1,BIG5_SF_18,4
145,1,BIG5_SF_19,3
145,1,BIG5_SF_20,1
145,1,BIG5_SF_21,4
145,1,BIG5_SF_22,4
145,1,BIG5_SF_23,4
145,1,BIG5_SF_24,0
145,1,BIG5_SF_25,0
145,1,BIG5_SF_26,0
145,1,BIG5_SF_27,0
145,1,BIG5_SF_28,0
145,1,BIG5_SF_29,0
145,1,I_8_0,0
145,1,I_8_1,1
145,1,I_8_2,4
145,1,I_8_3,4
145,1,I_8_4,4
145,1,I_8_5,4
145,1,I_8_6,3
145,1,I_8_7,4
145,1,PID5_BF_0,0
145,1,PID5_BF_1,0
145,1,PID5_BF_2,1
145,1,PID5_BF_3,0
145,1,PID5_BF_4,0
145,1,PID5_BF_5,1
145,1,PID5_BF_6,1
145,1,PID5_BF_7,2
145,1,PID5_BF_8,1
145,1,PID5_BF_9,0
145,1,PID5_BF_10,0
145,1,PID5_BF_11,0
145,1,PID5_BF_12,2
145,1,PID5_BF_13,0
145,1,PID5_BF_14,0
145,1,PID5_BF_15,0
145,1,PID5_BF_16,0
145,1,PID5_BF_17,0
145,1,PID5_BF_18,1
145,1,PID5_BF_19,1
145,1,PID5_BF_20,1
145,1,PID5_BF_21,0
145,1,PID5_BF_22,0
145,1,PID5_BF_23,0
145,1,PID5_BF_24,0
145,1,rt,22.565583333333333
145,1,attention_2,0
145,1,idx,141
145,1,rwn,1
146,1,Sex_0,1
146,1,age,39
146,1,edu,12
146,1,income_0,1
146,1,motivation_1,100
146,1,diagnosis_2,1
146,1,meds_3,1
146,1,BIG5_SF_0,3
146,1,BIG5_SF_1,3
146,1,BIG5_SF_2,0
146,1,BIG5_SF_3,3
146,1,BIG5_SF_4,4
146,1,BIG5_SF_5,1
146,1,BIG5_SF_6,3
146,1,BIG5_SF_7,1
146,1,BIG5_SF_8,3
146,1,BIG5_SF_9,0
146,1,BIG5_SF_10,3
146,1,BIG5_SF_11,1
146,1,BIG5_SF_12,3
146,1,BIG5_SF_13,3
146,1,BIG5_SF_14,3
146,1,BIG5_SF_15,3
146,1,BIG5_SF_16,1
146,1,BIG5_SF_17,3
146,1,BIG5_SF_18,1
146,1,BIG5_SF_19,0
146,1,BIG5_SF_20,1
146,1,BIG5_SF_21,3
146,1,BIG5_SF_22,4
146,1,BIG5_SF_23,3
146,1,BIG5_SF_24,3
146,1,BIG5_SF_25,0
146,1,BIG5_SF_26,2
146,1,BIG5_SF_27,3
146,1,BIG5_SF_28,1
146,1,BIG5_SF_29,0
146,1,I_8_0,1
146,1,I_8_1,1
146,1,I_8_2,2
146,1,I_8_3,2
146,1,I_8_4,4
146,1,I_8_5,3
146,1,I_8_6,1
146,1,I_8_7,1
146,1,PID5_BF_0,0
146,1,PID5_BF_1,0
146,1,PID5_BF_2,0
146,1,PID5_BF_3,0
146,1,PID5_BF_4,0
146,1,PID5_BF_5,0
146,1,PID5_BF_6,1
146,1,PID5_BF_7,0
146,1,PID5_BF_8,0
146,1,PID5_BF_9,0
146,1,PID5_BF_10,0
146,1,PID5_BF_11,0
146,1,PID5_BF_12,1
146,1,PID5_BF_13,1
146,1,PID5_BF_14,2
146,1,PID5_BF_15,2
146,1,PID5_BF_16,2
146,1,PID5_BF_17,1
146,1,PID5_BF_18,0
146,1,PID5_BF_19,0
146,1,PID5_BF_20,2
146,1,PID5_BF_21,1
146,1,PID5_BF_22,0
146,1,PID5_BF_23,0
146,1,PID5_BF_24,0
146,1,rt,42.52108333333333
146,1,attention_2,0
146,1,idx,142
146,1,rwn,1
147,1,Sex_0,1
147,1,age,24
147,1,edu,16
147,1,income_0,0
147,1,motivation_1,100
147,1,diagnosis_2,1
147,1,meds_3,1
147,1,BIG5_SF_0,4
147,1,BIG5_SF_1,4
147,1,BIG5_SF_2,0
147,1,BIG5_SF_3,4
147,1,BIG5_SF_4,4
147,1,BIG5_SF_5,4
147,1,BIG5_SF_6,0
147,1,BIG5_SF_7,1
147,1,BIG5_SF_8,3
147,1,BIG5_SF_9,0
147,1,BIG5_SF_10,4
147,1,BIG5_SF_11,4
147,1,BIG5_SF_12,4
147,1,BIG5_SF_13,3
147,1,BIG5_SF_14,4
147,1,BIG5_SF_15,4
147,1,BIG5_SF_16,0
147,1,BIG5_SF_17,4
147,1,BIG5_SF_18,4
147,1,BIG5_SF_19,4
147,1,BIG5_SF_20,3
147,1,BIG5_SF_21,4
147,1,BIG5_SF_22,4
147,1,BIG5_SF_23,4
147,1,BIG5_SF_24,4
147,1,BIG5_SF_25,0
147,1,BIG5_SF_26,3
147,1,BIG5_SF_27,0
147,1,BIG5_SF_28,3
147,1,BIG5_SF_29,1
147,1,I_8_0,0
147,1,I_8_1,1
147,1,I_8_2,4
147,1,I_8_3,4
147,1,I_8_4,4
147,1,I_8_5,4
147,1,I_8_6,4
147,1,I_8_7,4
147,1,PID5_BF_0,0
147,1,PID5_BF_1,0
147,1,PID5_BF_2,1
147,1,PID5_BF_3,0
147,1,PID5_BF_4,0
147,1,PID5_BF_5,0
147,1,PID5_BF_6,1
147,1,PID5_BF_7,1
147,1,PID5_BF_8,3
147,1,PID5_BF_9,3
147,1,PID5_BF_10,0
147,1,PID5_BF_11,0
147,1,PID5_BF_12,3
147,1,PID5_BF_13,0
147,1,PID5_BF_14,3
147,1,PID5_BF_15,0
147,1,PID5_BF_16,0
147,1,PID5_BF_17,3
147,1,PID5_BF_18,2
147,1,PID5_BF_19,3
147,1,PID5_BF_20,1
147,1,PID5_BF_21,0
147,1,PID5_BF_22,2
147,1,PID5_BF_23,2
147,1,PID5_BF_24,0
147,1,rt,9.2875
147,1,attention_2,0
147,1,idx,143
147,1,rwn,1
149,1,Sex_0,1
149,1,age,50
149,1,edu,20
149,1,income_0,8
149,1,motivation_1,87
149,1,diagnosis_2,1
149,1,meds_3,1
149,1,BIG5_SF_0,0
149,1,BIG5_SF_1,2
149,1,BIG5_SF_2,1
149,1,BIG5_SF_3,2
149,1,BIG5_SF_4,4
149,1,BIG5_SF_5,3
149,1,BIG5_SF_6,1
149,1,BIG5_SF_7,0
149,1,BIG5_SF_8,0
149,1,BIG5_SF_9,0
149,1,BIG5_SF_10,4
149,1,BIG5_SF_11,2
149,1,BIG5_SF_12,4
149,1,BIG5_SF_13,3
149,1,BIG5_SF_14,4
149,1,BIG5_SF_15,4
149,1,BIG5_SF_16,1
149,1,BIG5_SF_17,3
149,1,BIG5_SF_18,4
149,1,BIG5_SF_19,1
149,1,BIG5_SF_20,0
149,1,BIG5_SF_21,4
149,1,BIG5_SF_22,4
149,1,BIG5_SF_23,3
149,1,BIG5_SF_24,4
149,1,BIG5_SF_25,0
149,1,BIG5_SF_26,0
149,1,BIG5_SF_27,2
149,1,BIG5_SF_28,2
149,1,BIG5_SF_29,0
149,1,I_8_0,1
149,1,I_8_1,1
149,1,I_8_2,4
149,1,I_8_3,4
149,1,I_8_4,0
149,1,I_8_5,3
149,1,I_8_6,4
149,1,I_8_7,4
149,1,PID5_BF_0,0
149,1,PID5_BF_1,1
149,1,PID5_BF_2,0
149,1,PID5_BF_3,0
149,1,PID5_BF_4,1
149,1,PID5_BF_5,0
149,1,PID5_BF_6,0
149,1,PID5_BF_7,0
149,1,PID5_BF_8,2
149,1,PID5_BF_9,0
149,1,PID5_BF_10,0
149,1,PID5_BF_11,0
149,1,PID5_BF_12,2
149,1,PID5_BF_13,0
149,1,PID5_BF_14,2
149,1,PID5_BF_15,0
149,1,PID5_BF_16,0
149,1,PID5_BF_17,0
149,1,PID5_BF_18,3
149,1,PID5_BF_19,0
149,1,PID5_BF_20,1
149,1,PID5_BF_21,0
149,1,PID5_BF_22,0
149,1,PID5_BF_23,0
149,1,PID5_BF_24,0
149,1,rt,18.4938
149,1,attention_2,0
149,1,idx,144
149,1,rwn,1
150,1,Sex_0,0
150,1,age,25
150,1,edu,17
150,1,income_0,1
150,1,motivation_1,68
150,1,diagnosis_2,1
150,1,meds_3,1
150,1,BIG5_SF_0,3
150,1,BIG5_SF_1,4
150,1,BIG5_SF_2,1
150,1,BIG5_SF_3,4
150,1,BIG5_SF_4,4
150,1,BIG5_SF_5,3
150,1,BIG5_SF_6,1
150,1,BIG5_SF_7,1
150,1,BIG5_SF_8,3
150,1,BIG5_SF_9,4
150,1,BIG5_SF_10,3
150,1,BIG5_SF_11,1
150,1,BIG5_SF_12,4
150,1,BIG5_SF_13,1
150,1,BIG5_SF_14,4
150,1,BIG5_SF_15,3
150,1,BIG5_SF_16,4
150,1,BIG5_SF_17,4
150,1,BIG5_SF_18,1
150,1,BIG5_SF_19,1
150,1,BIG5_SF_20,1
150,1,BIG5_SF_21,4
150,1,BIG5_SF_22,4
150,1,BIG5_SF_23,3
150,1,BIG5_SF_24,4
150,1,BIG5_SF_25,0
150,1,BIG5_SF_26,0
150,1,BIG5_SF_27,1
150,1,BIG5_SF_28,3
150,1,BIG5_SF_29,1
150,1,I_8_0,1
150,1,I_8_1,1
150,1,I_8_2,3
150,1,I_8_3,4
150,1,I_8_4,3
150,1,I_8_5,3
150,1,I_8_6,3
150,1,I_8_7,1
150,1,PID5_BF_0,0
150,1,PID5_BF_1,1
150,1,PID5_BF_2,0
150,1,PID5_BF_3,2
150,1,PID5_BF_4,0
150,1,PID5_BF_5,1
150,1,PID5_BF_6,2
150,1,PID5_BF_7,2
150,1,PID5_BF_8,3
150,1,PID5_BF_9,3
150,1,PID5_BF_10,3
150,1,PID5_BF_11,2
150,1,PID5_BF_12,3
150,1,PID5_BF_13,0
150,1,PID5_BF_14,2
150,1,PID5_BF_15,1
150,1,PID5_BF_16,0
150,1,PID5_BF_17,1
150,1,PID5_BF_18,2
150,1,PID5_BF_19,1
150,1,PID5_BF_20,3
150,1,PID5_BF_21,0
150,1,PID5_BF_22,1
150,1,PID5_BF_23,1
150,1,PID5_BF_24,0
150,1,rt,10.532066666666667
150,1,attention_2,0
150,1,idx,145
150,1,rwn,1
151,1,Sex_0,0
151,1,age,24
151,1,edu,16
151,1,income_0,1
151,1,motivation_1,100
151,1,diagnosis_2,1
151,1,meds_3,1
151,1,BIG5_SF_0,3
151,1,BIG5_SF_1,4
151,1,BIG5_SF_2,0
151,1,BIG5_SF_3,2
151,1,BIG5_SF_4,3
151,1,BIG5_SF_5,4
151,1,BIG5_SF_6,0
151,1,BIG5_SF_7,0
151,1,BIG5_SF_8,1
151,1,BIG5_SF_9,2
151,1,BIG5_SF_10,4
151,1,BIG5_SF_11,4
151,1,BIG5_SF_12,4
151,1,BIG5_SF_13,3
151,1,BIG5_SF_14,4
151,1,BIG5_SF_15,4
151,1,BIG5_SF_16,0
151,1,BIG5_SF_17,4
151,1,BIG5_SF_18,4
151,1,BIG5_SF_19,1
151,1,BIG5_SF_20,1
151,1,BIG5_SF_21,4
151,1,BIG5_SF_22,4
151,1,BIG5_SF_23,4
151,1,BIG5_SF_24,4
151,1,BIG5_SF_25,0
151,1,BIG5_SF_26,0
151,1,BIG5_SF_27,0
151,1,BIG5_SF_28,3
151,1,BIG5_SF_29,0
151,1,I_8_0,0
151,1,I_8_1,0
151,1,I_8_2,4
151,1,I_8_3,4
151,1,I_8_4,4
151,1,I_8_5,4
151,1,I_8_6,3
151,1,I_8_7,4
151,1,PID5_BF_0,0
151,1,PID5_BF_1,0
151,1,PID5_BF_2,0
151,1,PID5_BF_3,0
151,1,PID5_BF_4,0
151,1,PID5_BF_5,0
151,1,PID5_BF_6,0
151,1,PID5_BF_7,0
151,1,PID5_BF_8,1
151,1,PID5_BF_9,3
151,1,PID5_BF_10,3
151,1,PID5_BF_11,0
151,1,PID5_BF_12,0
151,1,PID5_BF_13,0
151,1,PID5_BF_14,0
151,1,PID5_BF_15,0
151,1,PID5_BF_16,0
151,1,PID5_BF_17,0
151,1,PID5_BF_18,1
151,1,PID5_BF_19,0
151,1,PID5_BF_20,0
151,1,PID5_BF_21,0
151,1,PID5_BF_22,0
151,1,PID5_BF_23,0
151,1,PID5_BF_24,0
151,1,rt,16.807916666666667
151,1,attention_2,0
151,1,idx,146
151,1,rwn,1
152,1,Sex_0,0
152,1,age,22
152,1,edu,15
152,1,income_0,2
152,1,motivation_1,100
152,1,diagnosis_2,1
152,1,meds_3,1
152,1,BIG5_SF_0,4
152,1,BIG5_SF_1,4
152,1,BIG5_SF_2,0
152,1,BIG5_SF_3,2
152,1,BIG5_SF_4,4
152,1,BIG5_SF_5,0
152,1,BIG5_SF_6,0
152,1,BIG5_SF_7,0
152,1,BIG5_SF_8,0
152,1,BIG5_SF_9,0
152,1,BIG5_SF_10,4
152,1,BIG5_SF_11,4
152,1,BIG5_SF_12,4
152,1,BIG5_SF_13,3
152,1,BIG5_SF_14,4
152,1,BIG5_SF_15,4
152,1,BIG5_SF_16,0
152,1,BIG5_SF_17,4
152,1,BIG5_SF_18,3
152,1,BIG5_SF_19,0
152,1,BIG5_SF_20,2
152,1,BIG5_SF_21,4
152,1,BIG5_SF_22,4
152,1,BIG5_SF_23,4
152,1,BIG5_SF_24,4
152,1,BIG5_SF_25,0
152,1,BIG5_SF_26,0
152,1,BIG5_SF_27,0
152,1,BIG5_SF_28,1
152,1,BIG5_SF_29,0
152,1,I_8_0,1
152,1,I_8_1,0
152,1,I_8_2,4
152,1,I_8_3,4
152,1,I_8_4,4
152,1,I_8_5,4
152,1,I_8_6,4
152,1,I_8_7,4
152,1,PID5_BF_0,0
152,1,PID5_BF_1,0
152,1,PID5_BF_2,0
152,1,PID5_BF_3,0
152,1,PID5_BF_4,0
152,1,PID5_BF_5,0
152,1,PID5_BF_6,0
152,1,PID5_BF_7,1
152,1,PID5_BF_8,1
152,1,PID5_BF_9,0
152,1,PID5_BF_10,0
152,1,PID5_BF_11,0
152,1,PID5_BF_12,3
152,1,PID5_BF_13,0
152,1,PID5_BF_14,0
152,1,PID5_BF_15,1
152,1,PID5_BF_16,0
152,1,PID5_BF_17,0
152,1,PID5_BF_18,0
152,1,PID5_BF_19,1
152,1,PID5_BF_20,1
152,1,PID5_BF_21,0
152,1,PID5_BF_22,2
152,1,PID5_BF_23,0
152,1,PID5_BF_24,1
152,1,rt,12.270416666666666
152,1,attention_2,0
152,1,idx,147
152,1,rwn,1
153,1,Sex_0,1
153,1,age,41
153,1,edu,16
153,1,income_0,5
153,1,motivation_1,100
153,1,diagnosis_2,1
153,1,meds_3,1
153,1,BIG5_SF_0,1
153,1,BIG5_SF_1,4
153,1,BIG5_SF_2,4
153,1,BIG5_SF_3,1
153,1,BIG5_SF_4,4
153,1,BIG5_SF_5,1
153,1,BIG5_SF_6,0
153,1,BIG5_SF_7,3
153,1,BIG5_SF_8,1
153,1,BIG5_SF_9,1
153,1,BIG5_SF_10,4
153,1,BIG5_SF_11,4
153,1,BIG5_SF_12,4
153,1,BIG5_SF_13,3
153,1,BIG5_SF_14,3
153,1,BIG5_SF_15,4
153,1,BIG5_SF_16,0
153,1,BIG5_SF_17,0
153,1,BIG5_SF_18,4
153,1,BIG5_SF_19,0
153,1,BIG5_SF_20,4
153,1,BIG5_SF_21,4
153,1,BIG5_SF_22,4
153,1,BIG5_SF_23,3
153,1,BIG5_SF_24,1
153,1,BIG5_SF_25,0
153,1,BIG5_SF_26,1
153,1,BIG5_SF_27,3
153,1,BIG5_SF_28,1
153,1,BIG5_SF_29,0
153,1,I_8_0,3
153,1,I_8_1,3
153,1,I_8_2,2
153,1,I_8_3,1
153,1,I_8_4,2
153,1,I_8_5,2
153,1,I_8_6,3
153,1,I_8_7,3
153,1,PID5_BF_0,2
153,1,PID5_BF_1,3
153,1,PID5_BF_2,2
153,1,PID5_BF_3,1
153,1,PID5_BF_4,1
153,1,PID5_BF_5,3
153,1,PID5_BF_6,3
153,1,PID5_BF_7,0
153,1,PID5_BF_8,0
153,1,PID5_BF_9,3
153,1,PID5_BF_10,1
153,1,PID5_BF_11,0
153,1,PID5_BF_12,3
153,1,PID5_BF_13,1
153,1,PID5_BF_14,0
153,1,PID5_BF_15,2
153,1,PID5_BF_16,0
153,1,PID5_BF_17,0
153,1,PID5_BF_18,0
153,1,PID5_BF_19,0
153,1,PID5_BF_20,2
153,1,PID5_BF_21,0
153,1,PID5_BF_22,3
153,1,PID5_BF_23,2
153,1,PID5_BF_24,1
153,1,rt,7.5869
153,1,attention_2,0
153,1,idx,148
153,1,rwn,1
154,1,Sex_0,0
154,1,age,30
154,1,edu,16
154,1,income_0,4
154,1,motivation_1,94
154,1,diagnosis_2,1
154,1,meds_3,1
154,1,BIG5_SF_0,3
154,1,BIG5_SF_1,3
154,1,BIG5_SF_2,1
154,1,BIG5_SF_3,0
154,1,BIG5_SF_4,3
154,1,BIG5_SF_5,4
154,1,BIG5_SF_6,3
154,1,BIG5_SF_7,1
154,1,BIG5_SF_8,0
154,1,BIG5_SF_9,4
154,1,BIG5_SF_10,4
154,1,BIG5_SF_11,3
154,1,BIG5_SF_12,4
154,1,BIG5_SF_13,4
154,1,BIG5_SF_14,4
154,1,BIG5_SF_15,4
154,1,BIG5_SF_16,3
154,1,BIG5_SF_17,4
154,1,BIG5_SF_18,4
154,1,BIG5_SF_19,1
154,1,BIG5_SF_20,0
154,1,BIG5_SF_21,4
154,1,BIG5_SF_22,4
154,1,BIG5_SF_23,4
154,1,BIG5_SF_24,4
154,1,BIG5_SF_25,1
154,1,BIG5_SF_26,2
154,1,BIG5_SF_27,3
154,1,BIG5_SF_28,0
154,1,BIG5_SF_29,0
154,1,I_8_0,2
154,1,I_8_1,2
154,1,I_8_2,4
154,1,I_8_3,3
154,1,I_8_4,4
154,1,I_8_5,3
154,1,I_8_6,4
154,1,I_8_7,4
154,1,PID5_BF_0,1
154,1,PID5_BF_1,1
154,1,PID5_BF_2,1
154,1,PID5_BF_3,0
154,1,PID5_BF_4,0
154,1,PID5_BF_5,0
154,1,PID5_BF_6,1
154,1,PID5_BF_7,0
154,1,PID5_BF_8,0
154,1,PID5_BF_9,0
154,1,PID5_BF_10,2
154,1,PID5_BF_11,0
154,1,PID5_BF_12,0
154,1,PID5_BF_13,2
154,1,PID5_BF_14,0
154,1,PID5_BF_15,1
154,1,PID5_BF_16,1
154,1,PID5_BF_17,2
154,1,PID5_BF_18,0
154,1,PID5_BF_19,1
154,1,PID5_BF_20,2
154,1,PID5_BF_21,0
154,1,PID5_BF_22,0
154,1,PID5_BF_23,0
154,1,PID5_BF_24,0
154,1,rt,7.6175
154,1,attention_2,0
154,1,idx,149
154,1,rwn,1
155,1,Sex_0,0
155,1,age,24
155,1,edu,20
155,1,income_0,3
155,1,motivation_1,100
155,1,diagnosis_2,1
155,1,meds_3,1
155,1,BIG5_SF_0,4
155,1,BIG5_SF_1,4
155,1,BIG5_SF_2,0
155,1,BIG5_SF_3,4
155,1,BIG5_SF_4,3
155,1,BIG5_SF_5,1
155,1,BIG5_SF_6,0
155,1,BIG5_SF_7,0
155,1,BIG5_SF_8,4
155,1,BIG5_SF_9,4
155,1,BIG5_SF_10,4
155,1,BIG5_SF_11,4
155,1,BIG5_SF_12,4
155,1,BIG5_SF_13,2
155,1,BIG5_SF_14,4
155,1,BIG5_SF_15,4
155,1,BIG5_SF_16,0
155,1,BIG5_SF_17,4
155,1,BIG5_SF_18,4
155,1,BIG5_SF_19,3
155,1,BIG5_SF_20,4
155,1,BIG5_SF_21,4
155,1,BIG5_SF_22,4
155,1,BIG5_SF_23,4
155,1,BIG5_SF_24,4
155,1,BIG5_SF_25,4
155,1,BIG5_SF_26,0
155,1,BIG5_SF_27,0
155,1,BIG5_SF_28,0
155,1,BIG5_SF_29,1
155,1,I_8_0,0
155,1,I_8_1,4
155,1,I_8_2,4
155,1,I_8_3,4
155,1,I_8_4,4
155,1,I_8_5,4
155,1,I_8_6,4
155,1,I_8_7,4
155,1,PID5_BF_0,0
155,1,PID5_BF_1,2
155,1,PID5_BF_2,3
155,1,PID5_BF_3,0
155,1,PID5_BF_4,0
155,1,PID5_BF_5,3
155,1,PID5_BF_6,0
155,1,PID5_BF_7,2
155,1,PID5_BF_8,3
155,1,PID5_BF_9,2
155,1,PID5_BF_10,0
155,1,PID5_BF_11,0
155,1,PID5_BF_12,2
155,1,PID5_BF_13,0
155,1,PID5_BF_14,0
155,1,PID5_BF_15,0
155,1,PID5_BF_16,3
155,1,PID5_BF_17,1
155,1,PID5_BF_18,0
155,1,PID5_BF_19,0
155,1,PID5_BF_20,3
155,1,PID5_BF_21,0
155,1,PID5_BF_22,0
155,1,PID5_BF_23,0
155,1,PID5_BF_24,0
155,1,rt,7.307133333333334
155,1,attention_2,0
155,1,idx,150
155,1,rwn,1
156,1,Sex_0,1
156,1,age,26
156,1,edu,16
156,1,income_0,2
156,1,motivation_1,100
156,1,diagnosis_2,1
156,1,meds_3,1
156,1,BIG5_SF_0,4
156,1,BIG5_SF_1,4
156,1,BIG5_SF_2,0
156,1,BIG5_SF_3,3
156,1,BIG5_SF_4,3
156,1,BIG5_SF_5,3
156,1,BIG5_SF_6,0
156,1,BIG5_SF_7,0
156,1,BIG5_SF_8,1
156,1,BIG5_SF_9,1
156,1,BIG5_SF_10,4
156,1,BIG5_SF_11,3
156,1,BIG5_SF_12,3
156,1,BIG5_SF_13,4
156,1,BIG5_SF_14,3
156,1,BIG5_SF_15,3
156,1,BIG5_SF_16,0
156,1,BIG5_SF_17,3
156,1,BIG5_SF_18,4
156,1,BIG5_SF_19,0
156,1,BIG5_SF_20,1
156,1,BIG5_SF_21,4
156,1,BIG5_SF_22,4
156,1,BIG5_SF_23,4
156,1,BIG5_SF_24,4
156,1,BIG5_SF_25,3
156,1,BIG5_SF_26,3
156,1,BIG5_SF_27,0
156,1,BIG5_SF_28,1
156,1,BIG5_SF_29,0
156,1,I_8_0,0
156,1,I_8_1,0
156,1,I_8_2,4
156,1,I_8_3,3
156,1,I_8_4,4
156,1,I_8_5,4
156,1,I_8_6,3
156,1,I_8_7,4
156,1,PID5_BF_0,0
156,1,PID5_BF_1,1
156,1,PID5_BF_2,0
156,1,PID5_BF_3,1
156,1,PID5_BF_4,0
156,1,PID5_BF_5,0
156,1,PID5_BF_6,1
156,1,PID5_BF_7,1
156,1,PID5_BF_8,1
156,1,PID5_BF_9,0
156,1,PID5_BF_10,0
156,1,PID5_BF_11,0
156,1,PID5_BF_12,1
156,1,PID5_BF_13,0
156,1,PID5_BF_14,1
156,1,PID5_BF_15,1
156,1,PID5_BF_16,0
156,1,PID5_BF_17,0
156,1,PID5_BF_18,0
156,1,PID5_BF_19,0
156,1,PID5_BF_20,1
156,1,PID5_BF_21,2
156,1,PID5_BF_22,0
156,1,PID5_BF_23,0
156,1,PID5_BF_24,0
156,1,rt,12.319566666666669
156,1,attention_2,0
156,1,idx,151
156,1,rwn,1
157,1,Sex_0,1
157,1,age,44
157,1,edu,16
157,1,income_0,6
157,1,motivation_1,100
157,1,diagnosis_2,1
157,1,meds_3,1
157,1,BIG5_SF_0,3
157,1,BIG5_SF_1,4
157,1,BIG5_SF_2,0
157,1,BIG5_SF_3,1
157,1,BIG5_SF_4,4
157,1,BIG5_SF_5,3
157,1,BIG5_SF_6,0
157,1,BIG5_SF_7,0
157,1,BIG5_SF_8,0
157,1,BIG5_SF_9,0
157,1,BIG5_SF_10,4
157,1,BIG5_SF_11,3
157,1,BIG5_SF_12,4
157,1,BIG5_SF_13,4
157,1,BIG5_SF_14,4
157,1,BIG5_SF_15,4
157,1,BIG5_SF_16,0
157,1,BIG5_SF_17,3
157,1,BIG5_SF_18,4
157,1,BIG5_SF_19,4
157,1,BIG5_SF_20,4
157,1,BIG5_SF_21,4
157,1,BIG5_SF_22,4
157,1,BIG5_SF_23,4
157,1,BIG5_SF_24,4
157,1,BIG5_SF_25,0
157,1,BIG5_SF_26,1
157,1,BIG5_SF_27,0
157,1,BIG5_SF_28,0
157,1,BIG5_SF_29,0
157,1,I_8_0,0
157,1,I_8_1,0
157,1,I_8_2,4
157,1,I_8_3,4
157,1,I_8_4,4
157,1,I_8_5,4
157,1,I_8_6,3
157,1,I_8_7,4
157,1,PID5_BF_0,0
157,1,PID5_BF_1,0
157,1,PID5_BF_2,0
157,1,PID5_BF_3,0
157,1,PID5_BF_4,0
157,1,PID5_BF_5,0
157,1,PID5_BF_6,0
157,1,PID5_BF_7,0
157,1,PID5_BF_8,1
157,1,PID5_BF_9,0
157,1,PID5_BF_10,0
157,1,PID5_BF_11,0
157,1,PID5_BF_12,0
157,1,PID5_BF_13,0
157,1,PID5_BF_14,0
157,1,PID5_BF_15,0
157,1,PID5_BF_16,0
157,1,PID5_BF_17,0
157,1,PID5_BF_18,1
157,1,PID5_BF_19,1
157,1,PID5_BF_20,0
157,1,PID5_BF_21,1
157,1,PID5_BF_22,2
157,1,PID5_BF_23,1
157,1,PID5_BF_24,1
157,1,rt,8.274983333333333
157,1,attention_2,0
157,1,idx,152
157,1,rwn,1
158,1,Sex_0,1
158,1,age,37
158,1,edu,15
158,1,income_0,2
158,1,motivation_1,100
158,1,diagnosis_2,1
158,1,meds_3,1
158,1,BIG5_SF_0,2
158,1,BIG5_SF_1,4
158,1,BIG5_SF_2,2
158,1,BIG5_SF_3,3
158,1,BIG5_SF_4,4
158,1,BIG5_SF_5,3
158,1,BIG5_SF_6,0
158,1,BIG5_SF_7,0
158,1,BIG5_SF_8,0
158,1,BIG5_SF_9,1
158,1,BIG5_SF_10,3
158,1,BIG5_SF_11,4
158,1,BIG5_SF_12,4
158,1,BIG5_SF_13,4
158,1,BIG5_SF_14,3
158,1,BIG5_SF_15,3
158,1,BIG5_SF_16,0
158,1,BIG5_SF_17,3
158,1,BIG5_SF_18,3
158,1,BIG5_SF_19,2
158,1,BIG5_SF_20,2
158,1,BIG5_SF_21,4
158,1,BIG5_SF_22,4
158,1,BIG5_SF_23,3
158,1,BIG5_SF_24,2
158,1,BIG5_SF_25,0
158,1,BIG5_SF_26,0
158,1,BIG5_SF_27,0
158,1,BIG5_SF_28,0
158,1,BIG5_SF_29,0
158,1,I_8_0,1
158,1,I_8_1,1
158,1,I_8_2,3
158,1,I_8_3,3
158,1,I_8_4,3
158,1,I_8_5,3
158,1,I_8_6,2
158,1,I_8_7,2
158,1,PID5_BF_0,0
158,1,PID5_BF_1,1
158,1,PID5_BF_2,1
158,1,PID5_BF_3,0
158,1,PID5_BF_4,0
158,1,PID5_BF_5,0
158,1,PID5_BF_6,0
158,1,PID5_BF_7,0
158,1,PID5_BF_8,0
158,1,PID5_BF_9,0
158,1,PID5_BF_10,0
158,1,PID5_BF_11,0
158,1,PID5_BF_12,0
158,1,PID5_BF_13,0
158,1,PID5_BF_14,0
158,1,PID5_BF_15,0
158,1,PID5_BF_16,0
158,1,PID5_BF_17,0
158,1,PID5_BF_18,0
158,1,PID5_BF_19,2
158,1,PID5_BF_20,0
158,1,PID5_BF_21,0
158,1,PID5_BF_22,0
158,1,PID5_BF_23,0
158,1,PID5_BF_24,0
158,1,rt,15.689916666666669
158,1,attention_2,0
158,1,idx,153
158,1,rwn,1
159,1,Sex_0,0
159,1,age,25
159,1,edu,20
159,1,income_0,3
159,1,motivation_1,93
159,1,diagnosis_2,1
159,1,meds_3,1
159,1,BIG5_SF_0,3
159,1,BIG5_SF_1,3
159,1,BIG5_SF_2,3
159,1,BIG5_SF_3,3
159,1,BIG5_SF_4,2
159,1,BIG5_SF_5,2
159,1,BIG5_SF_6,3
159,1,BIG5_SF_7,4
159,1,BIG5_SF_8,2
159,1,BIG5_SF_9,2
159,1,BIG5_SF_10,2
159,1,BIG5_SF_11,1
159,1,BIG5_SF_12,1
159,1,BIG5_SF_13,3
159,1,BIG5_SF_14,3
159,1,BIG5_SF_15,2
159,1,BIG5_SF_16,1
159,1,BIG5_SF_17,3
159,1,BIG5_SF_18,1
159,1,BIG5_SF_19,1
159,1,BIG5_SF_20,3
159,1,BIG5_SF_21,3
159,1,BIG5_SF_22,2
159,1,BIG5_SF_23,4
159,1,BIG5_SF_24,4
159,1,BIG5_SF_25,3
159,1,BIG5_SF_26,2
159,1,BIG5_SF_27,3
159,1,BIG5_SF_28,1
159,1,BIG5_SF_29,0
159,1,I_8_0,2
159,1,I_8_1,2
159,1,I_8_2,3
159,1,I_8_3,3
159,1,I_8_4,3
159,1,I_8_5,2
159,1,I_8_6,3
159,1,I_8_7,3
159,1,PID5_BF_0,1
159,1,PID5_BF_1,1
159,1,PID5_BF_2,1
159,1,PID5_BF_3,2
159,1,PID5_BF_4,1
159,1,PID5_BF_5,0
159,1,PID5_BF_6,1
159,1,PID5_BF_7,1
159,1,PID5_BF_8,1
159,1,PID5_BF_9,1
159,1,PID5_BF_10,1
159,1,PID5_BF_11,2
159,1,PID5_BF_12,1
159,1,PID5_BF_13,1
159,1,PID5_BF_14,1
159,1,PID5_BF_15,1
159,1,PID5_BF_16,1
159,1,PID5_BF_17,1
159,1,PID5_BF_18,2
159,1,PID5_BF_19,1
159,1,PID5_BF_20,1
159,1,PID5_BF_21,1
159,1,PID5_BF_22,0
159,1,PID5_BF_23,1
159,1,PID5_BF_24,1
159,1,rt,7.33655
159,1,attention_2,0
159,1,idx,156
159,1,rwn,1
160,1,Sex_0,1
160,1,age,24
160,1,edu,14
160,1,income_0,0
160,1,motivation_1,100
160,1,diagnosis_2,0
160,1,meds_3,0
160,1,BIG5_SF_0,0
160,1,BIG5_SF_1,4
160,1,BIG5_SF_2,0
160,1,BIG5_SF_3,0
160,1,BIG5_SF_4,4
160,1,BIG5_SF_5,4
160,1,BIG5_SF_6,0
160,1,BIG5_SF_7,0
160,1,BIG5_SF_8,0
160,1,BIG5_SF_9,0
160,1,BIG5_SF_10,4
160,1,BIG5_SF_11,4
160,1,BIG5_SF_12,4
160,1,BIG5_SF_13,4
160,1,BIG5_SF_14,4
160,1,BIG5_SF_15,4
160,1,BIG5_SF_16,0
160,1,BIG5_SF_17,4
160,1,BIG5_SF_18,4
160,1,BIG5_SF_19,4
160,1,BIG5_SF_20,0
160,1,BIG5_SF_21,4
160,1,BIG5_SF_22,4
160,1,BIG5_SF_23,4
160,1,BIG5_SF_24,4
160,1,BIG5_SF_25,0
160,1,BIG5_SF_26,0
160,1,BIG5_SF_27,0
160,1,BIG5_SF_28,0
160,1,BIG5_SF_29,0
160,1,I_8_0,0
160,1,I_8_1,4
160,1,I_8_2,4
160,1,I_8_3,4
160,1,I_8_4,4
160,1,I_8_5,4
160,1,I_8_6,4
160,1,I_8_7,4
160,1,PID5_BF_0,0
160,1,PID5_BF_1,0
160,1,PID5_BF_2,0
160,1,PID5_BF_3,0
160,1,PID5_BF_4,0
160,1,PID5_BF_5,0
160,1,PID5_BF_6,3
160,1,PID5_BF_7,0
160,1,PID5_BF_8,0
160,1,PID5_BF_9,3
160,1,PID5_BF_10,0
160,1,PID5_BF_11,0
160,1,PID5_BF_12,3
160,1,PID5_BF_13,0
160,1,PID5_BF_14,0
160,1,PID5_BF_15,0
160,1,PID5_BF_16,0
160,1,PID5_BF_17,0
160,1,PID5_BF_18,0
160,1,PID5_BF_19,0
160,1,PID5_BF_20,3
160,1,PID5_BF_21,0
160,1,PID5_BF_22,0
160,1,PID5_BF_23,0
160,1,PID5_BF_24,0
160,1,rt,6.0205166666666665
160,1,attention_2,0
160,1,idx,157
160,1,rwn,1
161,1,Sex_0,1
161,1,age,26
161,1,edu,16
161,1,income_0,4
161,1,motivation_1,100
161,1,diagnosis_2,0
161,1,meds_3,1
161,1,BIG5_SF_0,1
161,1,BIG5_SF_1,4
161,1,BIG5_SF_2,1
161,1,BIG5_SF_3,4
161,1,BIG5_SF_4,4
161,1,BIG5_SF_5,3
161,1,BIG5_SF_6,0
161,1,BIG5_SF_7,0
161,1,BIG5_SF_8,4
161,1,BIG5_SF_9,1
161,1,BIG5_SF_10,3
161,1,BIG5_SF_11,4
161,1,BIG5_SF_12,4
161,1,BIG5_SF_13,4
161,1,BIG5_SF_14,4
161,1,BIG5_SF_15,4
161,1,BIG5_SF_16,0
161,1,BIG5_SF_17,4
161,1,BIG5_SF_18,1
161,1,BIG5_SF_19,0
161,1,BIG5_SF_20,1
161,1,BIG5_SF_21,4
161,1,BIG5_SF_22,4
161,1,BIG5_SF_23,4
161,1,BIG5_SF_24,4
161,1,BIG5_SF_25,0
161,1,BIG5_SF_26,0
161,1,BIG5_SF_27,1
161,1,BIG5_SF_28,4
161,1,BIG5_SF_29,0
161,1,I_8_0,1
161,1,I_8_1,1
161,1,I_8_2,3
161,1,I_8_3,3
161,1,I_8_4,3
161,1,I_8_5,3
161,1,I_8_6,2
161,1,I_8_7,2
161,1,PID5_BF_0,0
161,1,PID5_BF_1,0
161,1,PID5_BF_2,0
161,1,PID5_BF_3,2
161,1,PID5_BF_4,0
161,1,PID5_BF_5,0
161,1,PID5_BF_6,0
161,1,PID5_BF_7,3
161,1,PID5_BF_8,3
161,1,PID5_BF_9,3
161,1,PID5_BF_10,0
161,1,PID5_BF_11,1
161,1,PID5_BF_12,3
161,1,PID5_BF_13,0
161,1,PID5_BF_14,2
161,1,PID5_BF_15,0
161,1,PID5_BF_16,0
161,1,PID5_BF_17,0
161,1,PID5_BF_18,2
161,1,PID5_BF_19,0
161,1,PID5_BF_20,0
161,1,PID5_BF_21,0
161,1,PID5_BF_22,0
161,1,PID5_BF_23,0
161,1,PID5_BF_24,0
161,1,rt,12.4103
161,1,attention_2,0
161,1,idx,158
161,1,rwn,1
162,1,Sex_0,0
162,1,age,29
162,1,edu,25
162,1,income_0,3
162,1,motivation_1,80
162,1,diagnosis_2,1
162,1,meds_3,1
162,1,BIG5_SF_0,3
162,1,BIG5_SF_1,4
162,1,BIG5_SF_2,2
162,1,BIG5_SF_3,1
162,1,BIG5_SF_4,2
162,1,BIG5_SF_5,4
162,1,BIG5_SF_6,3
162,1,BIG5_SF_7,0
162,1,BIG5_SF_8,2
162,1,BIG5_SF_9,3
162,1,BIG5_SF_10,4
162,1,BIG5_SF_11,4
162,1,BIG5_SF_12,4
162,1,BIG5_SF_13,2
162,1,BIG5_SF_14,2
162,1,BIG5_SF_15,3
162,1,BIG5_SF_16,2
162,1,BIG5_SF_17,1
162,1,BIG5_SF_18,3
162,1,BIG5_SF_19,3
162,1,BIG5_SF_20,2
162,1,BIG5_SF_21,2
162,1,BIG5_SF_22,2
162,1,BIG5_SF_23,1
162,1,BIG5_SF_24,2
162,1,BIG5_SF_25,3
162,1,BIG5_SF_26,2
162,1,BIG5_SF_27,2
162,1,BIG5_SF_28,2
162,1,BIG5_SF_29,1
162,1,I_8_0,2
162,1,I_8_1,2
162,1,I_8_2,2
162,1,I_8_3,3
162,1,I_8_4,2
162,1,I_8_5,2
162,1,I_8_6,2
162,1,I_8_7,2
162,1,PID5_BF_0,1
162,1,PID5_BF_1,1
162,1,PID5_BF_2,1
162,1,PID5_BF_3,2
162,1,PID5_BF_4,1
162,1,PID5_BF_5,2
162,1,PID5_BF_6,2
162,1,PID5_BF_7,1
162,1,PID5_BF_8,1
162,1,PID5_BF_9,1
162,1,PID5_BF_10,1
162,1,PID5_BF_11,1
162,1,PID5_BF_12,1
162,1,PID5_BF_13,1
162,1,PID5_BF_14,1
162,1,PID5_BF_15,1
162,1,PID5_BF_16,1
162,1,PID5_BF_17,2
162,1,PID5_BF_18,1
162,1,PID5_BF_19,1
162,1,PID5_BF_20,1
162,1,PID5_BF_21,1
162,1,PID5_BF_22,1
162,1,PID5_BF_23,2
162,1,PID5_BF_24,1
162,1,rt,33.93215
162,1,attention_2,0
162,1,idx,159
162,1,rwn,1
163,1,Sex_0,1
163,1,age,36
163,1,edu,17
163,1,income_0,2
163,1,motivation_1,99
163,1,diagnosis_2,1
163,1,meds_3,1
163,1,BIG5_SF_0,0
163,1,BIG5_SF_1,3
163,1,BIG5_SF_2,0
163,1,BIG5_SF_3,0
163,1,BIG5_SF_4,4
163,1,BIG5_SF_5,4
163,1,BIG5_SF_6,3
163,1,BIG5_SF_7,0
163,1,BIG5_SF_8,0
163,1,BIG5_SF_9,1
163,1,BIG5_SF_10,1
163,1,BIG5_SF_11,0
163,1,BIG5_SF_12,4
163,1,BIG5_SF_13,4
163,1,BIG5_SF_14,3
163,1,BIG5_SF_15,4
163,1,BIG5_SF_16,0
163,1,BIG5_SF_17,4
163,1,BIG5_SF_18,4
163,1,BIG5_SF_19,1
163,1,BIG5_SF_20,0
163,1,BIG5_SF_21,4
163,1,BIG5_SF_22,4
163,1,BIG5_SF_23,4
163,1,BIG5_SF_24,1
163,1,BIG5_SF_25,0
163,1,BIG5_SF_26,1
163,1,BIG5_SF_27,0
163,1,BIG5_SF_28,0
163,1,BIG5_SF_29,0
163,1,I_8_0,0
163,1,I_8_1,2
163,1,I_8_2,3
163,1,I_8_3,4
163,1,I_8_4,2
163,1,I_8_5,4
163,1,I_8_6,3
163,1,I_8_7,4
163,1,PID5_BF_0,0
163,1,PID5_BF_1,0
163,1,PID5_BF_2,3
163,1,PID5_BF_3,0
163,1,PID5_BF_4,0
163,1,PID5_BF_5,0
163,1,PID5_BF_6,0
163,1,PID5_BF_7,0
163,1,PID5_BF_8,2
163,1,PID5_BF_9,0
163,1,PID5_BF_10,3
163,1,PID5_BF_11,0
163,1,PID5_BF_12,0
163,1,PID5_BF_13,2
163,1,PID5_BF_14,0
163,1,PID5_BF_15,1
163,1,PID5_BF_16,0
163,1,PID5_BF_17,0
163,1,PID5_BF_18,0
163,1,PID5_BF_19,1
163,1,PID5_BF_20,0
163,1,PID5_BF_21,1
163,1,PID5_BF_22,0
163,1,PID5_BF_23,0
163,1,PID5_BF_24,0
163,1,rt,10.58085
163,1,attention_2,0
163,1,idx,160
163,1,rwn,1
164,1,Sex_0,0
164,1,age,24
164,1,edu,14
164,1,income_0,4
164,1,motivation_1,98
164,1,diagnosis_2,1
164,1,meds_3,1
164,1,BIG5_SF_0,1
164,1,BIG5_SF_1,4
164,1,BIG5_SF_2,0
164,1,BIG5_SF_3,3
164,1,BIG5_SF_4,4
164,1,BIG5_SF_5,4
164,1,BIG5_SF_6,3
164,1,BIG5_SF_7,1
164,1,BIG5_SF_8,2
164,1,BIG5_SF_9,0
164,1,BIG5_SF_10,3
164,1,BIG5_SF_11,4
164,1,BIG5_SF_12,3
164,1,BIG5_SF_13,4
164,1,BIG5_SF_14,3
164,1,BIG5_SF_15,4
164,1,BIG5_SF_16,1
164,1,BIG5_SF_17,4
164,1,BIG5_SF_18,3
164,1,BIG5_SF_19,0
164,1,BIG5_SF_20,0
164,1,BIG5_SF_21,4
164,1,BIG5_SF_22,4
164,1,BIG5_SF_23,4
164,1,BIG5_SF_24,1
164,1,BIG5_SF_25,1
164,1,BIG5_SF_26,1
164,1,BIG5_SF_27,1
164,1,BIG5_SF_28,0
164,1,BIG5_SF_29,0
164,1,I_8_0,0
164,1,I_8_1,1
164,1,I_8_2,3
164,1,I_8_3,3
164,1,I_8_4,3
164,1,I_8_5,3
164,1,I_8_6,4
164,1,I_8_7,3
164,1,PID5_BF_0,0
164,1,PID5_BF_1,0
164,1,PID5_BF_2,0
164,1,PID5_BF_3,1
164,1,PID5_BF_4,0
164,1,PID5_BF_5,0
164,1,PID5_BF_6,0
164,1,PID5_BF_7,1
164,1,PID5_BF_8,0
164,1,PID5_BF_9,2
164,1,PID5_BF_10,0
164,1,PID5_BF_11,2
164,1,PID5_BF_12,1
164,1,PID5_BF_13,2
164,1,PID5_BF_14,2
164,1,PID5_BF_15,2
164,1,PID5_BF_16,0
164,1,PID5_BF_17,1
164,1,PID5_BF_18,2
164,1,PID5_BF_19,1
164,1,PID5_BF_20,2
164,1,PID5_BF_21,0
164,1,PID5_BF_22,2
164,1,PID5_BF_23,2
164,1,PID5_BF_24,0
164,1,rt,10.513466666666666
164,1,attention_2,0
164,1,idx,161
164,1,rwn,1
165,1,Sex_0,0
165,1,age,25
165,1,edu,18
165,1,income_0,5
165,1,motivation_1,100
165,1,diagnosis_2,1
165,1,meds_3,1
165,1,BIG5_SF_0,0
165,1,BIG5_SF_1,4
165,1,BIG5_SF_2,0
165,1,BIG5_SF_3,2
165,1,BIG5_SF_4,4
165,1,BIG5_SF_5,4
165,1,BIG5_SF_6,0
165,1,BIG5_SF_7,0
165,1,BIG5_SF_8,0
165,1,BIG5_SF_9,0
165,1,BIG5_SF_10,4
165,1,BIG5_SF_11,4
165,1,BIG5_SF_12,4
165,1,BIG5_SF_13,3
165,1,BIG5_SF_14,4
165,1,BIG5_SF_15,4
165,1,BIG5_SF_16,0
165,1,BIG5_SF_17,4
165,1,BIG5_SF_18,4
165,1,BIG5_SF_19,4
165,1,BIG5_SF_20,1
165,1,BIG5_SF_21,4
165,1,BIG5_SF_22,4
165,1,BIG5_SF_23,4
165,1,BIG5_SF_24,1
165,1,BIG5_SF_25,0
165,1,BIG5_SF_26,0
165,1,BIG5_SF_27,0
165,1,BIG5_SF_28,2
165,1,BIG5_SF_29,0
165,1,I_8_0,0
165,1,I_8_1,0
165,1,I_8_2,4
165,1,I_8_3,4
165,1,I_8_4,4
165,1,I_8_5,4
165,1,I_8_6,2
165,1,I_8_7,4
165,1,PID5_BF_0,0
165,1,PID5_BF_1,0
165,1,PID5_BF_2,0
165,1,PID5_BF_3,0
165,1,PID5_BF_4,0
165,1,PID5_BF_5,0
165,1,PID5_BF_6,0
165,1,PID5_BF_7,0
165,1,PID5_BF_8,1
165,1,PID5_BF_9,3
165,1,PID5_BF_10,0
165,1,PID5_BF_11,0
165,1,PID5_BF_12,1
165,1,PID5_BF_13,0
165,1,PID5_BF_14,0
165,1,PID5_BF_15,2
165,1,PID5_BF_16,0
165,1,PID5_BF_17,0
165,1,PID5_BF_18,0
165,1,PID5_BF_19,0
165,1,PID5_BF_20,0
165,1,PID5_BF_21,0
165,1,PID5_BF_22,0
165,1,PID5_BF_23,0
165,1,PID5_BF_24,0
165,1,rt,7.994266666666666
165,1,attention_2,0
165,1,idx,162
165,1,rwn,1
166,1,Sex_0,0
166,1,age,28
166,1,edu,16
166,1,income_0,2
166,1,motivation_1,100
166,1,diagnosis_2,1
166,1,meds_3,1
166,1,BIG5_SF_0,1
166,1,BIG5_SF_1,3
166,1,BIG5_SF_2,0
166,1,BIG5_SF_3,2
166,1,BIG5_SF_4,4
166,1,BIG5_SF_5,3
166,1,BIG5_SF_6,0
166,1,BIG5_SF_7,2
166,1,BIG5_SF_8,0
166,1,BIG5_SF_9,2
166,1,BIG5_SF_10,3
166,1,BIG5_SF_11,4
166,1,BIG5_SF_12,4
166,1,BIG5_SF_13,4
166,1,BIG5_SF_14,4
166,1,BIG5_SF_15,4
166,1,BIG5_SF_16,1
166,1,BIG5_SF_17,3
166,1,BIG5_SF_18,4
166,1,BIG5_SF_19,3
166,1,BIG5_SF_20,3
166,1,BIG5_SF_21,4
166,1,BIG5_SF_22,4
166,1,BIG5_SF_23,4
166,1,BIG5_SF_24,3
166,1,BIG5_SF_25,0
166,1,BIG5_SF_26,1
166,1,BIG5_SF_27,1
166,1,BIG5_SF_28,1
166,1,BIG5_SF_29,0
166,1,I_8_0,2
166,1,I_8_1,3
166,1,I_8_2,3
166,1,I_8_3,3
166,1,I_8_4,4
166,1,I_8_5,4
166,1,I_8_6,3
166,1,I_8_7,2
166,1,PID5_BF_0,0
166,1,PID5_BF_1,1
166,1,PID5_BF_2,0
166,1,PID5_BF_3,0
166,1,PID5_BF_4,0
166,1,PID5_BF_5,0
166,1,PID5_BF_6,0
166,1,PID5_BF_7,0
166,1,PID5_BF_8,0
166,1,PID5_BF_9,1
166,1,PID5_BF_10,0
166,1,PID5_BF_11,0
166,1,PID5_BF_12,0
166,1,PID5_BF_13,0
166,1,PID5_BF_14,0
166,1,PID5_BF_15,0
166,1,PID5_BF_16,0
166,1,PID5_BF_17,0
166,1,PID5_BF_18,0
166,1,PID5_BF_19,0
166,1,PID5_BF_20,0
166,1,PID5_BF_21,0
166,1,PID5_BF_22,0
166,1,PID5_BF_23,0
166,1,PID5_BF_24,0
166,1,rt,15.39545
166,1,attention_2,0
166,1,idx,163
166,1,rwn,1
167,1,Sex_0,1
167,1,age,21
167,1,edu,4
167,1,income_0,4
167,1,motivation_1,98
167,1,diagnosis_2,1
167,1,meds_3,1
167,1,BIG5_SF_0,1
167,1,BIG5_SF_1,4
167,1,BIG5_SF_2,0
167,1,BIG5_SF_3,1
167,1,BIG5_SF_4,4
167,1,BIG5_SF_5,4
167,1,BIG5_SF_6,0
167,1,BIG5_SF_7,0
167,1,BIG5_SF_8,0
167,1,BIG5_SF_9,1
167,1,BIG5_SF_10,3
167,1,BIG5_SF_11,4
167,1,BIG5_SF_12,4
167,1,BIG5_SF_13,3
167,1,BIG5_SF_14,3
167,1,BIG5_SF_15,3
167,1,BIG5_SF_16,1
167,1,BIG5_SF_17,4
167,1,BIG5_SF_18,3
167,1,BIG5_SF_19,3
167,1,BIG5_SF_20,3
167,1,BIG5_SF_21,4
167,1,BIG5_SF_22,4
167,1,BIG5_SF_23,0
167,1,BIG5_SF_24,3
167,1,BIG5_SF_25,1
167,1,BIG5_SF_26,0
167,1,BIG5_SF_27,0
167,1,BIG5_SF_28,3
167,1,BIG5_SF_29,3
167,1,I_8_0,2
167,1,I_8_1,4
167,1,I_8_2,4
167,1,I_8_3,4
167,1,I_8_4,4
167,1,I_8_5,4
167,1,I_8_6,1
167,1,I_8_7,3
167,1,PID5_BF_0,0
167,1,PID5_BF_1,0
167,1,PID5_BF_2,1
167,1,PID5_BF_3,0
167,1,PID5_BF_4,0
167,1,PID5_BF_5,0
167,1,PID5_BF_6,1
167,1,PID5_BF_7,1
167,1,PID5_BF_8,1
167,1,PID5_BF_9,1
167,1,PID5_BF_10,1
167,1,PID5_BF_11,1
167,1,PID5_BF_12,1
167,1,PID5_BF_13,1
167,1,PID5_BF_14,0
167,1,PID5_BF_15,0
167,1,PID5_BF_16,0
167,1,PID5_BF_17,0
167,1,PID5_BF_18,0
167,1,PID5_BF_19,0
167,1,PID5_BF_20,2
167,1,PID5_BF_21,0
167,1,PID5_BF_22,0
167,1,PID5_BF_23,2
167,1,PID5_BF_24,1
167,1,rt,9.168533333333333
167,1,attention_2,0
167,1,idx,164
167,1,rwn,1
168,1,Sex_0,1
168,1,age,22
168,1,edu,12
168,1,income_0,2
168,1,motivation_1,100
168,1,diagnosis_2,1
168,1,meds_3,1
168,1,BIG5_SF_0,4
168,1,BIG5_SF_1,3
168,1,BIG5_SF_2,0
168,1,BIG5_SF_3,4
168,1,BIG5_SF_4,3
168,1,BIG5_SF_5,0
168,1,BIG5_SF_6,2
168,1,BIG5_SF_7,1
168,1,BIG5_SF_8,4
168,1,BIG5_SF_9,2
168,1,BIG5_SF_10,0
168,1,BIG5_SF_11,0
168,1,BIG5_SF_12,3
168,1,BIG5_SF_13,2
168,1,BIG5_SF_14,3
168,1,BIG5_SF_15,2
168,1,BIG5_SF_16,1
168,1,BIG5_SF_17,4
168,1,BIG5_SF_18,1
168,1,BIG5_SF_19,0
168,1,BIG5_SF_20,4
168,1,BIG5_SF_21,3
168,1,BIG5_SF_22,4
168,1,BIG5_SF_23,0
168,1,BIG5_SF_24,4
168,1,BIG5_SF_25,0
168,1,BIG5_SF_26,3
168,1,BIG5_SF_27,0
168,1,BIG5_SF_28,2
168,1,BIG5_SF_29,0
168,1,I_8_0,0
168,1,I_8_1,0
168,1,I_8_2,4
168,1,I_8_3,4
168,1,I_8_4,3
168,1,I_8_5,4
168,1,I_8_6,1
168,1,I_8_7,1
168,1,PID5_BF_0,0
168,1,PID5_BF_1,0
168,1,PID5_BF_2,0
168,1,PID5_BF_3,1
168,1,PID5_BF_4,0
168,1,PID5_BF_5,0
168,1,PID5_BF_6,0
168,1,PID5_BF_7,3
168,1,PID5_BF_8,2
168,1,PID5_BF_9,2
168,1,PID5_BF_10,3
168,1,PID5_BF_11,0
168,1,PID5_BF_12,0
168,1,PID5_BF_13,0
168,1,PID5_BF_14,1
168,1,PID5_BF_15,1
168,1,PID5_BF_16,0
168,1,PID5_BF_17,1
168,1,PID5_BF_18,0
168,1,PID5_BF_19,0
168,1,PID5_BF_20,1
168,1,PID5_BF_21,0
168,1,PID5_BF_22,0
168,1,PID5_BF_23,0
168,1,PID5_BF_24,0
168,1,rt,6.0620666666666665
168,1,attention_2,0
168,1,idx,165
168,1,rwn,1
170,1,Sex_0,1
170,1,age,70
170,1,edu,20
170,1,income_0,4
170,1,motivation_1,94
170,1,diagnosis_2,1
170,1,meds_3,1
170,1,BIG5_SF_0,4
170,1,BIG5_SF_1,3
170,1,BIG5_SF_2,0
170,1,BIG5_SF_3,3
170,1,BIG5_SF_4,3
170,1,BIG5_SF_5,0
170,1,BIG5_SF_6,0
170,1,BIG5_SF_7,1
170,1,BIG5_SF_8,1
170,1,BIG5_SF_9,1
170,1,BIG5_SF_10,2
170,1,BIG5_SF_11,3
170,1,BIG5_SF_12,4
170,1,BIG5_SF_13,2
170,1,BIG5_SF_14,3
170,1,BIG5_SF_15,2
170,1,BIG5_SF_16,1
170,1,BIG5_SF_17,3
170,1,BIG5_SF_18,2
170,1,BIG5_SF_19,1
170,1,BIG5_SF_20,4
170,1,BIG5_SF_21,4
170,1,BIG5_SF_22,4
170,1,BIG5_SF_23,3
170,1,BIG5_SF_24,3
170,1,BIG5_SF_25,2
170,1,BIG5_SF_26,2
170,1,BIG5_SF_27,0
170,1,BIG5_SF_28,1
170,1,BIG5_SF_29,1
170,1,I_8_0,1
170,1,I_8_1,2
170,1,I_8_2,4
170,1,I_8_3,4
170,1,I_8_4,3
170,1,I_8_5,3
170,1,I_8_6,1
170,1,I_8_7,1
170,1,PID5_BF_0,0
170,1,PID5_BF_1,0
170,1,PID5_BF_2,1
170,1,PID5_BF_3,0
170,1,PID5_BF_4,0
170,1,PID5_BF_5,1
170,1,PID5_BF_6,0
170,1,PID5_BF_7,2
170,1,PID5_BF_8,1
170,1,PID5_BF_9,1
170,1,PID5_BF_10,1
170,1,PID5_BF_11,0
170,1,PID5_BF_12,0
170,1,PID5_BF_13,0
170,1,PID5_BF_14,0
170,1,PID5_BF_15,1
170,1,PID5_BF_16,0
170,1,PID5_BF_17,2
170,1,PID5_BF_18,1
170,1,PID5_BF_19,1
170,1,PID5_BF_20,0
170,1,PID5_BF_21,1
170,1,PID5_BF_22,1
170,1,PID5_BF_23,0
170,1,PID5_BF_24,0
170,1,rt,10.822566666666669
170,1,attention_2,0
170,1,idx,167
170,1,rwn,1
171,1,Sex_0,0
171,1,age,19
171,1,edu,13
171,1,income_0,1
171,1,motivation_1,66
171,1,diagnosis_2,1
171,1,meds_3,1
171,1,BIG5_SF_0,3
171,1,BIG5_SF_1,3
171,1,BIG5_SF_2,3
171,1,BIG5_SF_3,4
171,1,BIG5_SF_4,2
171,1,BIG5_SF_5,1
171,1,BIG5_SF_6,3
171,1,BIG5_SF_7,3
171,1,BIG5_SF_8,3
171,1,BIG5_SF_9,2
171,1,BIG5_SF_10,2
171,1,BIG5_SF_11,3
171,1,BIG5_SF_12,3
171,1,BIG5_SF_13,3
171,1,BIG5_SF_14,3
171,1,BIG5_SF_15,1
171,1,BIG5_SF_16,3
171,1,BIG5_SF_17,2
171,1,BIG5_SF_18,1
171,1,BIG5_SF_19,2
171,1,BIG5_SF_20,4
171,1,BIG5_SF_21,2
171,1,BIG5_SF_22,0
171,1,BIG5_SF_23,1
171,1,BIG5_SF_24,3
171,1,BIG5_SF_25,3
171,1,BIG5_SF_26,3
171,1,BIG5_SF_27,3
171,1,BIG5_SF_28,3
171,1,BIG5_SF_29,2
171,1,I_8_0,4
171,1,I_8_1,4
171,1,I_8_2,4
171,1,I_8_3,4
171,1,I_8_4,4
171,1,I_8_5,3
171,1,I_8_6,3
171,1,I_8_7,3
171,1,PID5_BF_0,3
171,1,PID5_BF_1,2
171,1,PID5_BF_2,2
171,1,PID5_BF_3,2
171,1,PID5_BF_4,1
171,1,PID5_BF_5,1
171,1,PID5_BF_6,1
171,1,PID5_BF_7,1
171,1,PID5_BF_8,1
171,1,PID5_BF_9,2
171,1,PID5_BF_10,2
171,1,PID5_BF_11,2
171,1,PID5_BF_12,2
171,1,PID5_BF_13,2
171,1,PID5_BF_14,2
171,1,PID5_BF_15,1
171,1,PID5_BF_16,0
171,1,PID5_BF_17,2
171,1,PID5_BF_18,1
171,1,PID5_BF_19,0
171,1,PID5_BF_20,1
171,1,PID5_BF_21,1
171,1,PID5_BF_22,0
171,1,PID5_BF_23,1
171,1,PID5_BF_24,1
171,1,rt,5.8934
171,1,attention_2,0
171,1,idx,168
171,1,rwn,1
173,1,Sex_0,1
173,1,age,18
173,1,edu,15
173,1,income_0,4
173,1,motivation_1,100
173,1,diagnosis_2,0
173,1,meds_3,1
173,1,BIG5_SF_0,1
173,1,BIG5_SF_1,4
173,1,BIG5_SF_2,1
173,1,BIG5_SF_3,2
173,1,BIG5_SF_4,4
173,1,BIG5_SF_5,4
173,1,BIG5_SF_6,0
173,1,BIG5_SF_7,0
173,1,BIG5_SF_8,0
173,1,BIG5_SF_9,2
173,1,BIG5_SF_10,4
173,1,BIG5_SF_11,3
173,1,BIG5_SF_12,4
173,1,BIG5_SF_13,4
173,1,BIG5_SF_14,4
173,1,BIG5_SF_15,4
173,1,BIG5_SF_16,0
173,1,BIG5_SF_17,4
173,1,BIG5_SF_18,4
173,1,BIG5_SF_19,4
173,1,BIG5_SF_20,1
173,1,BIG5_SF_21,4
173,1,BIG5_SF_22,4
173,1,BIG5_SF_23,3
173,1,BIG5_SF_24,4
173,1,BIG5_SF_25,0
173,1,BIG5_SF_26,0
173,1,BIG5_SF_27,0
173,1,BIG5_SF_28,0
173,1,BIG5_SF_29,1
173,1,I_8_0,1
173,1,I_8_1,2
173,1,I_8_2,3
173,1,I_8_3,3
173,1,I_8_4,4
173,1,I_8_5,4
173,1,I_8_6,3
173,1,I_8_7,2
173,1,PID5_BF_0,3
173,1,PID5_BF_1,2
173,1,PID5_BF_2,2
173,1,PID5_BF_3,0
173,1,PID5_BF_4,0
173,1,PID5_BF_5,0
173,1,PID5_BF_6,0
173,1,PID5_BF_7,1
173,1,PID5_BF_8,0
173,1,PID5_BF_9,0
173,1,PID5_BF_10,0
173,1,PID5_BF_11,0
173,1,PID5_BF_12,3
173,1,PID5_BF_13,0
173,1,PID5_BF_14,0
173,1,PID5_BF_15,0
173,1,PID5_BF_16,0
173,1,PID5_BF_17,1
173,1,PID5_BF_18,2
173,1,PID5_BF_19,0
173,1,PID5_BF_20,2
173,1,PID5_BF_21,0
173,1,PID5_BF_22,2
173,1,PID5_BF_23,0
173,1,PID5_BF_24,0
173,1,rt,14.411166666666666
173,1,attention_2,0
173,1,idx,169
173,1,rwn,1
174,1,Sex_0,0
174,1,age,19
174,1,edu,16
174,1,income_0,0
174,1,motivation_1,92
174,1,diagnosis_2,1
174,1,meds_3,1
174,1,BIG5_SF_0,3
174,1,BIG5_SF_1,1
174,1,BIG5_SF_2,4
174,1,BIG5_SF_3,3
174,1,BIG5_SF_4,1
174,1,BIG5_SF_5,0
174,1,BIG5_SF_6,3
174,1,BIG5_SF_7,4
174,1,BIG5_SF_8,3
174,1,BIG5_SF_9,3
174,1,BIG5_SF_10,4
174,1,BIG5_SF_11,0
174,1,BIG5_SF_12,0
174,1,BIG5_SF_13,1
174,1,BIG5_SF_14,0
174,1,BIG5_SF_15,4
174,1,BIG5_SF_16,0
174,1,BIG5_SF_17,0
174,1,BIG5_SF_18,0
174,1,BIG5_SF_19,0
174,1,BIG5_SF_20,3
174,1,BIG5_SF_21,4
174,1,BIG5_SF_22,0
174,1,BIG5_SF_23,0
174,1,BIG5_SF_24,3
174,1,BIG5_SF_25,4
174,1,BIG5_SF_26,3
174,1,BIG5_SF_27,3
174,1,BIG5_SF_28,3
174,1,BIG5_SF_29,3
174,1,I_8_0,4
174,1,I_8_1,4
174,1,I_8_2,2
174,1,I_8_3,2
174,1,I_8_4,1
174,1,I_8_5,0
174,1,I_8_6,3
174,1,I_8_7,3
174,1,PID5_BF_0,0
174,1,PID5_BF_1,3
174,1,PID5_BF_2,3
174,1,PID5_BF_3,3
174,1,PID5_BF_4,0
174,1,PID5_BF_5,0
174,1,PID5_BF_6,2
174,1,PID5_BF_7,3
174,1,PID5_BF_8,3
174,1,PID5_BF_9,1
174,1,PID5_BF_10,1
174,1,PID5_BF_11,0
174,1,PID5_BF_12,3
174,1,PID5_BF_13,1
174,1,PID5_BF_14,2
174,1,PID5_BF_15,0
174,1,PID5_BF_16,0
174,1,PID5_BF_17,0
174,1,PID5_BF_18,0
174,1,PID5_BF_19,0
174,1,PID5_BF_20,3
174,1,PID5_BF_21,1
174,1,PID5_BF_22,0
174,1,PID5_BF_23,0
174,1,PID5_BF_24,0
174,1,rt,6.0464
174,1,attention_2,0
174,1,idx,170
174,1,rwn,1
175,1,Sex_0,1
175,1,age,27
175,1,edu,13
175,1,income_0,5
175,1,motivation_1,99
175,1,diagnosis_2,1
175,1,meds_3,1
175,1,BIG5_SF_0,4
175,1,BIG5_SF_1,4
175,1,BIG5_SF_2,0
175,1,BIG5_SF_3,2
175,1,BIG5_SF_4,3
175,1,BIG5_SF_5,4
175,1,BIG5_SF_6,1
175,1,BIG5_SF_7,1
175,1,BIG5_SF_8,0
175,1,BIG5_SF_9,0
175,1,BIG5_SF_10,4
175,1,BIG5_SF_11,3
175,1,BIG5_SF_12,3
175,1,BIG5_SF_13,4
175,1,BIG5_SF_14,4
175,1,BIG5_SF_15,4
175,1,BIG5_SF_16,0
175,1,BIG5_SF_17,4
175,1,BIG5_SF_18,4
175,1,BIG5_SF_19,0
175,1,BIG5_SF_20,4
175,1,BIG5_SF_21,4
175,1,BIG5_SF_22,4
175,1,BIG5_SF_23,4
175,1,BIG5_SF_24,4
175,1,BIG5_SF_25,0
175,1,BIG5_SF_26,1
175,1,BIG5_SF_27,1
175,1,BIG5_SF_28,4
175,1,BIG5_SF_29,4
175,1,I_8_0,1
175,1,I_8_1,2
175,1,I_8_2,4
175,1,I_8_3,4
175,1,I_8_4,4
175,1,I_8_5,4
175,1,I_8_6,4
175,1,I_8_7,4
175,1,PID5_BF_0,0
175,1,PID5_BF_1,0
175,1,PID5_BF_2,1
175,1,PID5_BF_3,0
175,1,PID5_BF_4,0
175,1,PID5_BF_5,0
175,1,PID5_BF_6,0
175,1,PID5_BF_7,3
175,1,PID5_BF_8,1
175,1,PID5_BF_9,2
175,1,PID5_BF_10,0
175,1,PID5_BF_11,0
175,1,PID5_BF_12,1
175,1,PID5_BF_13,3
175,1,PID5_BF_14,0
175,1,PID5_BF_15,1
175,1,PID5_BF_16,0
175,1,PID5_BF_17,2
175,1,PID5_BF_18,0
175,1,PID5_BF_19,2
175,1,PID5_BF_20,3
175,1,PID5_BF_21,1
175,1,PID5_BF_22,0
175,1,PID5_BF_23,0
175,1,PID5_BF_24,0
175,1,rt,13.7202
175,1,attention_2,0
175,1,idx,171
175,1,rwn,1
176,1,Sex_0,0
176,1,age,20
176,1,edu,13
176,1,income_0,1
176,1,motivation_1,99
176,1,diagnosis_2,1
176,1,meds_3,1
176,1,BIG5_SF_0,1
176,1,BIG5_SF_1,4
176,1,BIG5_SF_2,0
176,1,BIG5_SF_3,0
176,1,BIG5_SF_4,4
176,1,BIG5_SF_5,1
176,1,BIG5_SF_6,0
176,1,BIG5_SF_7,0
176,1,BIG5_SF_8,0
176,1,BIG5_SF_9,3
176,1,BIG5_SF_10,4
176,1,BIG5_SF_11,4
176,1,BIG5_SF_12,4
176,1,BIG5_SF_13,4
176,1,BIG5_SF_14,4
176,1,BIG5_SF_15,4
176,1,BIG5_SF_16,0
176,1,BIG5_SF_17,4
176,1,BIG5_SF_18,4
176,1,BIG5_SF_19,0
176,1,BIG5_SF_20,3
176,1,BIG5_SF_21,4
176,1,BIG5_SF_22,4
176,1,BIG5_SF_23,4
176,1,BIG5_SF_24,4
176,1,BIG5_SF_25,0
176,1,BIG5_SF_26,0
176,1,BIG5_SF_27,0
176,1,BIG5_SF_28,0
176,1,BIG5_SF_29,0
176,1,I_8_0,1
176,1,I_8_1,1
176,1,I_8_2,3
176,1,I_8_3,3
176,1,I_8_4,4
176,1,I_8_5,4
176,1,I_8_6,3
176,1,I_8_7,4
176,1,PID5_BF_0,0
176,1,PID5_BF_1,2
176,1,PID5_BF_2,0
176,1,PID5_BF_3,0
176,1,PID5_BF_4,0
176,1,PID5_BF_5,3
176,1,PID5_BF_6,0
176,1,PID5_BF_7,0
176,1,PID5_BF_8,0
176,1,PID5_BF_9,1
176,1,PID5_BF_10,1
176,1,PID5_BF_11,0
176,1,PID5_BF_12,2
176,1,PID5_BF_13,0
176,1,PID5_BF_14,0
176,1,PID5_BF_15,0
176,1,PID5_BF_16,0
176,1,PID5_BF_17,0
176,1,PID5_BF_18,0
176,1,PID5_BF_19,2
176,1,PID5_BF_20,0
176,1,PID5_BF_21,0
176,1,PID5_BF_22,0
176,1,PID5_BF_23,0
176,1,PID5_BF_24,0
176,1,rt,12.823983333333333
176,1,attention_2,0
176,1,idx,172
176,1,rwn,1
177,1,Sex_0,1
177,1,age,69
177,1,edu,18
177,1,income_0,5
177,1,motivation_1,100
177,1,diagnosis_2,1
177,1,meds_3,1
177,1,BIG5_SF_0,0
177,1,BIG5_SF_1,4
177,1,BIG5_SF_2,0
177,1,BIG5_SF_3,3
177,1,BIG5_SF_4,4
177,1,BIG5_SF_5,2
177,1,BIG5_SF_6,0
177,1,BIG5_SF_7,0
177,1,BIG5_SF_8,0
177,1,BIG5_SF_9,4
177,1,BIG5_SF_10,4
177,1,BIG5_SF_11,3
177,1,BIG5_SF_12,4
177,1,BIG5_SF_13,4
177,1,BIG5_SF_14,4
177,1,BIG5_SF_15,4
177,1,BIG5_SF_16,0
177,1,BIG5_SF_17,4
177,1,BIG5_SF_18,4
177,1,BIG5_SF_19,3
177,1,BIG5_SF_20,2
177,1,BIG5_SF_21,4
177,1,BIG5_SF_22,4
177,1,BIG5_SF_23,4
177,1,BIG5_SF_24,4
177,1,BIG5_SF_25,0
177,1,BIG5_SF_26,0
177,1,BIG5_SF_27,0
177,1,BIG5_SF_28,0
177,1,BIG5_SF_29,0
177,1,I_8_0,0
177,1,I_8_1,1
177,1,I_8_2,4
177,1,I_8_3,4
177,1,I_8_4,4
177,1,I_8_5,4
177,1,I_8_6,4
177,1,I_8_7,4
177,1,PID5_BF_0,0
177,1,PID5_BF_1,0
177,1,PID5_BF_2,0
177,1,PID5_BF_3,0
177,1,PID5_BF_4,0
177,1,PID5_BF_5,0
177,1,PID5_BF_6,0
177,1,PID5_BF_7,0
177,1,PID5_BF_8,0
177,1,PID5_BF_9,2
177,1,PID5_BF_10,0
177,1,PID5_BF_11,0
177,1,PID5_BF_12,1
177,1,PID5_BF_13,0
177,1,PID5_BF_14,0
177,1,PID5_BF_15,0
177,1,PID5_BF_16,0
177,1,PID5_BF_17,0
177,1,PID5_BF_18,0
177,1,PID5_BF_19,2
177,1,PID5_BF_20,2
177,1,PID5_BF_21,0
177,1,PID5_BF_22,0
177,1,PID5_BF_23,0
177,1,PID5_BF_24,0
177,1,rt,13.254383333333331
177,1,attention_2,0
177,1,idx,173
177,1,rwn,1
178,1,Sex_0,0
178,1,age,60
178,1,edu,20
178,1,income_0,4
178,1,motivation_1,100
178,1,diagnosis_2,1
178,1,meds_3,1
178,1,BIG5_SF_0,4
178,1,BIG5_SF_1,2
178,1,BIG5_SF_2,1
178,1,BIG5_SF_3,0
178,1,BIG5_SF_4,4
178,1,BIG5_SF_5,2
178,1,BIG5_SF_6,3
178,1,BIG5_SF_7,3
178,1,BIG5_SF_8,1
178,1,BIG5_SF_9,0
178,1,BIG5_SF_10,3
178,1,BIG5_SF_11,1
178,1,BIG5_SF_12,3
178,1,BIG5_SF_13,3
178,1,BIG5_SF_14,3
178,1,BIG5_SF_15,0
178,1,BIG5_SF_16,3
178,1,BIG5_SF_17,1
178,1,BIG5_SF_18,2
178,1,BIG5_SF_19,1
178,1,BIG5_SF_20,0
178,1,BIG5_SF_21,3
178,1,BIG5_SF_22,4
178,1,BIG5_SF_23,4
178,1,BIG5_SF_24,3
178,1,BIG5_SF_25,0
178,1,BIG5_SF_26,3
178,1,BIG5_SF_27,1
178,1,BIG5_SF_28,1
178,1,BIG5_SF_29,1
178,1,I_8_0,1
178,1,I_8_1,1
178,1,I_8_2,3
178,1,I_8_3,4
178,1,I_8_4,3
178,1,I_8_5,2
178,1,I_8_6,2
178,1,I_8_7,2
178,1,PID5_BF_0,1
178,1,PID5_BF_1,0
178,1,PID5_BF_2,0
178,1,PID5_BF_3,0
178,1,PID5_BF_4,0
178,1,PID5_BF_5,0
178,1,PID5_BF_6,1
178,1,PID5_BF_7,0
178,1,PID5_BF_8,0
178,1,PID5_BF_9,0
178,1,PID5_BF_10,0
178,1,PID5_BF_11,0
178,1,PID5_BF_12,3
178,1,PID5_BF_13,3
178,1,PID5_BF_14,1
178,1,PID5_BF_15,3
178,1,PID5_BF_16,2
178,1,PID5_BF_17,1
178,1,PID5_BF_18,0
178,1,PID5_BF_19,2
178,1,PID5_BF_20,0
178,1,PID5_BF_21,0
178,1,PID5_BF_22,0
178,1,PID5_BF_23,0
178,1,PID5_BF_24,2
178,1,rt,10.673966666666669
178,1,attention_2,0
178,1,idx,174
178,1,rwn,1
179,1,Sex_0,0
179,1,age,61
179,1,edu,20
179,1,income_0,2
179,1,motivation_1,100
179,1,diagnosis_2,1
179,1,meds_3,1
179,1,BIG5_SF_0,0
179,1,BIG5_SF_1,4
179,1,BIG5_SF_2,0
179,1,BIG5_SF_3,3
179,1,BIG5_SF_4,4
179,1,BIG5_SF_5,3
179,1,BIG5_SF_6,0
179,1,BIG5_SF_7,1
179,1,BIG5_SF_8,0
179,1,BIG5_SF_9,0
179,1,BIG5_SF_10,4
179,1,BIG5_SF_11,4
179,1,BIG5_SF_12,4
179,1,BIG5_SF_13,4
179,1,BIG5_SF_14,3
179,1,BIG5_SF_15,4
179,1,BIG5_SF_16,0
179,1,BIG5_SF_17,4
179,1,BIG5_SF_18,3
179,1,BIG5_SF_19,0
179,1,BIG5_SF_20,1
179,1,BIG5_SF_21,4
179,1,BIG5_SF_22,4
179,1,BIG5_SF_23,4
179,1,BIG5_SF_24,2
179,1,BIG5_SF_25,0
179,1,BIG5_SF_26,0
179,1,BIG5_SF_27,0
179,1,BIG5_SF_28,0
179,1,BIG5_SF_29,0
179,1,I_8_0,2
179,1,I_8_1,2
179,1,I_8_2,3
179,1,I_8_3,2
179,1,I_8_4,3
179,1,I_8_5,3
179,1,I_8_6,2
179,1,I_8_7,2
179,1,PID5_BF_0,0
179,1,PID5_BF_1,2
179,1,PID5_BF_2,1
179,1,PID5_BF_3,1
179,1,PID5_BF_4,0
179,1,PID5_BF_5,0
179,1,PID5_BF_6,0
179,1,PID5_BF_7,1
179,1,PID5_BF_8,1
179,1,PID5_BF_9,1
179,1,PID5_BF_10,0
179,1,PID5_BF_11,0
179,1,PID5_BF_12,0
179,1,PID5_BF_13,0
179,1,PID5_BF_14,0
179,1,PID5_BF_15,0
179,1,PID5_BF_16,0
179,1,PID5_BF_17,0
179,1,PID5_BF_18,1
179,1,PID5_BF_19,0
179,1,PID5_BF_20,0
179,1,PID5_BF_21,0
179,1,PID5_BF_22,0
179,1,PID5_BF_23,0
179,1,PID5_BF_24,0
179,1,rt,10.450116666666666
179,1,attention_2,0
179,1,idx,175
179,1,rwn,1
180,1,Sex_0,0
180,1,age,65
180,1,edu,12
180,1,income_0,6
180,1,motivation_1,100
180,1,diagnosis_2,1
180,1,meds_3,1
180,1,BIG5_SF_0,0
180,1,BIG5_SF_1,4
180,1,BIG5_SF_2,0
180,1,BIG5_SF_3,3
180,1,BIG5_SF_4,0
180,1,BIG5_SF_5,0
180,1,BIG5_SF_6,0
180,1,BIG5_SF_7,1
180,1,BIG5_SF_8,0
180,1,BIG5_SF_9,4
180,1,BIG5_SF_10,4
180,1,BIG5_SF_11,4
180,1,BIG5_SF_12,4
180,1,BIG5_SF_13,4
180,1,BIG5_SF_14,0
180,1,BIG5_SF_15,4
180,1,BIG5_SF_16,0
180,1,BIG5_SF_17,3
180,1,BIG5_SF_18,4
180,1,BIG5_SF_19,4
180,1,BIG5_SF_20,4
180,1,BIG5_SF_21,4
180,1,BIG5_SF_22,4
180,1,BIG5_SF_23,4
180,1,BIG5_SF_24,0
180,1,BIG5_SF_25,1
180,1,BIG5_SF_26,0
180,1,BIG5_SF_27,0
180,1,BIG5_SF_28,3
180,1,BIG5_SF_29,4
180,1,I_8_0,1
180,1,I_8_1,1
180,1,I_8_2,3
180,1,I_8_3,3
180,1,I_8_4,4
180,1,I_8_5,4
180,1,I_8_6,1
180,1,I_8_7,1
180,1,PID5_BF_0,0
180,1,PID5_BF_1,0
180,1,PID5_BF_2,0
180,1,PID5_BF_3,0
180,1,PID5_BF_4,0
180,1,PID5_BF_5,0
180,1,PID5_BF_6,0
180,1,PID5_BF_7,1
180,1,PID5_BF_8,0
180,1,PID5_BF_9,0
180,1,PID5_BF_10,0
180,1,PID5_BF_11,0
180,1,PID5_BF_12,0
180,1,PID5_BF_13,0
180,1,PID5_BF_14,0
180,1,PID5_BF_15,0
180,1,PID5_BF_16,0
180,1,PID5_BF_17,0
180,1,PID5_BF_18,1
180,1,PID5_BF_19,1
180,1,PID5_BF_20,0
180,1,PID5_BF_21,0
180,1,PID5_BF_22,0
180,1,PID5_BF_23,0
180,1,PID5_BF_24,0
180,1,rt,10.514983333333332
180,1,attention_2,0
180,1,idx,177
180,1,rwn,1
181,1,Sex_0,1
181,1,age,62
181,1,edu,13
181,1,income_0,6
181,1,motivation_1,100
181,1,diagnosis_2,1
181,1,meds_3,1
181,1,BIG5_SF_0,4
181,1,BIG5_SF_1,4
181,1,BIG5_SF_2,0
181,1,BIG5_SF_3,3
181,1,BIG5_SF_4,3
181,1,BIG5_SF_5,0
181,1,BIG5_SF_6,3
181,1,BIG5_SF_7,0
181,1,BIG5_SF_8,1
181,1,BIG5_SF_9,3
181,1,BIG5_SF_10,3
181,1,BIG5_SF_11,4
181,1,BIG5_SF_12,4
181,1,BIG5_SF_13,3
181,1,BIG5_SF_14,1
181,1,BIG5_SF_15,1
181,1,BIG5_SF_16,1
181,1,BIG5_SF_17,4
181,1,BIG5_SF_18,1
181,1,BIG5_SF_19,2
181,1,BIG5_SF_20,3
181,1,BIG5_SF_21,3
181,1,BIG5_SF_22,4
181,1,BIG5_SF_23,3
181,1,BIG5_SF_24,1
181,1,BIG5_SF_25,1
181,1,BIG5_SF_26,3
181,1,BIG5_SF_27,0
181,1,BIG5_SF_28,1
181,1,BIG5_SF_29,3
181,1,I_8_0,0
181,1,I_8_1,0
181,1,I_8_2,3
181,1,I_8_3,4
181,1,I_8_4,3
181,1,I_8_5,4
181,1,I_8_6,1
181,1,I_8_7,1
181,1,PID5_BF_0,0
181,1,PID5_BF_1,0
181,1,PID5_BF_2,0
181,1,PID5_BF_3,0
181,1,PID5_BF_4,0
181,1,PID5_BF_5,0
181,1,PID5_BF_6,0
181,1,PID5_BF_7,2
181,1,PID5_BF_8,1
181,1,PID5_BF_9,2
181,1,PID5_BF_10,1
181,1,PID5_BF_11,0
181,1,PID5_BF_12,0
181,1,PID5_BF_13,1
181,1,PID5_BF_14,2
181,1,PID5_BF_15,0
181,1,PID5_BF_16,0
181,1,PID5_BF_17,0
181,1,PID5_BF_18,0
181,1,PID5_BF_19,0
181,1,PID5_BF_20,0
181,1,PID5_BF_21,0
181,1,PID5_BF_22,0
181,1,PID5_BF_23,0
181,1,PID5_BF_24,0
181,1,rt,6.918683333333333
181,1,attention_2,0
181,1,idx,178
181,1,rwn,1
182,1,Sex_0,0
182,1,age,60
182,1,edu,16
182,1,income_0,1
182,1,motivation_1,81
182,1,diagnosis_2,1
182,1,meds_3,1
182,1,BIG5_SF_0,4
182,1,BIG5_SF_1,2
182,1,BIG5_SF_2,0
182,1,BIG5_SF_3,1
182,1,BIG5_SF_4,3
182,1,BIG5_SF_5,1
182,1,BIG5_SF_6,2
182,1,BIG5_SF_7,3
182,1,BIG5_SF_8,3
182,1,BIG5_SF_9,3
182,1,BIG5_SF_10,0
182,1,BIG5_SF_11,3
182,1,BIG5_SF_12,4
182,1,BIG5_SF_13,3
182,1,BIG5_SF_14,2
182,1,BIG5_SF_15,2
182,1,BIG5_SF_16,3
182,1,BIG5_SF_17,4
182,1,BIG5_SF_18,3
182,1,BIG5_SF_19,1
182,1,BIG5_SF_20,3
182,1,BIG5_SF_21,3
182,1,BIG5_SF_22,3
182,1,BIG5_SF_23,3
182,1,BIG5_SF_24,3
182,1,BIG5_SF_25,3
182,1,BIG5_SF_26,3
182,1,BIG5_SF_27,0
182,1,BIG5_SF_28,0
182,1,BIG5_SF_29,1
182,1,I_8_0,1
182,1,I_8_1,0
182,1,I_8_2,3
182,1,I_8_3,3
182,1,I_8_4,4
182,1,I_8_5,4
182,1,I_8_6,1
182,1,I_8_7,1
182,1,PID5_BF_0,0
182,1,PID5_BF_1,0
182,1,PID5_BF_2,0
182,1,PID5_BF_3,2
182,1,PID5_BF_4,0
182,1,PID5_BF_5,3
182,1,PID5_BF_6,2
182,1,PID5_BF_7,1
182,1,PID5_BF_8,0
182,1,PID5_BF_9,0
182,1,PID5_BF_10,0
182,1,PID5_BF_11,0
182,1,PID5_BF_12,0
182,1,PID5_BF_13,1
182,1,PID5_BF_14,1
182,1,PID5_BF_15,1
182,1,PID5_BF_16,1
182,1,PID5_BF_17,3
182,1,PID5_BF_18,0
182,1,PID5_BF_19,1
182,1,PID5_BF_20,2
182,1,PID5_BF_21,0
182,1,PID5_BF_22,0
182,1,PID5_BF_23,0
182,1,PID5_BF_24,0
182,1,rt,7.0789
182,1,attention_2,0
182,1,idx,179
182,1,rwn,1
183,1,Sex_0,1
183,1,age,60
183,1,edu,20
183,1,income_0,3
183,1,motivation_1,99
183,1,diagnosis_2,0
183,1,meds_3,1
183,1,BIG5_SF_0,1
183,1,BIG5_SF_1,4
183,1,BIG5_SF_2,3
183,1,BIG5_SF_3,4
183,1,BIG5_SF_4,4
183,1,BIG5_SF_5,3
183,1,BIG5_SF_6,3
183,1,BIG5_SF_7,1
183,1,BIG5_SF_8,3
183,1,BIG5_SF_9,1
183,1,BIG5_SF_10,3
183,1,BIG5_SF_11,4
183,1,BIG5_SF_12,4
183,1,BIG5_SF_13,3
183,1,BIG5_SF_14,4
183,1,BIG5_SF_15,4
183,1,BIG5_SF_16,0
183,1,BIG5_SF_17,4
183,1,BIG5_SF_18,3
183,1,BIG5_SF_19,4
183,1,BIG5_SF_20,1
183,1,BIG5_SF_21,4
183,1,BIG5_SF_22,4
183,1,BIG5_SF_23,4
183,1,BIG5_SF_24,4
183,1,BIG5_SF_25,0
183,1,BIG5_SF_26,0
183,1,BIG5_SF_27,0
183,1,BIG5_SF_28,3
183,1,BIG5_SF_29,1
183,1,I_8_0,2
183,1,I_8_1,3
183,1,I_8_2,3
183,1,I_8_3,3
183,1,I_8_4,4
183,1,I_8_5,3
183,1,I_8_6,4
183,1,I_8_7,4
183,1,PID5_BF_0,2
183,1,PID5_BF_1,2
183,1,PID5_BF_2,2
183,1,PID5_BF_3,0
183,1,PID5_BF_4,1
183,1,PID5_BF_5,3
183,1,PID5_BF_6,3
183,1,PID5_BF_7,3
183,1,PID5_BF_8,2
183,1,PID5_BF_9,3
183,1,PID5_BF_10,1
183,1,PID5_BF_11,0
183,1,PID5_BF_12,2
183,1,PID5_BF_13,0
183,1,PID5_BF_14,2
183,1,PID5_BF_15,2
183,1,PID5_BF_16,0
183,1,PID5_BF_17,0
183,1,PID5_BF_18,0
183,1,PID5_BF_19,0
183,1,PID5_BF_20,1
183,1,PID5_BF_21,0
183,1,PID5_BF_22,1
183,1,PID5_BF_23,0
183,1,PID5_BF_24,0
183,1,rt,23.596666666666668
183,1,attention_2,0
183,1,idx,180
183,1,rwn,1
184,1,Sex_0,1
184,1,age,59
184,1,edu,19
184,1,income_0,4
184,1,motivation_1,100
184,1,diagnosis_2,1
184,1,meds_3,1
184,1,BIG5_SF_0,4
184,1,BIG5_SF_1,4
184,1,BIG5_SF_2,0
184,1,BIG5_SF_3,1
184,1,BIG5_SF_4,4
184,1,BIG5_SF_5,2
184,1,BIG5_SF_6,0
184,1,BIG5_SF_7,0
184,1,BIG5_SF_8,1
184,1,BIG5_SF_9,0
184,1,BIG5_SF_10,3
184,1,BIG5_SF_11,3
184,1,BIG5_SF_12,4
184,1,BIG5_SF_13,4
184,1,BIG5_SF_14,3
184,1,BIG5_SF_15,3
184,1,BIG5_SF_16,1
184,1,BIG5_SF_17,4
184,1,BIG5_SF_18,4
184,1,BIG5_SF_19,1
184,1,BIG5_SF_20,2
184,1,BIG5_SF_21,4
184,1,BIG5_SF_22,4
184,1,BIG5_SF_23,4
184,1,BIG5_SF_24,3
184,1,BIG5_SF_25,1
184,1,BIG5_SF_26,1
184,1,BIG5_SF_27,0
184,1,BIG5_SF_28,0
184,1,BIG5_SF_29,3
184,1,I_8_0,1
184,1,I_8_1,1
184,1,I_8_2,4
184,1,I_8_3,4
184,1,I_8_4,3
184,1,I_8_5,3
184,1,I_8_6,3
184,1,I_8_7,2
184,1,PID5_BF_0,0
184,1,PID5_BF_1,0
184,1,PID5_BF_2,1
184,1,PID5_BF_3,1
184,1,PID5_BF_4,0
184,1,PID5_BF_5,0
184,1,PID5_BF_6,1
184,1,PID5_BF_7,1
184,1,PID5_BF_8,2
184,1,PID5_BF_9,2
184,1,PID5_BF_10,1
184,1,PID5_BF_11,2
184,1,PID5_BF_12,0
184,1,PID5_BF_13,0
184,1,PID5_BF_14,1
184,1,PID5_BF_15,0
184,1,PID5_BF_16,0
184,1,PID5_BF_17,0
184,1,PID5_BF_18,2
184,1,PID5_BF_19,0
184,1,PID5_BF_20,1
184,1,PID5_BF_21,1
184,1,PID5_BF_22,2
184,1,PID5_BF_23,1
184,1,PID5_BF_24,1
184,1,rt,15.313366666666669
184,1,attention_2,0
184,1,idx,181
184,1,rwn,1
185,1,Sex_0,1
185,1,age,63
185,1,edu,21
185,1,income_0,4
185,1,motivation_1,100
185,1,diagnosis_2,0
185,1,meds_3,1
185,1,BIG5_SF_0,1
185,1,BIG5_SF_1,4
185,1,BIG5_SF_2,4
185,1,BIG5_SF_3,4
185,1,BIG5_SF_4,4
185,1,BIG5_SF_5,3
185,1,BIG5_SF_6,1
185,1,BIG5_SF_7,4
185,1,BIG5_SF_8,3
185,1,BIG5_SF_9,1
185,1,BIG5_SF_10,3
185,1,BIG5_SF_11,3
185,1,BIG5_SF_12,3
185,1,BIG5_SF_13,1
185,1,BIG5_SF_14,3
185,1,BIG5_SF_15,2
185,1,BIG5_SF_16,0
185,1,BIG5_SF_17,1
185,1,BIG5_SF_18,1
185,1,BIG5_SF_19,3
185,1,BIG5_SF_20,0
185,1,BIG5_SF_21,3
185,1,BIG5_SF_22,4
185,1,BIG5_SF_23,1
185,1,BIG5_SF_24,4
185,1,BIG5_SF_25,0
185,1,BIG5_SF_26,0
185,1,BIG5_SF_27,3
185,1,BIG5_SF_28,3
185,1,BIG5_SF_29,0
185,1,I_8_0,3
185,1,I_8_1,2
185,1,I_8_2,3
185,1,I_8_3,2
185,1,I_8_4,3
185,1,I_8_5,3
185,1,I_8_6,3
185,1,I_8_7,3
185,1,PID5_BF_0,1
185,1,PID5_BF_1,3
185,1,PID5_BF_2,3
185,1,PID5_BF_3,2
185,1,PID5_BF_4,2
185,1,PID5_BF_5,0
185,1,PID5_BF_6,1
185,1,PID5_BF_7,3
185,1,PID5_BF_8,3
185,1,PID5_BF_9,2
185,1,PID5_BF_10,2
185,1,PID5_BF_11,2
185,1,PID5_BF_12,2
185,1,PID5_BF_13,1
185,1,PID5_BF_14,2
185,1,PID5_BF_15,2
185,1,PID5_BF_16,0
185,1,PID5_BF_17,1
185,1,PID5_BF_18,3
185,1,PID5_BF_19,1
185,1,PID5_BF_20,2
185,1,PID5_BF_21,0
185,1,PID5_BF_22,3
185,1,PID5_BF_23,2
185,1,PID5_BF_24,0
185,1,rt,36.23955
185,1,attention_2,0
185,1,idx,182
185,1,rwn,1
186,1,Sex_0,1
186,1,age,69
186,1,edu,15
186,1,income_0,2
186,1,motivation_1,99
186,1,diagnosis_2,0
186,1,meds_3,0
186,1,BIG5_SF_0,0
186,1,BIG5_SF_1,4
186,1,BIG5_SF_2,3
186,1,BIG5_SF_3,4
186,1,BIG5_SF_4,3
186,1,BIG5_SF_5,3
186,1,BIG5_SF_6,0
186,1,BIG5_SF_7,1
186,1,BIG5_SF_8,4
186,1,BIG5_SF_9,1
186,1,BIG5_SF_10,3
186,1,BIG5_SF_11,1
186,1,BIG5_SF_12,4
186,1,BIG5_SF_13,1
186,1,BIG5_SF_14,4
186,1,BIG5_SF_15,3
186,1,BIG5_SF_16,0
186,1,BIG5_SF_17,1
186,1,BIG5_SF_18,0
186,1,BIG5_SF_19,0
186,1,BIG5_SF_20,2
186,1,BIG5_SF_21,4
186,1,BIG5_SF_22,4
186,1,BIG5_SF_23,3
186,1,BIG5_SF_24,3
186,1,BIG5_SF_25,3
186,1,BIG5_SF_26,0
186,1,BIG5_SF_27,3
186,1,BIG5_SF_28,1
186,1,BIG5_SF_29,1
186,1,I_8_0,1
186,1,I_8_1,1
186,1,I_8_2,4
186,1,I_8_3,4
186,1,I_8_4,4
186,1,I_8_5,2
186,1,I_8_6,1
186,1,I_8_7,1
186,1,PID5_BF_0,0
186,1,PID5_BF_1,1
186,1,PID5_BF_2,0
186,1,PID5_BF_3,2
186,1,PID5_BF_4,0
186,1,PID5_BF_5,0
186,1,PID5_BF_6,3
186,1,PID5_BF_7,3
186,1,PID5_BF_8,2
186,1,PID5_BF_9,2
186,1,PID5_BF_10,0
186,1,PID5_BF_11,1
186,1,PID5_BF_12,3
186,1,PID5_BF_13,3
186,1,PID5_BF_14,0
186,1,PID5_BF_15,3
186,1,PID5_BF_16,0
186,1,PID5_BF_17,2
186,1,PID5_BF_18,0
186,1,PID5_BF_19,0
186,1,PID5_BF_20,1
186,1,PID5_BF_21,0
186,1,PID5_BF_22,0
186,1,PID5_BF_23,0
186,1,PID5_BF_24,0
186,1,rt,22.476116666666663
186,1,attention_2,0
186,1,idx,183
186,1,rwn,1
187,1,Sex_0,0
187,1,age,66
187,1,edu,25
187,1,income_0,9
187,1,motivation_1,100
187,1,diagnosis_2,1
187,1,meds_3,1
187,1,BIG5_SF_0,0
187,1,BIG5_SF_1,4
187,1,BIG5_SF_2,2
187,1,BIG5_SF_3,3
187,1,BIG5_SF_4,4
187,1,BIG5_SF_5,4
187,1,BIG5_SF_6,0
187,1,BIG5_SF_7,0
187,1,BIG5_SF_8,0
187,1,BIG5_SF_9,2
187,1,BIG5_SF_10,4
187,1,BIG5_SF_11,4
187,1,BIG5_SF_12,4
187,1,BIG5_SF_13,4
187,1,BIG5_SF_14,4
187,1,BIG5_SF_15,4
187,1,BIG5_SF_16,0
187,1,BIG5_SF_17,3
187,1,BIG5_SF_18,2
187,1,BIG5_SF_19,4
187,1,BIG5_SF_20,2
187,1,BIG5_SF_21,4
187,1,BIG5_SF_22,4
187,1,BIG5_SF_23,4
187,1,BIG5_SF_24,4
187,1,BIG5_SF_25,0
187,1,BIG5_SF_26,2
187,1,BIG5_SF_27,0
187,1,BIG5_SF_28,0
187,1,BIG5_SF_29,4
187,1,I_8_0,2
187,1,I_8_1,4
187,1,I_8_2,4
187,1,I_8_3,4
187,1,I_8_4,4
187,1,I_8_5,4
187,1,I_8_6,4
187,1,I_8_7,3
187,1,PID5_BF_0,0
187,1,PID5_BF_1,1
187,1,PID5_BF_2,0
187,1,PID5_BF_3,0
187,1,PID5_BF_4,0
187,1,PID5_BF_5,0
187,1,PID5_BF_6,1
187,1,PID5_BF_7,2
187,1,PID5_BF_8,0
187,1,PID5_BF_9,2
187,1,PID5_BF_10,2
187,1,PID5_BF_11,0
187,1,PID5_BF_12,2
187,1,PID5_BF_13,0
187,1,PID5_BF_14,0
187,1,PID5_BF_15,0
187,1,PID5_BF_16,0
187,1,PID5_BF_17,0
187,1,PID5_BF_18,2
187,1,PID5_BF_19,0
187,1,PID5_BF_20,1
187,1,PID5_BF_21,0
187,1,PID5_BF_22,0
187,1,PID5_BF_23,1
187,1,PID5_BF_24,0
187,1,rt,13.9919
187,1,attention_2,0
187,1,idx,184
187,1,rwn,1
188,1,Sex_0,0
188,1,age,23
188,1,edu,16
188,1,income_0,6
188,1,motivation_1,96
188,1,diagnosis_2,1
188,1,meds_3,1
188,1,BIG5_SF_0,3
188,1,BIG5_SF_1,3
188,1,BIG5_SF_2,1
188,1,BIG5_SF_3,3
188,1,BIG5_SF_4,3
188,1,BIG5_SF_5,2
188,1,BIG5_SF_6,3
188,1,BIG5_SF_7,3
188,1,BIG5_SF_8,3
188,1,BIG5_SF_9,0
188,1,BIG5_SF_10,2
188,1,BIG5_SF_11,3
188,1,BIG5_SF_12,4
188,1,BIG5_SF_13,1
188,1,BIG5_SF_14,3
188,1,BIG5_SF_15,3
188,1,BIG5_SF_16,3
188,1,BIG5_SF_17,1
188,1,BIG5_SF_18,3
188,1,BIG5_SF_19,4
188,1,BIG5_SF_20,3
188,1,BIG5_SF_21,4
188,1,BIG5_SF_22,4
188,1,BIG5_SF_23,4
188,1,BIG5_SF_24,4
188,1,BIG5_SF_25,4
188,1,BIG5_SF_26,3
188,1,BIG5_SF_27,3
188,1,BIG5_SF_28,3
188,1,BIG5_SF_29,1
188,1,I_8_0,2
188,1,I_8_1,0
188,1,I_8_2,4
188,1,I_8_3,4
188,1,I_8_4,4
188,1,I_8_5,2
188,1,I_8_6,4
188,1,I_8_7,4
188,1,PID5_BF_0,2
188,1,PID5_BF_1,0
188,1,PID5_BF_2,2
188,1,PID5_BF_3,2
188,1,PID5_BF_4,0
188,1,PID5_BF_5,2
188,1,PID5_BF_6,0
188,1,PID5_BF_7,0
188,1,PID5_BF_8,2
188,1,PID5_BF_9,3
188,1,PID5_BF_10,0
188,1,PID5_BF_11,2
188,1,PID5_BF_12,3
188,1,PID5_BF_13,2
188,1,PID5_BF_14,0
188,1,PID5_BF_15,3
188,1,PID5_BF_16,3
188,1,PID5_BF_17,0
188,1,PID5_BF_18,0
188,1,PID5_BF_19,3
188,1,PID5_BF_20,3
188,1,PID5_BF_21,2
188,1,PID5_BF_22,2
188,1,PID5_BF_23,0
188,1,PID5_BF_24,2
188,1,rt,25.32115
188,1,attention_2,0
188,1,idx,185
188,1,rwn,1
189,1,Sex_0,1
189,1,age,60
189,1,edu,14
189,1,income_0,4
189,1,motivation_1,100
189,1,diagnosis_2,1
189,1,meds_3,1
189,1,BIG5_SF_0,0
189,1,BIG5_SF_1,4
189,1,BIG5_SF_2,0
189,1,BIG5_SF_3,0
189,1,BIG5_SF_4,4
189,1,BIG5_SF_5,3
189,1,BIG5_SF_6,3
189,1,BIG5_SF_7,1
189,1,BIG5_SF_8,3
189,1,BIG5_SF_9,1
189,1,BIG5_SF_10,2
189,1,BIG5_SF_11,4
189,1,BIG5_SF_12,4
189,1,BIG5_SF_13,4
189,1,BIG5_SF_14,1
189,1,BIG5_SF_15,3
189,1,BIG5_SF_16,0
189,1,BIG5_SF_17,3
189,1,BIG5_SF_18,4
189,1,BIG5_SF_19,1
189,1,BIG5_SF_20,1
189,1,BIG5_SF_21,4
189,1,BIG5_SF_22,4
189,1,BIG5_SF_23,4
189,1,BIG5_SF_24,3
189,1,BIG5_SF_25,4
189,1,BIG5_SF_26,1
189,1,BIG5_SF_27,0
189,1,BIG5_SF_28,1
189,1,BIG5_SF_29,3
189,1,I_8_0,2
189,1,I_8_1,2
189,1,I_8_2,3
189,1,I_8_3,1
189,1,I_8_4,4
189,1,I_8_5,2
189,1,I_8_6,4
189,1,I_8_7,4
189,1,PID5_BF_0,2
189,1,PID5_BF_1,2
189,1,PID5_BF_2,1
189,1,PID5_BF_3,0
189,1,PID5_BF_4,0
189,1,PID5_BF_5,0
189,1,PID5_BF_6,2
189,1,PID5_BF_7,0
189,1,PID5_BF_8,0
189,1,PID5_BF_9,0
189,1,PID5_BF_10,0
189,1,PID5_BF_11,0
189,1,PID5_BF_12,0
189,1,PID5_BF_13,0
189,1,PID5_BF_14,2
189,1,PID5_BF_15,0
189,1,PID5_BF_16,0
189,1,PID5_BF_17,0
189,1,PID5_BF_18,1
189,1,PID5_BF_19,0
189,1,PID5_BF_20,2
189,1,PID5_BF_21,0
189,1,PID5_BF_22,1
189,1,PID5_BF_23,0
189,1,PID5_BF_24,1
189,1,rt,7.832183333333333
189,1,attention_2,0
189,1,idx,186
189,1,rwn,1
190,1,Sex_0,0
190,1,age,33
190,1,edu,16
190,1,income_0,7
190,1,motivation_1,100
190,1,diagnosis_2,1
190,1,meds_3,1
190,1,BIG5_SF_0,0
190,1,BIG5_SF_1,3
190,1,BIG5_SF_2,0
190,1,BIG5_SF_3,2
190,1,BIG5_SF_4,1
190,1,BIG5_SF_5,4
190,1,BIG5_SF_6,2
190,1,BIG5_SF_7,0
190,1,BIG5_SF_8,2
190,1,BIG5_SF_9,1
190,1,BIG5_SF_10,4
190,1,BIG5_SF_11,1
190,1,BIG5_SF_12,4
190,1,BIG5_SF_13,4
190,1,BIG5_SF_14,3
190,1,BIG5_SF_15,4
190,1,BIG5_SF_16,2
190,1,BIG5_SF_17,4
190,1,BIG5_SF_18,4
190,1,BIG5_SF_19,3
190,1,BIG5_SF_20,1
190,1,BIG5_SF_21,3
190,1,BIG5_SF_22,4
190,1,BIG5_SF_23,3
190,1,BIG5_SF_24,3
190,1,BIG5_SF_25,0
190,1,BIG5_SF_26,2
190,1,BIG5_SF_27,0
190,1,BIG5_SF_28,0
190,1,BIG5_SF_29,1
190,1,I_8_0,1
190,1,I_8_1,0
190,1,I_8_2,2
190,1,I_8_3,2
190,1,I_8_4,4
190,1,I_8_5,4
190,1,I_8_6,4
190,1,I_8_7,4
190,1,PID5_BF_0,0
190,1,PID5_BF_1,1
190,1,PID5_BF_2,0
190,1,PID5_BF_3,0
190,1,PID5_BF_4,0
190,1,PID5_BF_5,0
190,1,PID5_BF_6,1
190,1,PID5_BF_7,1
190,1,PID5_BF_8,0
190,1,PID5_BF_9,1
190,1,PID5_BF_10,0
190,1,PID5_BF_11,0
190,1,PID5_BF_12,0
190,1,PID5_BF_13,0
190,1,PID5_BF_14,0
190,1,PID5_BF_15,0
190,1,PID5_BF_16,2
190,1,PID5_BF_17,0
190,1,PID5_BF_18,2
190,1,PID5_BF_19,2
190,1,PID5_BF_20,2
190,1,PID5_BF_21,1
190,1,PID5_BF_22,0
190,1,PID5_BF_23,0
190,1,PID5_BF_24,2
190,1,rt,11.135716666666667
190,1,attention_2,0
190,1,idx,187
190,1,rwn,1
191,1,Sex_0,0
191,1,age,29
191,1,edu,14
191,1,income_0,2
191,1,motivation_1,100
191,1,diagnosis_2,1
191,1,meds_3,1
191,1,BIG5_SF_0,0
191,1,BIG5_SF_1,2
191,1,BIG5_SF_2,0
191,1,BIG5_SF_3,3
191,1,BIG5_SF_4,3
191,1,BIG5_SF_5,4
191,1,BIG5_SF_6,3
191,1,BIG5_SF_7,2
191,1,BIG5_SF_8,0
191,1,BIG5_SF_9,0
191,1,BIG5_SF_10,4
191,1,BIG5_SF_11,0
191,1,BIG5_SF_12,4
191,1,BIG5_SF_13,2
191,1,BIG5_SF_14,3
191,1,BIG5_SF_15,3
191,1,BIG5_SF_16,2
191,1,BIG5_SF_17,4
191,1,BIG5_SF_18,2
191,1,BIG5_SF_19,3
191,1,BIG5_SF_20,0
191,1,BIG5_SF_21,4
191,1,BIG5_SF_22,4
191,1,BIG5_SF_23,4
191,1,BIG5_SF_24,3
191,1,BIG5_SF_25,0
191,1,BIG5_SF_26,0
191,1,BIG5_SF_27,0
191,1,BIG5_SF_28,3
191,1,BIG5_SF_29,0
191,1,I_8_0,1
191,1,I_8_1,0
191,1,I_8_2,4
191,1,I_8_3,4
191,1,I_8_4,3
191,1,I_8_5,4
191,1,I_8_6,1
191,1,I_8_7,2
191,1,PID5_BF_0,0
191,1,PID5_BF_1,1
191,1,PID5_BF_2,0
191,1,PID5_BF_3,0
191,1,PID5_BF_4,0
191,1,PID5_BF_5,3
191,1,PID5_BF_6,0
191,1,PID5_BF_7,2
191,1,PID5_BF_8,2
191,1,PID5_BF_9,0
191,1,PID5_BF_10,1
191,1,PID5_BF_11,0
191,1,PID5_BF_12,0
191,1,PID5_BF_13,0
191,1,PID5_BF_14,2
191,1,PID5_BF_15,1
191,1,PID5_BF_16,1
191,1,PID5_BF_17,0
191,1,PID5_BF_18,0
191,1,PID5_BF_19,0
191,1,PID5_BF_20,0
191,1,PID5_BF_21,0
191,1,PID5_BF_22,2
191,1,PID5_BF_23,0
191,1,PID5_BF_24,1
191,1,rt,11.779766666666667
191,1,attention_2,0
191,1,idx,188
191,1,rwn,1
193,1,Sex_0,1
193,1,age,22
193,1,edu,16
193,1,income_0,1
193,1,motivation_1,100
193,1,diagnosis_2,1
193,1,meds_3,1
193,1,BIG5_SF_0,3
193,1,BIG5_SF_1,4
193,1,BIG5_SF_2,2
193,1,BIG5_SF_3,4
193,1,BIG5_SF_4,4
193,1,BIG5_SF_5,1
193,1,BIG5_SF_6,0
193,1,BIG5_SF_7,3
193,1,BIG5_SF_8,0
193,1,BIG5_SF_9,1
193,1,BIG5_SF_10,4
193,1,BIG5_SF_11,4
193,1,BIG5_SF_12,4
193,1,BIG5_SF_13,4
193,1,BIG5_SF_14,4
193,1,BIG5_SF_15,1
193,1,BIG5_SF_16,0
193,1,BIG5_SF_17,3
193,1,BIG5_SF_18,4
193,1,BIG5_SF_19,0
193,1,BIG5_SF_20,4
193,1,BIG5_SF_21,4
193,1,BIG5_SF_22,4
193,1,BIG5_SF_23,4
193,1,BIG5_SF_24,1
193,1,BIG5_SF_25,0
193,1,BIG5_SF_26,0
193,1,BIG5_SF_27,0
193,1,BIG5_SF_28,0
193,1,BIG5_SF_29,0
193,1,I_8_0,2
193,1,I_8_1,1
193,1,I_8_2,4
193,1,I_8_3,4
193,1,I_8_4,3
193,1,I_8_5,4
193,1,I_8_6,2
193,1,I_8_7,2
193,1,PID5_BF_0,0
193,1,PID5_BF_1,0
193,1,PID5_BF_2,1
193,1,PID5_BF_3,0
193,1,PID5_BF_4,0
193,1,PID5_BF_5,0
193,1,PID5_BF_6,0
193,1,PID5_BF_7,2
193,1,PID5_BF_8,2
193,1,PID5_BF_9,0
193,1,PID5_BF_10,0
193,1,PID5_BF_11,0
193,1,PID5_BF_12,2
193,1,PID5_BF_13,1
193,1,PID5_BF_14,0
193,1,PID5_BF_15,0
193,1,PID5_BF_16,0
193,1,PID5_BF_17,0
193,1,PID5_BF_18,0
193,1,PID5_BF_19,0
193,1,PID5_BF_20,1
193,1,PID5_BF_21,0
193,1,PID5_BF_22,2
193,1,PID5_BF_23,2
193,1,PID5_BF_24,0
193,1,rt,11.285766666666667
193,1,attention_2,0
193,1,idx,190
193,1,rwn,1
194,1,Sex_0,1
194,1,age,28
194,1,edu,16
194,1,income_0,1
194,1,motivation_1,100
194,1,diagnosis_2,1
194,1,meds_3,1
194,1,BIG5_SF_0,4
194,1,BIG5_SF_1,4
194,1,BIG5_SF_2,0
194,1,BIG5_SF_3,4
194,1,BIG5_SF_4,4
194,1,BIG5_SF_5,2
194,1,BIG5_SF_6,3
194,1,BIG5_SF_7,4
194,1,BIG5_SF_8,3
194,1,BIG5_SF_9,3
194,1,BIG5_SF_10,1
194,1,BIG5_SF_11,1
194,1,BIG5_SF_12,3
194,1,BIG5_SF_13,0
194,1,BIG5_SF_14,3
194,1,BIG5_SF_15,0
194,1,BIG5_SF_16,3
194,1,BIG5_SF_17,4
194,1,BIG5_SF_18,0
194,1,BIG5_SF_19,1
194,1,BIG5_SF_20,3
194,1,BIG5_SF_21,3
194,1,BIG5_SF_22,3
194,1,BIG5_SF_23,3
194,1,BIG5_SF_24,4
194,1,BIG5_SF_25,3
194,1,BIG5_SF_26,3
194,1,BIG5_SF_27,2
194,1,BIG5_SF_28,4
194,1,BIG5_SF_29,0
194,1,I_8_0,3
194,1,I_8_1,3
194,1,I_8_2,3
194,1,I_8_3,3
194,1,I_8_4,2
194,1,I_8_5,4
194,1,I_8_6,1
194,1,I_8_7,2
194,1,PID5_BF_0,0
194,1,PID5_BF_1,1
194,1,PID5_BF_2,2
194,1,PID5_BF_3,0
194,1,PID5_BF_4,0
194,1,PID5_BF_5,0
194,1,PID5_BF_6,2
194,1,PID5_BF_7,3
194,1,PID5_BF_8,3
194,1,PID5_BF_9,2
194,1,PID5_BF_10,2
194,1,PID5_BF_11,1
194,1,PID5_BF_12,0
194,1,PID5_BF_13,3
194,1,PID5_BF_14,3
194,1,PID5_BF_15,2
194,1,PID5_BF_16,1
194,1,PID5_BF_17,1
194,1,PID5_BF_18,2
194,1,PID5_BF_19,1
194,1,PID5_BF_20,3
194,1,PID5_BF_21,0
194,1,PID5_BF_22,2
194,1,PID5_BF_23,1
194,1,PID5_BF_24,0
194,1,rt,4.469683333333333
194,1,attention_2,0
194,1,idx,191
194,1,rwn,1
195,1,Sex_0,0
195,1,age,24
195,1,edu,13
195,1,income_0,2
195,1,motivation_1,90
195,1,diagnosis_2,1
195,1,meds_3,1
195,1,BIG5_SF_0,3
195,1,BIG5_SF_1,4
195,1,BIG5_SF_2,1
195,1,BIG5_SF_3,1
195,1,BIG5_SF_4,1
195,1,BIG5_SF_5,2
195,1,BIG5_SF_6,0
195,1,BIG5_SF_7,1
195,1,BIG5_SF_8,1
195,1,BIG5_SF_9,3
195,1,BIG5_SF_10,3
195,1,BIG5_SF_11,3
195,1,BIG5_SF_12,3
195,1,BIG5_SF_13,3
195,1,BIG5_SF_14,2
195,1,BIG5_SF_15,2
195,1,BIG5_SF_16,1
195,1,BIG5_SF_17,3
195,1,BIG5_SF_18,3
195,1,BIG5_SF_19,3
195,1,BIG5_SF_20,2
195,1,BIG5_SF_21,3
195,1,BIG5_SF_22,4
195,1,BIG5_SF_23,3
195,1,BIG5_SF_24,2
195,1,BIG5_SF_25,1
195,1,BIG5_SF_26,1
195,1,BIG5_SF_27,1
195,1,BIG5_SF_28,0
195,1,BIG5_SF_29,2
195,1,I_8_0,1
195,1,I_8_1,1
195,1,I_8_2,3
195,1,I_8_3,3
195,1,I_8_4,2
195,1,I_8_5,3
195,1,I_8_6,2
195,1,I_8_7,2
195,1,PID5_BF_0,2
195,1,PID5_BF_1,1
195,1,PID5_BF_2,0
195,1,PID5_BF_3,1
195,1,PID5_BF_4,1
195,1,PID5_BF_5,2
195,1,PID5_BF_6,1
195,1,PID5_BF_7,0
195,1,PID5_BF_8,0
195,1,PID5_BF_9,0
195,1,PID5_BF_10,1
195,1,PID5_BF_11,0
195,1,PID5_BF_12,1
195,1,PID5_BF_13,0
195,1,PID5_BF_14,0
195,1,PID5_BF_15,1
195,1,PID5_BF_16,0
195,1,PID5_BF_17,0
195,1,PID5_BF_18,1
195,1,PID5_BF_19,1
195,1,PID5_BF_20,1
195,1,PID5_BF_21,1
195,1,PID5_BF_22,1
195,1,PID5_BF_23,0
195,1,PID5_BF_24,0
195,1,rt,7.3837
195,1,attention_2,0
195,1,idx,192
195,1,rwn,1
196,1,Sex_0,1
196,1,age,48
196,1,edu,18
196,1,income_0,3
196,1,motivation_1,98
196,1,diagnosis_2,1
196,1,meds_3,1
196,1,BIG5_SF_0,2
196,1,BIG5_SF_1,4
196,1,BIG5_SF_2,3
196,1,BIG5_SF_3,1
196,1,BIG5_SF_4,3
196,1,BIG5_SF_5,1
196,1,BIG5_SF_6,1
196,1,BIG5_SF_7,1
196,1,BIG5_SF_8,1
196,1,BIG5_SF_9,1
196,1,BIG5_SF_10,3
196,1,BIG5_SF_11,2
196,1,BIG5_SF_12,3
196,1,BIG5_SF_13,3
196,1,BIG5_SF_14,3
196,1,BIG5_SF_15,3
196,1,BIG5_SF_16,1
196,1,BIG5_SF_17,2
196,1,BIG5_SF_18,2
196,1,BIG5_SF_19,1
196,1,BIG5_SF_20,2
196,1,BIG5_SF_21,3
196,1,BIG5_SF_22,4
196,1,BIG5_SF_23,4
196,1,BIG5_SF_24,2
196,1,BIG5_SF_25,1
196,1,BIG5_SF_26,2
196,1,BIG5_SF_27,2
196,1,BIG5_SF_28,2
196,1,BIG5_SF_29,1
196,1,I_8_0,2
196,1,I_8_1,2
196,1,I_8_2,2
196,1,I_8_3,3
196,1,I_8_4,3
196,1,I_8_5,2
196,1,I_8_6,2
196,1,I_8_7,1
196,1,PID5_BF_0,2
196,1,PID5_BF_1,1
196,1,PID5_BF_2,1
196,1,PID5_BF_3,0
196,1,PID5_BF_4,0
196,1,PID5_BF_5,0
196,1,PID5_BF_6,2
196,1,PID5_BF_7,0
196,1,PID5_BF_8,0
196,1,PID5_BF_9,1
196,1,PID5_BF_10,0
196,1,PID5_BF_11,0
196,1,PID5_BF_12,0
196,1,PID5_BF_13,0
196,1,PID5_BF_14,0
196,1,PID5_BF_15,2
196,1,PID5_BF_16,0
196,1,PID5_BF_17,0
196,1,PID5_BF_18,1
196,1,PID5_BF_19,2
196,1,PID5_BF_20,2
196,1,PID5_BF_21,0
196,1,PID5_BF_22,0
196,1,PID5_BF_23,0
196,1,PID5_BF_24,1
196,1,rt,36.85446666666667
196,1,attention_2,0
196,1,idx,193
196,1,rwn,1
197,1,Sex_0,0
197,1,age,68
197,1,edu,24
197,1,income_0,9
197,1,motivation_1,83
197,1,diagnosis_2,1
197,1,meds_3,1
197,1,BIG5_SF_0,4
197,1,BIG5_SF_1,3
197,1,BIG5_SF_2,3
197,1,BIG5_SF_3,1
197,1,BIG5_SF_4,4
197,1,BIG5_SF_5,3
197,1,BIG5_SF_6,2
197,1,BIG5_SF_7,1
197,1,BIG5_SF_8,0
197,1,BIG5_SF_9,2
197,1,BIG5_SF_10,4
197,1,BIG5_SF_11,3
197,1,BIG5_SF_12,3
197,1,BIG5_SF_13,3
197,1,BIG5_SF_14,4
197,1,BIG5_SF_15,3
197,1,BIG5_SF_16,3
197,1,BIG5_SF_17,3
197,1,BIG5_SF_18,3
197,1,BIG5_SF_19,2
197,1,BIG5_SF_20,3
197,1,BIG5_SF_21,4
197,1,BIG5_SF_22,3
197,1,BIG5_SF_23,3
197,1,BIG5_SF_24,3
197,1,BIG5_SF_25,1
197,1,BIG5_SF_26,1
197,1,BIG5_SF_27,1
197,1,BIG5_SF_28,1
197,1,BIG5_SF_29,2
197,1,I_8_0,1
197,1,I_8_1,3
197,1,I_8_2,3
197,1,I_8_3,3
197,1,I_8_4,2
197,1,I_8_5,3
197,1,I_8_6,4
197,1,I_8_7,3
197,1,PID5_BF_0,0
197,1,PID5_BF_1,0
197,1,PID5_BF_2,1
197,1,PID5_BF_3,0
197,1,PID5_BF_4,0
197,1,PID5_BF_5,0
197,1,PID5_BF_6,1
197,1,PID5_BF_7,1
197,1,PID5_BF_8,1
197,1,PID5_BF_9,0
197,1,PID5_BF_10,1
197,1,PID5_BF_11,0
197,1,PID5_BF_12,1
197,1,PID5_BF_13,1
197,1,PID5_BF_14,0
197,1,PID5_BF_15,3
197,1,PID5_BF_16,1
197,1,PID5_BF_17,1
197,1,PID5_BF_18,0
197,1,PID5_BF_19,2
197,1,PID5_BF_20,2
197,1,PID5_BF_21,0
197,1,PID5_BF_22,0
197,1,PID5_BF_23,2
197,1,PID5_BF_24,1
197,1,rt,4.210833333333333
197,1,attention_2,0
197,1,idx,194
197,1,rwn,1
198,1,Sex_0,1
198,1,age,36
198,1,edu,18
198,1,income_0,0
198,1,motivation_1,100
198,1,diagnosis_2,1
198,1,meds_3,1
198,1,BIG5_SF_0,3
198,1,BIG5_SF_1,4
198,1,BIG5_SF_2,0
198,1,BIG5_SF_3,4
198,1,BIG5_SF_4,4
198,1,BIG5_SF_5,4
198,1,BIG5_SF_6,1
198,1,BIG5_SF_7,0
198,1,BIG5_SF_8,0
198,1,BIG5_SF_9,1
198,1,BIG5_SF_10,4
198,1,BIG5_SF_11,3
198,1,BIG5_SF_12,4
198,1,BIG5_SF_13,4
198,1,BIG5_SF_14,4
198,1,BIG5_SF_15,3
198,1,BIG5_SF_16,1
198,1,BIG5_SF_17,4
198,1,BIG5_SF_18,4
198,1,BIG5_SF_19,1
198,1,BIG5_SF_20,0
198,1,BIG5_SF_21,4
198,1,BIG5_SF_22,4
198,1,BIG5_SF_23,4
198,1,BIG5_SF_24,4
198,1,BIG5_SF_25,0
198,1,BIG5_SF_26,1
198,1,BIG5_SF_27,0
198,1,BIG5_SF_28,0
198,1,BIG5_SF_29,0
198,1,I_8_0,2
198,1,I_8_1,1
198,1,I_8_2,4
198,1,I_8_3,4
198,1,I_8_4,4
198,1,I_8_5,3
198,1,I_8_6,3
198,1,I_8_7,3
198,1,PID5_BF_0,1
198,1,PID5_BF_1,0
198,1,PID5_BF_2,0
198,1,PID5_BF_3,2
198,1,PID5_BF_4,1
198,1,PID5_BF_5,0
198,1,PID5_BF_6,3
198,1,PID5_BF_7,3
198,1,PID5_BF_8,0
198,1,PID5_BF_9,0
198,1,PID5_BF_10,1
198,1,PID5_BF_11,2
198,1,PID5_BF_12,2
198,1,PID5_BF_13,1
198,1,PID5_BF_14,0
198,1,PID5_BF_15,1
198,1,PID5_BF_16,0
198,1,PID5_BF_17,0
198,1,PID5_BF_18,1
198,1,PID5_BF_19,1
198,1,PID5_BF_20,3
198,1,PID5_BF_21,0
198,1,PID5_BF_22,2
198,1,PID5_BF_23,2
198,1,PID5_BF_24,0
198,1,rt,17.2407
198,1,attention_2,0
198,1,idx,195
198,1,rwn,1
199,1,Sex_0,1
199,1,age,51
199,1,edu,9
199,1,income_0,5
199,1,motivation_1,100
199,1,diagnosis_2,1
199,1,meds_3,1
199,1,BIG5_SF_0,4
199,1,BIG5_SF_1,4
199,1,BIG5_SF_2,1
199,1,BIG5_SF_3,1
199,1,BIG5_SF_4,4
199,1,BIG5_SF_5,1
199,1,BIG5_SF_6,0
199,1,BIG5_SF_7,0
199,1,BIG5_SF_8,1
199,1,BIG5_SF_9,0
199,1,BIG5_SF_10,3
199,1,BIG5_SF_11,3
199,1,BIG5_SF_12,4
199,1,BIG5_SF_13,4
199,1,BIG5_SF_14,3
199,1,BIG5_SF_15,1
199,1,BIG5_SF_16,0
199,1,BIG5_SF_17,1
199,1,BIG5_SF_18,3
199,1,BIG5_SF_19,0
199,1,BIG5_SF_20,0
199,1,BIG5_SF_21,4
199,1,BIG5_SF_22,4
199,1,BIG5_SF_23,3
199,1,BIG5_SF_24,4
199,1,BIG5_SF_25,0
199,1,BIG5_SF_26,1
199,1,BIG5_SF_27,0
199,1,BIG5_SF_28,0
199,1,BIG5_SF_29,0
199,1,I_8_0,1
199,1,I_8_1,1
199,1,I_8_2,3
199,1,I_8_3,3
199,1,I_8_4,3
199,1,I_8_5,4
199,1,I_8_6,3
199,1,I_8_7,3
199,1,PID5_BF_0,0
199,1,PID5_BF_1,0
199,1,PID5_BF_2,0
199,1,PID5_BF_3,0
199,1,PID5_BF_4,0
199,1,PID5_BF_5,0
199,1,PID5_BF_6,0
199,1,PID5_BF_7,0
199,1,PID5_BF_8,0
199,1,PID5_BF_9,0
199,1,PID5_BF_10,0
199,1,PID5_BF_11,0
199,1,PID5_BF_12,0
199,1,PID5_BF_13,0
199,1,PID5_BF_14,0
199,1,PID5_BF_15,1
199,1,PID5_BF_16,0
199,1,PID5_BF_17,0
199,1,PID5_BF_18,0
199,1,PID5_BF_19,0
199,1,PID5_BF_20,0
199,1,PID5_BF_21,0
199,1,PID5_BF_22,0
199,1,PID5_BF_23,0
199,1,PID5_BF_24,0
199,1,rt,6.3845
199,1,attention_2,0
199,1,idx,196
199,1,rwn,1
200,1,Sex_0,0
200,1,age,21
200,1,edu,13
200,1,income_0,0
200,1,motivation_1,100
200,1,diagnosis_2,1
200,1,meds_3,1
200,1,BIG5_SF_0,3
200,1,BIG5_SF_1,4
200,1,BIG5_SF_2,0
200,1,BIG5_SF_3,3
200,1,BIG5_SF_4,0
200,1,BIG5_SF_5,4
200,1,BIG5_SF_6,0
200,1,BIG5_SF_7,0
200,1,BIG5_SF_8,0
200,1,BIG5_SF_9,3
200,1,BIG5_SF_10,4
200,1,BIG5_SF_11,4
200,1,BIG5_SF_12,4
200,1,BIG5_SF_13,4
200,1,BIG5_SF_14,4
200,1,BIG5_SF_15,4
200,1,BIG5_SF_16,0
200,1,BIG5_SF_17,4
200,1,BIG5_SF_18,4
200,1,BIG5_SF_19,4
200,1,BIG5_SF_20,3
200,1,BIG5_SF_21,4
200,1,BIG5_SF_22,4
200,1,BIG5_SF_23,4
200,1,BIG5_SF_24,3
200,1,BIG5_SF_25,0
200,1,BIG5_SF_26,0
200,1,BIG5_SF_27,0
200,1,BIG5_SF_28,0
200,1,BIG5_SF_29,3
200,1,I_8_0,0
200,1,I_8_1,0
200,1,I_8_2,4
200,1,I_8_3,4
200,1,I_8_4,4
200,1,I_8_5,4
200,1,I_8_6,4
200,1,I_8_7,4
200,1,PID5_BF_0,0
200,1,PID5_BF_1,0
200,1,PID5_BF_2,0
200,1,PID5_BF_3,0
200,1,PID5_BF_4,0
200,1,PID5_BF_5,0
200,1,PID5_BF_6,0
200,1,PID5_BF_7,3
200,1,PID5_BF_8,2
200,1,PID5_BF_9,1
200,1,PID5_BF_10,1
200,1,PID5_BF_11,0
200,1,PID5_BF_12,1
200,1,PID5_BF_13,0
200,1,PID5_BF_14,0
200,1,PID5_BF_15,0
200,1,PID5_BF_16,0
200,1,PID5_BF_17,0
200,1,PID5_BF_18,2
200,1,PID5_BF_19,0
200,1,PID5_BF_20,2
200,1,PID5_BF_21,0
200,1,PID5_BF_22,0
200,1,PID5_BF_23,0
200,1,PID5_BF_24,0
200,1,rt,9.5987
200,1,attention_2,0
200,1,idx,197
200,1,rwn,1
201,1,Sex_0,1
201,1,age,31
201,1,edu,17
201,1,income_0,5
201,1,motivation_1,95
201,1,diagnosis_2,1
201,1,meds_3,1
201,1,BIG5_SF_0,0
201,1,BIG5_SF_1,4
201,1,BIG5_SF_2,0
201,1,BIG5_SF_3,0
201,1,BIG5_SF_4,4
201,1,BIG5_SF_5,3
201,1,BIG5_SF_6,0
201,1,BIG5_SF_7,0
201,1,BIG5_SF_8,1
201,1,BIG5_SF_9,2
201,1,BIG5_SF_10,4
201,1,BIG5_SF_11,3
201,1,BIG5_SF_12,4
201,1,BIG5_SF_13,4
201,1,BIG5_SF_14,3
201,1,BIG5_SF_15,2
201,1,BIG5_SF_16,0
201,1,BIG5_SF_17,4
201,1,BIG5_SF_18,4
201,1,BIG5_SF_19,1
201,1,BIG5_SF_20,0
201,1,BIG5_SF_21,4
201,1,BIG5_SF_22,3
201,1,BIG5_SF_23,3
201,1,BIG5_SF_24,4
201,1,BIG5_SF_25,0
201,1,BIG5_SF_26,0
201,1,BIG5_SF_27,0
201,1,BIG5_SF_28,2
201,1,BIG5_SF_29,0
201,1,I_8_0,1
201,1,I_8_1,0
201,1,I_8_2,4
201,1,I_8_3,4
201,1,I_8_4,4
201,1,I_8_5,4
201,1,I_8_6,4
201,1,I_8_7,2
201,1,PID5_BF_0,1
201,1,PID5_BF_1,2
201,1,PID5_BF_2,2
201,1,PID5_BF_3,0
201,1,PID5_BF_4,0
201,1,PID5_BF_5,0
201,1,PID5_BF_6,0
201,1,PID5_BF_7,3
201,1,PID5_BF_8,2
201,1,PID5_BF_9,3
201,1,PID5_BF_10,0
201,1,PID5_BF_11,1
201,1,PID5_BF_12,0
201,1,PID5_BF_13,0
201,1,PID5_BF_14,1
201,1,PID5_BF_15,0
201,1,PID5_BF_16,0
201,1,PID5_BF_17,1
201,1,PID5_BF_18,2
201,1,PID5_BF_19,1
201,1,PID5_BF_20,0
201,1,PID5_BF_21,0
201,1,PID5_BF_22,1
201,1,PID5_BF_23,0
201,1,PID5_BF_24,0
201,1,rt,23.89195
201,1,attention_2,0
201,1,idx,198
201,1,rwn,1
202,1,Sex_0,0
202,1,age,36
202,1,edu,19
202,1,income_0,6
202,1,motivation_1,100
202,1,diagnosis_2,1
202,1,meds_3,1
202,1,BIG5_SF_0,2
202,1,BIG5_SF_1,4
202,1,BIG5_SF_2,1
202,1,BIG5_SF_3,0
202,1,BIG5_SF_4,4
202,1,BIG5_SF_5,4
202,1,BIG5_SF_6,0
202,1,BIG5_SF_7,0
202,1,BIG5_SF_8,1
202,1,BIG5_SF_9,2
202,1,BIG5_SF_10,4
202,1,BIG5_SF_11,4
202,1,BIG5_SF_12,4
202,1,BIG5_SF_13,3
202,1,BIG5_SF_14,4
202,1,BIG5_SF_15,3
202,1,BIG5_SF_16,3
202,1,BIG5_SF_17,4
202,1,BIG5_SF_18,3
202,1,BIG5_SF_19,2
202,1,BIG5_SF_20,4
202,1,BIG5_SF_21,4
202,1,BIG5_SF_22,4
202,1,BIG5_SF_23,3
202,1,BIG5_SF_24,3
202,1,BIG5_SF_25,2
202,1,BIG5_SF_26,3
202,1,BIG5_SF_27,0
202,1,BIG5_SF_28,2
202,1,BIG5_SF_29,1
202,1,I_8_0,0
202,1,I_8_1,2
202,1,I_8_2,4
202,1,I_8_3,4
202,1,I_8_4,4
202,1,I_8_5,4
202,1,I_8_6,3
202,1,I_8_7,4
202,1,PID5_BF_0,1
202,1,PID5_BF_1,2
202,1,PID5_BF_2,3
202,1,PID5_BF_3,1
202,1,PID5_BF_4,0
202,1,PID5_BF_5,0
202,1,PID5_BF_6,0
202,1,PID5_BF_7,0
202,1,PID5_BF_8,1
202,1,PID5_BF_9,1
202,1,PID5_BF_10,0
202,1,PID5_BF_11,0
202,1,PID5_BF_12,2
202,1,PID5_BF_13,0
202,1,PID5_BF_14,1
202,1,PID5_BF_15,0
202,1,PID5_BF_16,1
202,1,PID5_BF_17,0
202,1,PID5_BF_18,3
202,1,PID5_BF_19,1
202,1,PID5_BF_20,1
202,1,PID5_BF_21,0
202,1,PID5_BF_22,1
202,1,PID5_BF_23,1
202,1,PID5_BF_24,0
202,1,rt,11.02005
202,1,attention_2,0
202,1,idx,199
202,1,rwn,1
203,1,Sex_0,1
203,1,age,38
203,1,edu,18
203,1,income_0,9
203,1,motivation_1,83
203,1,diagnosis_2,1
203,1,meds_3,1
203,1,BIG5_SF_0,3
203,1,BIG5_SF_1,4
203,1,BIG5_SF_2,0
203,1,BIG5_SF_3,2
203,1,BIG5_SF_4,3
203,1,BIG5_SF_5,3
203,1,BIG5_SF_6,0
203,1,BIG5_SF_7,1
203,1,BIG5_SF_8,1
203,1,BIG5_SF_9,2
203,1,BIG5_SF_10,4
203,1,BIG5_SF_11,4
203,1,BIG5_SF_12,3
203,1,BIG5_SF_13,4
203,1,BIG5_SF_14,4
203,1,BIG5_SF_15,3
203,1,BIG5_SF_16,1
203,1,BIG5_SF_17,4
203,1,BIG5_SF_18,4
203,1,BIG5_SF_19,1
203,1,BIG5_SF_20,2
203,1,BIG5_SF_21,3
203,1,BIG5_SF_22,4
203,1,BIG5_SF_23,4
203,1,BIG5_SF_24,4
203,1,BIG5_SF_25,0
203,1,BIG5_SF_26,0
203,1,BIG5_SF_27,0
203,1,BIG5_SF_28,0
203,1,BIG5_SF_29,1
203,1,I_8_0,1
203,1,I_8_1,1
203,1,I_8_2,4
203,1,I_8_3,3
203,1,I_8_4,4
203,1,I_8_5,3
203,1,I_8_6,3
203,1,I_8_7,3
203,1,PID5_BF_0,0
203,1,PID5_BF_1,1
203,1,PID5_BF_2,1
203,1,PID5_BF_3,1
203,1,PID5_BF_4,0
203,1,PID5_BF_5,1
203,1,PID5_BF_6,2
203,1,PID5_BF_7,1
203,1,PID5_BF_8,0
203,1,PID5_BF_9,1
203,1,PID5_BF_10,1
203,1,PID5_BF_11,0
203,1,PID5_BF_12,2
203,1,PID5_BF_13,1
203,1,PID5_BF_14,0
203,1,PID5_BF_15,0
203,1,PID5_BF_16,0
203,1,PID5_BF_17,0
203,1,PID5_BF_18,1
203,1,PID5_BF_19,0
203,1,PID5_BF_20,1
203,1,PID5_BF_21,0
203,1,PID5_BF_22,2
203,1,PID5_BF_23,1
203,1,PID5_BF_24,1
203,1,rt,6.88725
203,1,attention_2,0
203,1,idx,200
203,1,rwn,1
204,1,Sex_0,1
204,1,age,21
204,1,edu,16
204,1,income_0,0
204,1,motivation_1,83
204,1,diagnosis_2,0
204,1,meds_3,0
204,1,BIG5_SF_0,3
204,1,BIG5_SF_1,4
204,1,BIG5_SF_2,1
204,1,BIG5_SF_3,3
204,1,BIG5_SF_4,4
204,1,BIG5_SF_5,1
204,1,BIG5_SF_6,1
204,1,BIG5_SF_7,3
204,1,BIG5_SF_8,3
204,1,BIG5_SF_9,1
204,1,BIG5_SF_10,3
204,1,BIG5_SF_11,4
204,1,BIG5_SF_12,3
204,1,BIG5_SF_13,1
204,1,BIG5_SF_14,1
204,1,BIG5_SF_15,3
204,1,BIG5_SF_16,0
204,1,BIG5_SF_17,3
204,1,BIG5_SF_18,1
204,1,BIG5_SF_19,1
204,1,BIG5_SF_20,3
204,1,BIG5_SF_21,4
204,1,BIG5_SF_22,2
204,1,BIG5_SF_23,3
204,1,BIG5_SF_24,3
204,1,BIG5_SF_25,3
204,1,BIG5_SF_26,1
204,1,BIG5_SF_27,1
204,1,BIG5_SF_28,2
204,1,BIG5_SF_29,0
204,1,I_8_0,2
204,1,I_8_1,2
204,1,I_8_2,2
204,1,I_8_3,2
204,1,I_8_4,3
204,1,I_8_5,3
204,1,I_8_6,2
204,1,I_8_7,2
204,1,PID5_BF_0,1
204,1,PID5_BF_1,2
204,1,PID5_BF_2,2
204,1,PID5_BF_3,1
204,1,PID5_BF_4,0
204,1,PID5_BF_5,0
204,1,PID5_BF_6,0
204,1,PID5_BF_7,2
204,1,PID5_BF_8,2
204,1,PID5_BF_9,2
204,1,PID5_BF_10,1
204,1,PID5_BF_11,0
204,1,PID5_BF_12,0
204,1,PID5_BF_13,0
204,1,PID5_BF_14,0
204,1,PID5_BF_15,0
204,1,PID5_BF_16,0
204,1,PID5_BF_17,1
204,1,PID5_BF_18,2
204,1,PID5_BF_19,0
204,1,PID5_BF_20,1
204,1,PID5_BF_21,0
204,1,PID5_BF_22,0
204,1,PID5_BF_23,0
204,1,PID5_BF_24,0
204,1,rt,7.565183333333334
204,1,attention_2,0
204,1,idx,201
204,1,rwn,1
205,1,Sex_0,0
205,1,age,19
205,1,edu,15
205,1,income_0,0
205,1,motivation_1,73
205,1,diagnosis_2,1
205,1,meds_3,1
205,1,BIG5_SF_0,3
205,1,BIG5_SF_1,4
205,1,BIG5_SF_2,1
205,1,BIG5_SF_3,3
205,1,BIG5_SF_4,3
205,1,BIG5_SF_5,3
205,1,BIG5_SF_6,0
205,1,BIG5_SF_7,4
205,1,BIG5_SF_8,3
205,1,BIG5_SF_9,0
205,1,BIG5_SF_10,3
205,1,BIG5_SF_11,1
205,1,BIG5_SF_12,4
205,1,BIG5_SF_13,3
205,1,BIG5_SF_14,3
205,1,BIG5_SF_15,4
205,1,BIG5_SF_16,3
205,1,BIG5_SF_17,3
205,1,BIG5_SF_18,3
205,1,BIG5_SF_19,1
205,1,BIG5_SF_20,2
205,1,BIG5_SF_21,4
205,1,BIG5_SF_22,4
205,1,BIG5_SF_23,2
205,1,BIG5_SF_24,4
205,1,BIG5_SF_25,0
205,1,BIG5_SF_26,3
205,1,BIG5_SF_27,2
205,1,BIG5_SF_28,3
205,1,BIG5_SF_29,0
205,1,I_8_0,3
205,1,I_8_1,3
205,1,I_8_2,2
205,1,I_8_3,2
205,1,I_8_4,3
205,1,I_8_5,3
205,1,I_8_6,3
205,1,I_8_7,3
205,1,PID5_BF_0,1
205,1,PID5_BF_1,2
205,1,PID5_BF_2,2
205,1,PID5_BF_3,2
205,1,PID5_BF_4,0
205,1,PID5_BF_5,2
205,1,PID5_BF_6,3
205,1,PID5_BF_7,3
205,1,PID5_BF_8,3
205,1,PID5_BF_9,3
205,1,PID5_BF_10,3
205,1,PID5_BF_11,3
205,1,PID5_BF_12,1
205,1,PID5_BF_13,0
205,1,PID5_BF_14,3
205,1,PID5_BF_15,2
205,1,PID5_BF_16,0
205,1,PID5_BF_17,0
205,1,PID5_BF_18,2
205,1,PID5_BF_19,1
205,1,PID5_BF_20,3
205,1,PID5_BF_21,0
205,1,PID5_BF_22,2
205,1,PID5_BF_23,1
205,1,PID5_BF_24,0
205,1,rt,4.751416666666667
205,1,attention_2,0
205,1,idx,202
205,1,rwn,1
206,1,Sex_0,0
206,1,age,20
206,1,edu,13
206,1,income_0,0
206,1,motivation_1,93
206,1,diagnosis_2,1
206,1,meds_3,1
206,1,BIG5_SF_0,3
206,1,BIG5_SF_1,3
206,1,BIG5_SF_2,2
206,1,BIG5_SF_3,3
206,1,BIG5_SF_4,1
206,1,BIG5_SF_5,1
206,1,BIG5_SF_6,1
206,1,BIG5_SF_7,1
206,1,BIG5_SF_8,2
206,1,BIG5_SF_9,2
206,1,BIG5_SF_10,3
206,1,BIG5_SF_11,3
206,1,BIG5_SF_12,3
206,1,BIG5_SF_13,2
206,1,BIG5_SF_14,2
206,1,BIG5_SF_15,3
206,1,BIG5_SF_16,1
206,1,BIG5_SF_17,2
206,1,BIG5_SF_18,2
206,1,BIG5_SF_19,3
206,1,BIG5_SF_20,3
206,1,BIG5_SF_21,3
206,1,BIG5_SF_22,3
206,1,BIG5_SF_23,3
206,1,BIG5_SF_24,3
206,1,BIG5_SF_25,1
206,1,BIG5_SF_26,2
206,1,BIG5_SF_27,1
206,1,BIG5_SF_28,2
206,1,BIG5_SF_29,1
206,1,I_8_0,2
206,1,I_8_1,1
206,1,I_8_2,2
206,1,I_8_3,2
206,1,I_8_4,3
206,1,I_8_5,2
206,1,I_8_6,3
206,1,I_8_7,2
206,1,PID5_BF_0,1
206,1,PID5_BF_1,1
206,1,PID5_BF_2,1
206,1,PID5_BF_3,1
206,1,PID5_BF_4,1
206,1,PID5_BF_5,2
206,1,PID5_BF_6,1
206,1,PID5_BF_7,1
206,1,PID5_BF_8,1
206,1,PID5_BF_9,2
206,1,PID5_BF_10,1
206,1,PID5_BF_11,0
206,1,PID5_BF_12,1
206,1,PID5_BF_13,0
206,1,PID5_BF_14,1
206,1,PID5_BF_15,0
206,1,PID5_BF_16,1
206,1,PID5_BF_17,1
206,1,PID5_BF_18,2
206,1,PID5_BF_19,1
206,1,PID5_BF_20,1
206,1,PID5_BF_21,0
206,1,PID5_BF_22,1
206,1,PID5_BF_23,0
206,1,PID5_BF_24,0
206,1,rt,12.919983333333333
206,1,attention_2,0
206,1,idx,203
206,1,rwn,1
207,1,Sex_0,0
207,1,age,23
207,1,edu,17
207,1,income_0,3
207,1,motivation_1,100
207,1,diagnosis_2,1
207,1,meds_3,1
207,1,BIG5_SF_0,4
207,1,BIG5_SF_1,4
207,1,BIG5_SF_2,0
207,1,BIG5_SF_3,0
207,1,BIG5_SF_4,3
207,1,BIG5_SF_5,3
207,1,BIG5_SF_6,0
207,1,BIG5_SF_7,3
207,1,BIG5_SF_8,0
207,1,BIG5_SF_9,2
207,1,BIG5_SF_10,4
207,1,BIG5_SF_11,4
207,1,BIG5_SF_12,4
207,1,BIG5_SF_13,3
207,1,BIG5_SF_14,3
207,1,BIG5_SF_15,2
207,1,BIG5_SF_16,1
207,1,BIG5_SF_17,3
207,1,BIG5_SF_18,3
207,1,BIG5_SF_19,3
207,1,BIG5_SF_20,3
207,1,BIG5_SF_21,4
207,1,BIG5_SF_22,4
207,1,BIG5_SF_23,4
207,1,BIG5_SF_24,4
207,1,BIG5_SF_25,0
207,1,BIG5_SF_26,1
207,1,BIG5_SF_27,3
207,1,BIG5_SF_28,1
207,1,BIG5_SF_29,1
207,1,I_8_0,1
207,1,I_8_1,4
207,1,I_8_2,4
207,1,I_8_3,4
207,1,I_8_4,4
207,1,I_8_5,1
207,1,I_8_6,4
207,1,I_8_7,4
207,1,PID5_BF_0,1
207,1,PID5_BF_1,1
207,1,PID5_BF_2,2
207,1,PID5_BF_3,2
207,1,PID5_BF_4,0
207,1,PID5_BF_5,0
207,1,PID5_BF_6,2
207,1,PID5_BF_7,1
207,1,PID5_BF_8,1
207,1,PID5_BF_9,1
207,1,PID5_BF_10,3
207,1,PID5_BF_11,1
207,1,PID5_BF_12,2
207,1,PID5_BF_13,0
207,1,PID5_BF_14,0
207,1,PID5_BF_15,0
207,1,PID5_BF_16,0
207,1,PID5_BF_17,2
207,1,PID5_BF_18,2
207,1,PID5_BF_19,2
207,1,PID5_BF_20,1
207,1,PID5_BF_21,0
207,1,PID5_BF_22,1
207,1,PID5_BF_23,2
207,1,PID5_BF_24,1
207,1,rt,11.007283333333334
207,1,attention_2,0
207,1,idx,204
207,1,rwn,1
208,1,Sex_0,1
208,1,age,65
208,1,edu,12
208,1,income_0,8
208,1,motivation_1,98
208,1,diagnosis_2,1
208,1,meds_3,1
208,1,BIG5_SF_0,3
208,1,BIG5_SF_1,4
208,1,BIG5_SF_2,0
208,1,BIG5_SF_3,3
208,1,BIG5_SF_4,4
208,1,BIG5_SF_5,4
208,1,BIG5_SF_6,0
208,1,BIG5_SF_7,1
208,1,BIG5_SF_8,3
208,1,BIG5_SF_9,1
208,1,BIG5_SF_10,4
208,1,BIG5_SF_11,4
208,1,BIG5_SF_12,4
208,1,BIG5_SF_13,4
208,1,BIG5_SF_14,4
208,1,BIG5_SF_15,4
208,1,BIG5_SF_16,0
208,1,BIG5_SF_17,4
208,1,BIG5_SF_18,4
208,1,BIG5_SF_19,3
208,1,BIG5_SF_20,3
208,1,BIG5_SF_21,4
208,1,BIG5_SF_22,4
208,1,BIG5_SF_23,4
208,1,BIG5_SF_24,4
208,1,BIG5_SF_25,1
208,1,BIG5_SF_26,1
208,1,BIG5_SF_27,1
208,1,BIG5_SF_28,1
208,1,BIG5_SF_29,1
208,1,I_8_0,1
208,1,I_8_1,1
208,1,I_8_2,4
208,1,I_8_3,4
208,1,I_8_4,4
208,1,I_8_5,4
208,1,I_8_6,4
208,1,I_8_7,4
208,1,PID5_BF_0,0
208,1,PID5_BF_1,1
208,1,PID5_BF_2,3
208,1,PID5_BF_3,1
208,1,PID5_BF_4,0
208,1,PID5_BF_5,1
208,1,PID5_BF_6,2
208,1,PID5_BF_7,2
208,1,PID5_BF_8,2
208,1,PID5_BF_9,3
208,1,PID5_BF_10,2
208,1,PID5_BF_11,2
208,1,PID5_BF_12,3
208,1,PID5_BF_13,1
208,1,PID5_BF_14,1
208,1,PID5_BF_15,2
208,1,PID5_BF_16,0
208,1,PID5_BF_17,0
208,1,PID5_BF_18,1
208,1,PID5_BF_19,0
208,1,PID5_BF_20,2
208,1,PID5_BF_21,0
208,1,PID5_BF_22,1
208,1,PID5_BF_23,1
208,1,PID5_BF_24,0
208,1,rt,11.050883333333331
208,1,attention_2,0
208,1,idx,205
208,1,rwn,1
209,1,Sex_0,1
209,1,age,60
209,1,edu,16
209,1,income_0,4
209,1,motivation_1,100
209,1,diagnosis_2,1
209,1,meds_3,1
209,1,BIG5_SF_0,1
209,1,BIG5_SF_1,4
209,1,BIG5_SF_2,1
209,1,BIG5_SF_3,1
209,1,BIG5_SF_4,4
209,1,BIG5_SF_5,1
209,1,BIG5_SF_6,0
209,1,BIG5_SF_7,0
209,1,BIG5_SF_8,0
209,1,BIG5_SF_9,1
209,1,BIG5_SF_10,4
209,1,BIG5_SF_11,3
209,1,BIG5_SF_12,4
209,1,BIG5_SF_13,4
209,1,BIG5_SF_14,4
209,1,BIG5_SF_15,4
209,1,BIG5_SF_16,0
209,1,BIG5_SF_17,3
209,1,BIG5_SF_18,4
209,1,BIG5_SF_19,3
209,1,BIG5_SF_20,3
209,1,BIG5_SF_21,4
209,1,BIG5_SF_22,4
209,1,BIG5_SF_23,3
209,1,BIG5_SF_24,3
209,1,BIG5_SF_25,1
209,1,BIG5_SF_26,0
209,1,BIG5_SF_27,0
209,1,BIG5_SF_28,1
209,1,BIG5_SF_29,1
209,1,I_8_0,1
209,1,I_8_1,0
209,1,I_8_2,3
209,1,I_8_3,3
209,1,I_8_4,4
209,1,I_8_5,2
209,1,I_8_6,1
209,1,I_8_7,1
209,1,PID5_BF_0,0
209,1,PID5_BF_1,0
209,1,PID5_BF_2,0
209,1,PID5_BF_3,0
209,1,PID5_BF_4,0
209,1,PID5_BF_5,2
209,1,PID5_BF_6,0
209,1,PID5_BF_7,0
209,1,PID5_BF_8,0
209,1,PID5_BF_9,2
209,1,PID5_BF_10,0
209,1,PID5_BF_11,0
209,1,PID5_BF_12,0
209,1,PID5_BF_13,0
209,1,PID5_BF_14,0
209,1,PID5_BF_15,0
209,1,PID5_BF_16,0
209,1,PID5_BF_17,0
209,1,PID5_BF_18,0
209,1,PID5_BF_19,0
209,1,PID5_BF_20,0
209,1,PID5_BF_21,0
209,1,PID5_BF_22,0
209,1,PID5_BF_23,0
209,1,PID5_BF_24,0
209,1,rt,4.989283333333334
209,1,attention_2,0
209,1,idx,206
209,1,rwn,1
210,1,Sex_0,0
210,1,age,62
210,1,edu,15
210,1,income_0,4
210,1,motivation_1,79
210,1,diagnosis_2,0
210,1,meds_3,0
210,1,BIG5_SF_0,0
210,1,BIG5_SF_1,3
210,1,BIG5_SF_2,4
210,1,BIG5_SF_3,3
210,1,BIG5_SF_4,2
210,1,BIG5_SF_5,1
210,1,BIG5_SF_6,3
210,1,BIG5_SF_7,2
210,1,BIG5_SF_8,3
210,1,BIG5_SF_9,3
210,1,BIG5_SF_10,1
210,1,BIG5_SF_11,1
210,1,BIG5_SF_12,4
210,1,BIG5_SF_13,1
210,1,BIG5_SF_14,1
210,1,BIG5_SF_15,3
210,1,BIG5_SF_16,0
210,1,BIG5_SF_17,0
210,1,BIG5_SF_18,0
210,1,BIG5_SF_19,3
210,1,BIG5_SF_20,2
210,1,BIG5_SF_21,3
210,1,BIG5_SF_22,3
210,1,BIG5_SF_23,2
210,1,BIG5_SF_24,1
210,1,BIG5_SF_25,3
210,1,BIG5_SF_26,3
210,1,BIG5_SF_27,2
210,1,BIG5_SF_28,4
210,1,BIG5_SF_29,3
210,1,I_8_0,3
210,1,I_8_1,1
210,1,I_8_2,2
210,1,I_8_3,2
210,1,I_8_4,1
210,1,I_8_5,3
210,1,I_8_6,0
210,1,I_8_7,2
210,1,PID5_BF_0,0
210,1,PID5_BF_1,0
210,1,PID5_BF_2,1
210,1,PID5_BF_3,0
210,1,PID5_BF_4,1
210,1,PID5_BF_5,2
210,1,PID5_BF_6,1
210,1,PID5_BF_7,3
210,1,PID5_BF_8,2
210,1,PID5_BF_9,3
210,1,PID5_BF_10,0
210,1,PID5_BF_11,0
210,1,PID5_BF_12,0
210,1,PID5_BF_13,0
210,1,PID5_BF_14,2
210,1,PID5_BF_15,0
210,1,PID5_BF_16,1
210,1,PID5_BF_17,2
210,1,PID5_BF_18,2
210,1,PID5_BF_19,2
210,1,PID5_BF_20,1
210,1,PID5_BF_21,0
210,1,PID5_BF_22,0
210,1,PID5_BF_23,0
210,1,PID5_BF_24,0
210,1,rt,4.72125
210,1,attention_2,0
210,1,idx,207
210,1,rwn,1
